Publication Type,Authors,Book Authors,Group Authors,Book Group Authors,Researcher Ids,ORCIDs,Book Editors,Author - Arabic,Article Title,Article Title - SciELO,Article Title - SciELO,Article Title - Chinese,Article Title - Russian,Patent Number,Patent Assignee,Source Title - Arabic,Source Title,Source Title - Korean,Book Series Title,Book Series Subtitle,Volume,Issue,Special Issue,Meeting Abstract,Start Page,End Page,Article Number,Version,Version History,DOI,Book DOI,License Name,License URI,License Description,Early Access Date,Supplement,Document Type,Publication Date,Publication Year,Abstract,Abstract - Foreign,Abstract - English Transliteration ,Abstract - Foreign,Abstract - Korean,Conference Title,Conference Date,Conference Sponsor,Conference Location,"Times Cited, WoS Core","Times Cited, CSCD ","Times Cited, RSCI","Times Cited, ARCI","Times Cited, BCI","Times Cited, SCIELO","Times Cited, All Databases",180 Day Usage Count,Since 2013 Usage Count,ISSN,eISSN,ISBN,UT (Unique ID),Pubmed Id
J,"Rich, Lindsey N.; Miller, David A. W.; Munoz, David J.; Robinson, Hugh S.; McNutt, J. Weldon; Kelly, Marcella J.",,,,,,,,Sampling design and analytical advances allow for simultaneous density estimation of seven sympatric carnivore species from camera trap data,,,,,,,,BIOLOGICAL CONSERVATION,,,,233,,,,12,20,,,,10.1016/j.biocon.2019.02.018,,,,,,,Article,MAY 2019,2019,,,,,,,,,,29,0,0,0,25,0,29,,,,,,WOS:000467513500002,
J,"Searle, Charlotte E.; Bauer, Dominik T.; Kesch, M. Kristina; Hunt, Jane E.; Mandisodza-Chikerema, Roseline; Flyman, Michael, V; Macdonald, David W.; Dickman, Amy J.; Loveridge, Andrew J.",,,,,,,,Drivers of leopard (Panthera pardus) habitat use and relative abundance in Africa's largest transfrontier conservation area,,,,,,,,BIOLOGICAL CONSERVATION,,,,248,,,,,,108649,,,10.1016/j.biocon.2020.108649,,,,,,,Article,AUG 2020,2020,,,,,,,,,,7,0,0,0,7,0,7,,,,,,WOS:000556843900020,
J,"Schmidt, Benedikt R.; Arlettaz, Raphael; Schaub, Michael; Luscher, Beatrice; Kropfli, Madeleine",,,,,,,,Benefits and limits of comparative effectiveness studies in evidence-based conservation,,,,,,,,BIOLOGICAL CONSERVATION,,,,236,,,,115,123,,,,10.1016/j.biocon.2019.05.033,,,,,,,Article,AUG 2019,2019,,,,,,,,,,13,0,0,0,14,0,14,,,,,,WOS:000483908400014,
J,"Tavecchia, G.; Gimenez, O.; Choquet, R.; Rotger, A.; Oro, D.; Tenan, S.; Sanz-Aguilar, A.",,,,,,,,The trap of hidden processes: Why 'quick & dirty' methods to estimate mortality are not always good. A comment to De Pascalis et al. (2020),,,,,,,,BIOLOGICAL CONSERVATION,,,,256,,,,,,109057,,,10.1016/j.biocon.2021.109057,,,,,APR 2021,,Letter,APR 2021,2021,,,,,,,,,,0,0,0,0,0,0,0,,,,,,WOS:000640904800004,
J,"Franklin, Alan B.; Dugger, Katie M.; Lesmeister, Damon B.; Davis, Raymond J.; Wiens, J. David; White, Gary C.; Nichols, James D.; Hines, James E.; Yackulic, Charles B.; Schwarz, Carl J.; Ackers, Steven H.; Andrews, L. Steven; Bailey, Larissa L.; Bown, Robin; Burgher, Jesse; Burnham, Kenneth P.; Carlson, Peter C.; Chestnut, Tara; Conner, Mary M.; Herter, Krista E.; Forsman, Eric D.; Glenn, Elizabeth M.; Gremel, Scott A.; Hamm, Keith A.; Herter, Dale R.; Higley, J. Mark; Horn, Rob B.; Jenkins, Julianna M.; Kendall, William L.; Lamphear, David W.; McCafferty, Christopher; McDonald, Trent L.; Reid, Janice A.; Rockweit, Jeremy T.; Simon, David C.; Sovern, Stan G.; Swingle, James K.; Wise, Heather",,,,,,,,Range-wide declines of northern spotted owl populations in the Pacific Northwest: A meta-analysis,,,,,,,,BIOLOGICAL CONSERVATION,,,,259,,,,,,109168,,,10.1016/j.biocon.2021.109168,,,,,MAY 2021,,Review,JUL 2021,2021,,,,,,,,,,10,0,0,0,9,0,11,,,,,,WOS:000659223500004,
J,"DiRenzo, Graziella V.; Grant, Evan H. Campbell",,,,,,,,Overview of emerging amphibian pathogens and modeling advances for conservation-related decisions,,,,,,,,BIOLOGICAL CONSERVATION,,,,236,,,,474,483,,,,10.1016/j.biocon.2019.05.034,,,,,,,Article,AUG 2019,2019,,,,,,,,,,7,0,0,0,7,0,7,,,,,,WOS:000483908400052,
J,"Tobler, Mathias W.; Anleu, Rony Garcia; Carrillo-Percastegui, Samia E.; Santizo, Gabriela Ponce; Polisar, John; Hartley, Alfonso Zuniga; Goldstein, Isaac",,,,,,,,Do responsibly managed logging concessions adequately protect jaguars and other large and medium-sized mammals? Two case studies from Guatemala and Peru,,,,,,,,BIOLOGICAL CONSERVATION,,,,220,,,,245,253,,,,10.1016/j.biocon.2018.02.015,,,,,,,Article,APR 2018,2018,,,,,,,,,,23,0,0,0,20,1,24,,,,,,WOS:000429765000027,
J,"Wang, Tianming; Royle, J. Andrew; Smith, James L. D.; Zou, Liang; Lu, Xinyue; Li, Tong; Yang, Haitao; Li, Zhilin; Feng, Rongna; Bian, Yajing; Feng, Limin; Ge, Jianping",,,,,,,,Living on the edge: Opportunities for Amur tiger recovery in China,,,,,,,,BIOLOGICAL CONSERVATION,,,,217,,,,269,279,,,,10.1016/j.biocon.2017.11.008,,,,,,,Article,JAN 2018,2018,,,,,,,,,,41,10,0,0,47,0,54,,,,,,WOS:000423005200031,
J,"Laufenberg, Jared S.; Johnson, Heather E.; Doherty, Paul F., Jr.; Breck, Stewart W.",,,,,,,,Compounding effects of human development and a natural food shortage on a black bear population along a human development-wildland interface,,,,,,,,BIOLOGICAL CONSERVATION,,,,224,,,,188,198,,,,10.1016/j.biocon.2018.05.004,,,,,,,Article,AUG 2018,2018,,,,,,,,,,19,0,0,0,16,0,19,,,,,,WOS:000439537600021,
J,"Bertolero, Albert; Pretus, Joan Ll.; Oro, Daniel",,,,,,,,The importance of including survival release costs when assessing viability in reptile translocations,,,,,,,,BIOLOGICAL CONSERVATION,,,,217,,,,311,320,,,,10.1016/j.biocon.2017.11.023,,,,,,,Article,JAN 2018,2018,,,,,,,,,,16,0,0,0,16,0,16,,,,,,WOS:000423005200034,
J,"Lopez-Bao, J., V; Godinho, R.; Rocha, R. G.; Palomero, G.; Blanco, J. C.; Ballesteros, F.; Jimenez, J.",,,,,,,,Consistent bear population DNA-based estimates regardless molecular markers type,,,,,,,,BIOLOGICAL CONSERVATION,,,,248,,,,,,108651,,,10.1016/j.biocon.2020.108651,,,,,,,Article,AUG 2020,2020,,,,,,,,,,8,0,0,0,8,0,8,,,,,,WOS:000556843900022,
J,"McLellan, Michelle L.; McLellan, Bruce N.; Sollmann, Rahel; Lamb, Clayton T.; Apps, Clayton D.; Wittmer, Heiko U.",,,,,,,,"Divergent population trends following the cessation of legal grizzly bear hunting in southwestern British Columbia, Canada",,,,,,,,BIOLOGICAL CONSERVATION,,,,233,,,,247,254,,,,10.1016/j.biocon.2019.02.021,,,,,,,Article,MAY 2019,2019,,,,,,,,,,8,0,0,0,8,0,8,,,,,,WOS:000467513500026,
J,"Soofi, Mahmood; Qashqaei, Ali T.; Trei, Jan-Niklas; Shokri, Shirko; Selyari, Javad; Ghasemi, Benjamin; Sepahvand, Pooriya; Egli, Lukas; Nezami, Bagher; Zamani, Navid; Yusefi, Gholam Hosein; Kiabi, Bahram H.; Balkenhol, Niko; Royle, Andrew; Pavey, Chris R.; Redpath, Steve M.; Waltert, Matthias",,,,,,,,A novel application of hierarchical modelling to decouple sampling artifacts from socio-ecological effects on poaching intensity,,,,,,,,BIOLOGICAL CONSERVATION,,,,267,,,,,,109488,,,10.1016/j.biocon.2022.109488,,,,,FEB 2022,,Article,MAR 2022,2022,,,,,,,,,,1,0,0,0,1,0,1,,,,,,WOS:000788067900006,
J,"Dias, Douglas de Matos; Ferreguetti, Atilla Colombo; Guimaraes Rodrigues, Flavio Henrique",,,,,,,,Using an occupancy approach to identify poaching hotspots in protected areas in a seasonally dry tropical forest,,,,,,,,BIOLOGICAL CONSERVATION,,,,251,,,,,,108796,,,10.1016/j.biocon.2020.108796,,,,,,,Review,NOV 2020,2020,,,,,,,,,,7,0,0,0,4,0,7,,,,,,WOS:000587339000030,33041345
J,"Siegwalt, Flora; Benhamou, Simon; Girondot, Marc; Jeantet, Lorene; Martin, Jordan; Bonola, Marc; Lelong, Pierre; Grand, Clement; Chambault, Philippine; Benhalilou, Abdelwahab; Murgale, Celine; Maillet, Thomas; Andreani, Lucas; Campistron, Guilhem; Jacaria, Francois; Hielard, Gaelle; Arque, Alexandre; Etienne, Denis; Gresser, Julie; Regis, Sidney; Lecerf, Nicolas; Frouin, Cedric; Lefebvre, Fabien; Aubert, Nathalie; Vedie, Fabien; Barnerias, Cyrille; Thieulle, Laurent; Guimera, Christelle; Bouaziz, Myriam; Pinson, Adrien; Flora, Frederic; George, Francis; Eggenspieler, Joffrey; Woignier, Thierry; Allenou, Jean-Pierre; Louis-Jean, Laurent; Chanteur, Benedicte; Beranger, Christelle; Crillon, Jessica; Brador, Aude; Habold, Caroline; Le Maho, Yvon; Robin, Jean-Patrice; Chevallier, Damien",,,,,,,,High fidelity of sea turtles to their foraging grounds revealed by satellite tracking and capture-mark-recapture: New insights for the establishment of key marine conservation areas,,,,,,,,BIOLOGICAL CONSERVATION,,,,250,,,,,,108742,,,10.1016/j.biocon.2020.108742,,,,,,,Article,OCT 2020,2020,,,,,,,,,,14,0,0,0,12,0,14,,,,,,WOS:000582432900003,
J,"Soofi, Mahmood; Qashqaei, Ali T.; Trei, Jan-Niklas; Shokri, Shirko; Selyari, Javad; Ghasemi, Benjamin; Sepahvand, Pooriya; Egli, Lukas; Nezami, Bagher; Zamani, Navid; Yusefi, Gholam Hosein; Kiabi, Bahram H.; Balkenhol, Niko; Royle, Andrew; Pavey, Chris R.; Redpath, Steve M.; Waltert, Matthias",,,,,,,,A novel application of hierarchical modelling to decouple sampling artifacts from socio-ecological effects on poaching intensity.,,,,,,,,Biological Conservation,,,,267,,,,109488,109488,,,,,,,,,,,Article,Mar 2022,2022,,,,,,,,,,0,0,0,0,0,0,0,,,,,,ZOOREC:ZOOR15807027556,
J,"Srivathsa, Arjun; Rodrigues, Ryan G.; Toh, Kok Ben; Zachariah, Arun; Taylor, Ryan W.; Oli, Madan K.; Ramakrishnan, Uma",,,,,,,,The truth about scats and dogs: Next-generation sequencing and spatial capture-recapture models offer opportunities for conservation monitoring of an endangered social canid,,,,,,,,BIOLOGICAL CONSERVATION,,,,256,,,,,,109028,,,10.1016/j.biocon.2021.109028,,,,,FEB 2021,,Article,APR 2021,2021,,,,,,,,,,4,0,0,0,3,0,4,,,,,,WOS:000640904500007,
J,"Lahkar, Dipankar; Ahmed, M. Firoz; Begum, Ramie H.; Das, Sunit Kumar; Harihar, Abishek",,,,,,,,"Responses of a wild ungulate assemblage to anthropogenic influences in Manas National Park, India",,,,,,,,BIOLOGICAL CONSERVATION,,,,243,,,,,,108425,,,10.1016/j.biocon.2020.108425,,,,,,,Article,MAR 2020,2020,,,,,,,,,,7,0,0,0,6,0,8,,,,,,WOS:000526787100031,
J,"Peters, Natasha; Kendall, Corinne J.; Davies, Jacob G.; Bracebridge, Claire; Nicholas, Aaron; Mgumba, Msafiri P.; Beale, Colin M.",,,,,,,,Identifying priority locations to protect a wide-ranging endangered species,,,,,,,,BIOLOGICAL CONSERVATION,,,,277,,,,,,109828,,,10.1016/j.biocon.2022.109828,,,,,DEC 2022,,Article,JAN 2023,2023,,,,,,,,,,0,0,0,0,0,0,0,,,,,,WOS:000905321200007,
J,"Cosset, Cindy C. P.; Gilroy, James J.; Tomassi, Suzanne; Benedick, Suzan; Nelson, Luke; Cannon, Patrick G.; Messina, Simone; Kaputa, Mike; Fandrem, Marte; Madrid, Ramon Soto; Lello-Smith, Anna; Pavan, Lucas; King, Bethany; Fogliano, Rose; Hackney, Tanith B.; Gerald, Ezron; Chai, Jessey Yee-Wei; Cros, Emilie; Chong, Yi Yao; Tan, Chen Hong; Chai, Rayzigerson R.; Cheoh, Chuan Ong; Edwards, David P.",,,,,,,,Impacts of tropical selective logging on local-scale movements of understory birds,,,,,,,,BIOLOGICAL CONSERVATION,,,,264,,,,,,109374,,,10.1016/j.biocon.2021.109374,,,,,NOV 2021,,Article,DEC 2021,2021,,,,,,,,,,0,0,0,0,0,0,0,,,,,,WOS:000719372700004,
J,"Moqanaki, Ehsan M.; Jimenez, Jose; Bensch, Staffan; Vicente Lopez-Bao, Jose",,,,,,,,Counting bears in the Iranian Caucasus: Remarkable mismatch between scientifically-sound population estimates and perceptions,,,,,,,,BIOLOGICAL CONSERVATION,,,,220,,,,182,191,,,,10.1016/j.biocon.2018.02.016,,,,,,,Article,APR 2018,2018,,,,,,,,,,15,0,0,0,11,0,15,,,,,,WOS:000429765000020,
J,"O'Kelly, Hannah J.; Rowcliffe, J. Marcus; Durant, Sarah M.; Milner-Gulland, E. J.",,,,,,,,Robust estimation of snare prevalence within a tropical forest context using N-mixture models,,,,,,,,BIOLOGICAL CONSERVATION,,,,217,,,,75,82,,,,10.1016/j.biocon.2017.10.007,,,,,,,Article,JAN 2018,2018,,,,,,,,,,19,0,0,0,18,0,20,,,,,,WOS:000423005200008,
J,"Russell, Robin E.; Halstead, Brian J.; Mosher, Brittany A.; Muths, Erin; Adams, Michael J.; Grant, Evan H. C.; Fisher, Robert N.; Kleeman, Patrick M.; Backlin, Adam R.; Pearl, Christopher A.; Honeycutt, R. Ken; Hossack, Blake R.",,,,,,,,Effect of amphibian chytrid fungus (Batrachochytrium dendrobatidis) on apparent survival of frogs and toads in the western USA,,,,,,,,BIOLOGICAL CONSERVATION,,,,236,,,,296,304,,,,10.1016/j.biocon.2019.05.017,,,,,,,Article,AUG 2019,2019,,,,,,,,,,28,0,0,0,24,0,28,,,,,,WOS:000483908400032,
J,"Clare, John; McKinney, Shawn T.; Simons-Legaard, Erin M.; DePue, John E.; Loftin, Cynthia S.",,,,,,,,Satellite-detected forest disturbance forecasts American marten population decline: The case for supportive space-based monitoring,,,,,,,,BIOLOGICAL CONSERVATION,,,,233,,,,336,345,,,,10.1016/j.biocon.2019.02.020,,,,,,,Article,MAY 2019,2019,,,,,,,,,,5,0,0,0,3,0,5,,,,,,WOS:000467513500038,
J,"Zulian, Viviane; Mueller, Eliara Solange; Cockle, Kristina L.; Lesterhuis, Arne; Tomasi Junior, Roberto; Prestes, Nemora Pauletti; Martinez, Jaime; Kery, Marc; Ferraz, Goncalo",,,,,,,,Addressing multiple sources of uncertainty in the estimation of global parrot abundance from roost counts: A case study with the Vinaceous-breasted Parrot (Amazona vinacea),,,,,,,,BIOLOGICAL CONSERVATION,,,,248,,,,,,108672,,,10.1016/j.biocon.2020.108672,,,,,,,Article,AUG 2020,2020,,,,,,,,,,6,0,0,0,4,0,6,,,,,,WOS:000556843900031,
J,"Proenca-Ferreira, Antonio; Ferreira, Clara; Leitao, Ines; Pauperio, Joana; Sabino-Marques, Helena; Barbosa, Soraia; Lambin, Xavier; Alves, Paulo Celio; Beja, Pedro; Moreira, Francisco; Mira, Antonio; Pita, Ricardo",,,,,,,,Drivers of survival in a small mammal of conservation concern: An assessment using extensive genetic non-invasive sampling in fragmented farmland,,,,,,,,BIOLOGICAL CONSERVATION,,,,230,,,,131,140,,,,10.1016/j.biocon.2018.12.021,,,,,,,Article,FEB 2019,2019,,,,,,,,,,5,0,0,0,3,0,5,,,,,,WOS:000468703700017,
J,"Ash, Eric; Hallam, Chris; Chanteap, Prawatsart; Kaszta, Zaneta; Macdonald, David W.; Rojanachinda, Wiroj; Redford, Tim; Harihar, Abishek",,,,,,,,Estimating the density of a globally important tiger (Panthera tigris) population: Using simulations to evaluate survey design in Eastern Thailand,,,,,,,,BIOLOGICAL CONSERVATION,,,,241,,,,,,108349,,,10.1016/j.biocon.2019.108349,,,,,,,Article,JAN 2020,2020,,,,,,,,,,7,0,0,0,7,0,8,,,,,,WOS:000518695100014,
J,"Cove, Michael, V; Simons, Theodore R.; Gardner, Beth; O'Connell, Allan F.",,,,,,,,Towards recovery of an endangered island endemic: Distributional and behavioral responses of Key Largo woodrats associated with exotic predator removal,,,,,,,,BIOLOGICAL CONSERVATION,,,,237,,,,423,429,,,,10.1016/j.biocon.2019.07.032,,,,,,,Article,SEP 2019,2019,,,,,,,,,,9,0,0,0,9,0,9,,,,,,WOS:000488314700046,
J,"Casale, Paolo; Ceriani, Simona A.; Dodd, Mark G.; Pate, S. Michelle; Godfrey, Matthew H.; Griffin, DuBose B.; Nairn, Campbell J.; Shamblin, Brian M.",,,,,,,,New methods to derive sea turtle nester abundance from nest counts: Ground truthing and the bias of current approaches,,,,,,,,BIOLOGICAL CONSERVATION,,,,275,,,,,,109754,,,10.1016/j.biocon.2022.109754,,,,,,,Article,NOV 2022,2022,,,,,,,,,,0,0,0,0,0,0,0,,,,,,WOS:000876731300006,
J,"Harihar, Abishek; Pandav, Bivash; Ghosh-Harihar, Mousumi; Goodrich, John",,,,,,,,Demographic and ecological correlates of a recovering tiger (Panthera tigris) population: Lessons learnt from 13-years of monitoring,,,,,,,,BIOLOGICAL CONSERVATION,,,,252,,,,,,108848,,,10.1016/j.biocon.2020.108848,,,,,,,Article,DEC 2020,2020,,,,,,,,,,5,0,0,0,5,0,6,,,,,,WOS:000599921200018,
J,"Soofi, Mahmood; Qashqaei, Ali T.; Trei, Jan-Niklas; Shokri, Shirko; Selyari, Javad; Ghasemi, Benjamin; Sepahvand, Pooriya; Egli, Lukas; Nezami, Bagher; Zamani, Navid; Yusefi, Gholam Hosein; Kiabi, Bahram H.; Balkenhol, Niko; Royle, Andrew; Pavey, Chris R.; Redpath, Steve M.; Waltert, Matthias",,,,,,,,A novel application of hierarchical modelling to decouple sampling artifacts from socio-ecological effects on poaching intensity.,,,,,,,,Biological Conservation,,,,267,,,,109488,109488,,,,,,,,,,,Article,Mar 2022,2022,,,,,,,,,,0,0,0,0,0,0,0,,,,,,ZOOREC:ZOOR15806025378,
J,"Coomber, Frazer G.; Smith, Bethany R.; August, Tom A.; Harrower, Colin A.; Powney, Gary D.; Mathews, Fiona",,,,,,,,Using biological records to infer long-term occupancy trends of mammals in the UK,,,,,,,,BIOLOGICAL CONSERVATION,,,,264,,,,,,109362,,,10.1016/j.biocon.2021.109362,,,,,NOV 2021,,Article,DEC 2021,2021,,,,,,,,,,4,0,0,0,3,0,4,,,,,,WOS:000719372700005,
J,"Harju, S. M.; Cambrin, S. M.",,,,,,,,Identifying habitat correlates of latent occupancy when apparent annual occupancy is confounded with availability for detection,,,,,,,,BIOLOGICAL CONSERVATION,,,,238,,,,,,108246,,,10.1016/j.biocon.2019.108246,,,,,,,Article,OCT 2019,2019,,,,,,,,,,2,0,0,0,2,0,2,,,,,,WOS:000497252700035,
J,"Searle, Charlotte E.; Smit, Josephine; Strampelli, Paolo; Mkuburo, Lameck; Ikanda, Dennis; Macdonald, David W.; Loveridge, Andrew J.; Dickman, Amy J.",,,,,,,,Leopard population density varies across habitats and management strategies in a mixed-use Tanzanian landscape,,,,,,,,BIOLOGICAL CONSERVATION,,,,257,,,,,,109120,,,10.1016/j.biocon.2021.109120,,,,,APR 2021,,Article,MAY 2021,2021,,,,,,,,,,7,0,0,0,5,0,7,,,,,,WOS:000663302500002,
J,"Fernandez-Chacon, Albert; Buttay, Lucie; Moland, Even; Knutsen, Halvor; Olsen, Esben Moland",,,,,,,,Demographic responses to protection from harvesting in a long-lived marine species,,,,,,,,BIOLOGICAL CONSERVATION,,,,257,,,,,,109094,,,10.1016/j.biocon.2021.109094,,,,,APR 2021,,Article,MAY 2021,2021,,,,,,,,,,2,0,0,0,1,0,2,,,,,,WOS:000663301900004,
J,"Dolny, Ales; Sigutova, Hana; Ozana, Stanislav; Choleva, Lukas",,,,,,,,How difficult is it to reintroduce a dragonfly? Fifteen years monitoring Leucorrhinia dubia at the receiving site,,,,,,,,BIOLOGICAL CONSERVATION,,,,218,,,,110,117,,,,10.1016/j.biocon.2017.12.011,,,,,,,Article,FEB 2018,2018,,,,,,,,,,10,0,0,0,9,0,10,,,,,,WOS:000424177400014,
J,"Guzman, Laura Melissa; Johnson, Sarah A.; Mooers, Arne O.; M'Gonigle, Leithen K.",,,,,,,,Response to: Multiple measures of biodiversity change make for the strongest analyses with historical data,,,,,,,,BIOLOGICAL CONSERVATION,,,,260,,,,,,109254,,,10.1016/j.biocon.2021.109254,,,,,JUL 2021,,Letter,AUG 2021,2021,,,,,,,,,,0,0,0,0,0,0,0,,,,,,WOS:000692128700020,
J,"Omeyer, Lucy C. M.; Casale, Paolo; Fuller, Wayne J.; Godley, Brendan J.; Holmes, Kelle E.; Snape, Robin T. E.; Broderick, Annette C.",,,,,,,,The importance of passive integrated transponder (PIT) tags for measuring life-history traits of sea turtles,,,,,,,,BIOLOGICAL CONSERVATION,,,,240,,,,,,108248,,,10.1016/j.biocon.2019.108248,,,,,,,Article,DEC 2019,2019,,,,,,,,,,9,0,0,0,8,0,9,,,,,,WOS:000501400000005,
J,"Lituma, Christopher M.; Buehler, David A.",,,,,,,,"Cost-share conservation practices have mixed effects on priority grassland and shrubland breeding bird occupancy in the Central Hardwoods Bird Conservation Region, USA",,,,,,,,BIOLOGICAL CONSERVATION,,,,244,,,,,,108510,,,10.1016/j.biocon.2020.108510,,,,,,,Article,APR 2020,2020,,,,,,,,,,5,0,0,0,3,0,5,,,,,,WOS:000526787400009,
J,"Moss, Wynne E.; McDevitt-Galles, Travis; Muths, Erin; Bobzien, Steven; Purificato, Jessica; Johnson, Pieter T. J.",,,,,,,,Resilience of native amphibian communities following catastrophic drought: Evidence from a decade of regional-scale monitoring,,,,,,,,BIOLOGICAL CONSERVATION,,,,263,,,,,,109352,,,10.1016/j.biocon.2021.109352,,,,,OCT 2021,,Article,NOV 2021,2021,,,,,,,,,,4,1,0,0,4,0,5,,,,,,WOS:000704917200014,34737459
J,"Keeping, Derek; Burger, Julia H.; Keitsile, Amo O.; Gielen, Marie-Charlotte; Mudongo, Edwin; Wallgren, Martha; Skarpe, Christina; Foote, A. Lee",,,,,,,,"Can trackers count free-ranging wildlife as effectively and efficiently as conventional aerial survey and distance sampling? Implications for citizen science in the Kalahari, Botswana",,,,,,,,BIOLOGICAL CONSERVATION,,,,223,,,,156,169,,,,10.1016/j.biocon.2018.04.027,,,,,,,Article,JUL 2018,2018,,,,,,,,,,11,1,0,0,10,0,11,,,,,,WOS:000435061700017,
J,"Dri, Gabriela Franzoi; Blomberg, Erik J.; Hunter, Malcolm L.; Vashon, Jennifer H.; Mortelliti, Alessio",,,,,,,,Developing cost-effective monitoring protocols for track-surveys: An empirical assessment using a Canada lynx Lynx canadensis dataset spanning 16 years,,,,,,,,BIOLOGICAL CONSERVATION,,,,276,,,,,,109793,,,10.1016/j.biocon.2022.109793,,,,,,,Article,DEC 2022,2022,,,,,,,,,,0,0,0,0,0,0,0,,,,,,WOS:000890316100002,
J,"Neto, Jeronimo G. Da Silva; Sutton, William B.; Spear, Stephen F.; Freake, Michael J.; Kery, Marc; Schmidt, Benedikt R.",,,,,,,,Integrating species distribution and occupancy modeling to study hellbender (Cryptobranchus alleganiensis) occurrence based on eDNA surveys,,,,,,,,BIOLOGICAL CONSERVATION,,,,251,,,,,,108787,,,10.1016/j.biocon.2020.108787,,,,,,,Article,NOV 2020,2020,,,,,,,,,,2,0,0,0,2,0,2,,,,,,WOS:000587339000022,
J,"Hossack, Blake R.; Russell, Robin E.; McCaffery, Rebecca",,,,,,,,Contrasting demographic responses of toad populations to regionally synchronous pathogen (Batrachochytrium dendrobatidis) dynamics,,,,,,,,BIOLOGICAL CONSERVATION,,,,241,,,,,,108373,,,10.1016/j.biocon.2019.108373,,,,,,,Article,JAN 2020,2020,,,,,,,,,,9,0,0,0,8,0,9,,,,,,WOS:000518695100013,
J,"Santangeli, Andrea; Pakanen, Veli-Matti; Bridgeford, Peter; Boorman, Mark; Kolberg, Holger; Sanz-Aguilar, Ana",,,,,,,,The relative contribution of camera trap technology and citizen science for estimating survival of an endangered African vulture,,,,,,,,BIOLOGICAL CONSERVATION,,,,246,,,,,,108593,,,10.1016/j.biocon.2020.108593,,,,,,,Article,JUN 2020,2020,,,,,,,,,,6,0,0,0,6,0,6,,,,,,WOS:000536149100022,
J,"Lindenmayer, David B.; Blanchard, Wade; Foster, Claire N.; Scheele, Ben C.; Westgate, Martin J.; Stein, John; Crane, Mason; Florance, Dan",,,,,,,,Habitat amount versus connectivity: An empirical study of bird responses,,,,,,,,BIOLOGICAL CONSERVATION,,,,241,,,,,,108377,,,10.1016/j.biocon.2019.108377,,,,,,,Article,JAN 2020,2020,,,,,,,,,,12,0,0,0,11,0,12,,,,,,WOS:000518695100016,
J,"Gould, Matthew J.; Gould, William R.; Cain, James W., III; Roemer, Gary W.",,,,,,,,Validating the performance of occupancy models for estimating habitat use and predicting the distribution of highly-mobile species: A case study using the American black bear,,,,,,,,BIOLOGICAL CONSERVATION,,,,234,,,,28,36,,,,10.1016/j.biocon.2019.03.010,,,,,,,Article,JUN 2019,2019,,,,,,,,,,11,0,0,0,7,0,11,,,,,,WOS:000468718500004,
J,"Spencer, Katie; Sambrook, Melissa; Bremner-Harrison, Samantha; Cilliers, Deon; Yarnell, Richard W.; Brummer, Rox; Whitehouse-Tedd, Katherine",,,,,,,,Livestock guarding dogs enable human-carnivore coexistence: First evidence of equivalent carnivore occupancy on guarded and unguarded farms,,,,,,,,BIOLOGICAL CONSERVATION,,,,241,,,,,,108256,,,10.1016/j.biocon.2019.108256,,,,,,,Article,JAN 2020,2020,,,,,,,,,,11,1,0,0,11,1,14,,,,,,WOS:000518695100027,
J,"Santos, Paloma Marques; Bailey, Larissa Lynn; Ribeiro, Milton Cezar; Chiarello, Adriano Garcia; Paglia, Adriano Pereira",,,,,,,,Living on the edge: Forest cover threshold effect on endangered maned sloth occurrence in Atlantic Forest,,,,,,,,BIOLOGICAL CONSERVATION,,,,240,,,,,,108264,,,10.1016/j.biocon.2019.108264,,,,,,,Article,DEC 2019,2019,,,,,,,,,,9,0,0,0,6,2,11,,,,,,WOS:000501400000013,
J,"Semper-Pascual, Asuncion; Decarre, Julieta; Baumann, Matthias; Busso, Juan M.; Camino, Micaela; Gomez-Valencia, Bibiana; Kuemmerle, Tobias",,,,,,,,Biodiversity loss in deforestation frontiers: Linking occupancy modelling and physiological stress indicators to understand local extinctions,,,,,,,,BIOLOGICAL CONSERVATION,,,,236,,,,281,288,,,,10.1016/j.biocon.2019.05.050,,,,,,,Article,AUG 2019,2019,,,,,,,,,,19,0,0,0,14,1,20,,,,,,WOS:000483908400030,
J,"Soroye, Peter; Newbold, Tim; Kerr, Jeremy T.",,,,,,,,"Multiple measures of biodiversity change make for the strongest analyses with historical data Reply to Guzman et al., 2021",,,,,,,,BIOLOGICAL CONSERVATION,,,,260,,,,,,109217,,,10.1016/j.biocon.2021.109217,,,,,JUN 2021,,Letter,AUG 2021,2021,,,,,,,,,,1,0,0,0,1,0,1,,,,,,WOS:000679541200007,
J,"Easter, Tara; Bouley, Paola; Carter, Neil",,,,,,,,"Opportunities for biodiversity conservation outside of Gorongosa National Park, Mozambique: A multispecies approach",,,,,,,,BIOLOGICAL CONSERVATION,,,,232,,,,217,227,,,,10.1016/j.biocon.2019.02.007,,,,,,,Article,APR 2019,2019,,,,,,,,,,10,0,0,0,9,0,10,,,,,,WOS:000460992700023,
J,"Boron, Valeria; Deere, Nicolas J.; Xofis, Panteleimon; Link, Andres; Quinones-Guerrero, Andres; Payan, Esteban; Tzanopoulos, Joseph",,,,,,,,"Richness, diversity, and factors influencing occupancy of mammal communities across human-modified landscapes in Colombia",,,,,,,,BIOLOGICAL CONSERVATION,,,,232,,,,108,116,,,,10.1016/j.biocon.2019.01.030,,,,,,,Article,APR 2019,2019,,,,,,,,,,25,0,0,0,22,5,29,,,,,,WOS:000460992700012,
J,"Jones, Trevor; Hawes, Joseph E.; Norton, Guy W.; Hawkins, Dawn M.",,,,,,,,"Effect of protection status on mammal richness and abundance in Afromontane forests of the Udzungwa Mountains, Tanzania",,,,,,,,BIOLOGICAL CONSERVATION,,,,229,,,,78,84,,,,10.1016/j.biocon.2018.11.015,,,,,,,Article,JAN 2019,2019,,,,,,,,,,14,0,0,0,9,0,14,,,,,,WOS:000456638300011,
J,"Bailey, Larissa L.; Muths, Erin",,,,,,,,Integrating amphibian movement studies across scales better informs conservation decisions,,,,,,,,BIOLOGICAL CONSERVATION,,,,236,,,,261,268,,,,10.1016/j.biocon.2019.05.028,,,,,,,Review,AUG 2019,2019,,,,,,,,,,18,0,0,0,18,0,18,,,,,,WOS:000483908400028,
J,"Beaudrot, Lydia; Acevedo, Miguel; Lessard, Jean-Philippe; Sheil, Douglas; Larney, Eileen; Wright, Patricia; Ahumada, Jorge",,,,,,,,Distributional shifts in a biodiversity hotspot,,,,,,,,BIOLOGICAL CONSERVATION,,,,228,,,,252,258,,,,10.1016/j.biocon.2018.10.016,,,,,,,Article,DEC 2018,2018,,,,,,,,,,1,0,0,0,1,0,1,,,,,,WOS:000452815200028,
J,"Pardo, Julia Martinez; Cruz, Paula; Moya, Sergio; Pizzio, Esteban; Foletto, Fernando; Robino, Facundo; Aquino, Jesica; Costa, Sebastian; Barros, Yara; Cleo, Falcao; Di Bitetti, Mario S.; Iezzi, Maria Eugenia; Paviolo, Agustin; De Angelo, Carlos",,,,,,,,Predicting poaching hotspots in the largest remnant of the Atlantic Forest by combining passive acoustic monitoring and occupancy models,,,,,,,,BIOLOGICAL CONSERVATION,,,,272,,,,,,109600,,,10.1016/j.biocon.2022.109600,,,,,JUN 2022,,Article,AUG 2022,2022,,,,,,,,,,1,0,0,0,0,0,1,,,,,,WOS:000823090300005,
J,"Kanive, Paul E.; Rotella, Jay J.; Chapple, Taylor K.; Anderson, Scot D.; White, Timothy D.; Block, Barbara A.; Jorgensen, Salvador J.",,,,,,,,Estimates of regional annual abundance and population growth rates of white sharks off central California,,,,,,,,BIOLOGICAL CONSERVATION,,,,257,,,,,,109104,,,10.1016/j.biocon.2021.109104,,,,,APR 2021,,Article,MAY 2021,2021,,,,,,,,,,5,0,0,0,5,0,5,,,,,,WOS:000663301900008,
J,"Wood, Connor M.; Whitmore, Sheila A.; Gutierrez, R. J.; Sawyer, Sarah C.; Keane, John J.; Peery, M. Zachariah",,,,,,,,Using metapopulation models to assess species conservation ecosystem restoration trade-offs,,,,,,,,BIOLOGICAL CONSERVATION,,,,224,,,,248,257,,,,10.1016/j.biocon.2018.05.001,,,,,,,Article,AUG 2018,2018,,,,,,,,,,6,0,0,0,4,0,6,,,,,,WOS:000439537600029,
J,"Ferreira, Guilherme Braga; Collen, Ben; Newbold, Tim; Rabelo Oliveira, Marcelo Juliano; Pinheiro, Marcell Soares; de Pinho, Fernando Ferreira; Rowcliffe, Marcus; Carbone, Chris",,,,,,,,Strict protected areas are essential for the conservation of larger and threatened mammals in a priority region of the Brazilian Cerrado,,,,,,,,BIOLOGICAL CONSERVATION,,,,251,,,,,,108762,,,10.1016/j.biocon.2020.108762,,,,,,,Article,NOV 2020,2020,,,,,,,,,,17,0,0,0,15,1,17,,,,,,WOS:000587339000009,
J,"Campera, Marco; Brown, Ella; Imron, Muhammad Ali; Nekaris, K. A., I",,,,,,,,"Unmonitored releases of small animals? The importance of considering natural dispersal, health, and human habituation when releasing a territorial mammal threatened by wildlife trade",,,,,,,,BIOLOGICAL CONSERVATION,,,,242,,,,,,108404,,,10.1016/j.biocon.2019.108404,,,,,,,Article,FEB 2020,2020,,,,,,,,,,9,0,0,0,7,0,9,,,,,,WOS:000517855100001,
J,"Charbonnel, Anais; Blanc, Frederic; Laffaille, Pascal; Nemoz, Melanie; Buisson, Laetitia",,,,,,,,Combining spatial dependence occupancy models and conservation gap analyses to promote species conservation: A case study with a threatened semi-aquatic mammal,,,,,,,,BIOLOGICAL CONSERVATION,,,,270,,,,,,109567,,,10.1016/j.biocon.2022.109567,,,,,MAY 2022,,Article,JUN 2022,2022,,,,,,,,,,0,0,0,0,0,0,0,,,,,,WOS:000830839400006,
J,"Guzman, Laura Melissa; Johnson, Sarah A.; Mooers, Arne O.; M'Gonigle, Leithen K.",,,,,,,,Using historical data to estimate bumble bee occurrence: Variable trends across species provide little support for community-level declines,,,,,,,,BIOLOGICAL CONSERVATION,,,,257,,,,,,109141,,,10.1016/j.biocon.2021.109141,,,,,APR 2021,,Article,MAY 2021,2021,,,,,,,,,,16,0,0,0,9,0,17,,,,,,WOS:000651121300001,
J,"Hossack, Blake R.; LeMoine, Michael T.; Oja, Emily B.; Eby, Lisa A.",,,,,,,,"Cryptic declines of small, cold-water specialists highlight potential vulnerabilities of headwater streams as climate refugia",,,,,,,,BIOLOGICAL CONSERVATION,,,,277,,,,,,109868,,,10.1016/j.biocon.2022.109868,,,,,DEC 2022,,Article,JAN 2023,2023,,,,,,,,,,0,0,0,0,0,0,0,,,,,,WOS:000911088800001,
J,"Ferreguetti, Atilla Colombo; Pereira-Ribeiro, Juliane; Prevedello, Jayme Augusto; Tomas, Walfrido Moraes; Duarte Rocha, Carlos Frederico; Bergallo, Helena Godoy",,,,,,,,One step ahead to predict potential poaching hotspots: Modeling occupancy and detectability of poachers in a neotropical rainforest,,,,,,,,BIOLOGICAL CONSERVATION,,,,227,,,,133,140,,,,10.1016/j.biocon.2018.09.009,,,,,,,Article,NOV 2018,2018,,,,,,,,,,21,0,0,0,18,0,21,,,,,,WOS:000449129700015,
J,"Scroggie, Michael P.; Preece, Kathy; Nicholson, Emily; McCarthy, Michael A.; Parris, Kirsten M.; Heard, Geoffrey W.",,,,,,,,Optimizing habitat management for amphibians: From simple models to complex decisions,,,,,,,,BIOLOGICAL CONSERVATION,,,,236,,,,60,69,,,,10.1016/j.biocon.2019.05.022,,,,,,,Article,AUG 2019,2019,,,,,,,,,,15,0,0,0,11,0,15,,,,,,WOS:000483908400008,
J,"Synes, Nicholas W.; Ponchon, Aurore; Palmer, Stephen C. F.; Osborne, Patrick E.; Bocedi, Greta; Travis, Justin M. J.; Watts, Kevin",,,,,,,,Prioritising conservation actions for biodiversity: Lessening the impact from habitat fragmentation and climate change,,,,,,,,BIOLOGICAL CONSERVATION,,,,252,,,,,,108819,,,10.1016/j.biocon.2020.108819,,,,,,,Article,DEC 2020,2020,,,,,,,,,,13,0,0,0,9,0,13,,,,,,WOS:000599921200013,
J,"Cove, V. Michael; Pease, S. Brent",,,,,,,,Is it an omnivore's world? A comment on dietary traits in multispecies hierarchical models,,,,,,,,BIOLOGICAL CONSERVATION,,,,261,,,,,,109299,,,10.1016/j.biocon.2021.109299,,,,,AUG 2021,,Letter,SEP 2021,2021,,,,,,,,,,0,0,0,0,0,0,0,,,,,,WOS:000694720000011,
J,"Vasudev, Divya; Goswami, Varun R.; Oli, Madan K.",,,,,,,,Detecting dispersal: A spatial dynamic occupancy model to reliably quantify connectivity across heterogeneous conservation landscapes,,,,,,,,BIOLOGICAL CONSERVATION,,,,253,,,,,,108874,,,10.1016/j.biocon.2020.108874,,,,,,,Article,JAN 2021,2021,,,,,,,,,,2,0,0,0,2,0,3,,,,,,WOS:000611989800006,
J,"Wilson, Evan C.; Zuckerberg, Benjamin; Peery, M. Zachariah; Pauli, Jonathan N.",,,,,,,,"The past, present and future impacts of climate and land use change on snowshoe hares along their southern range boundary",,,,,,,,BIOLOGICAL CONSERVATION,,,,249,,,,,,108731,,,10.1016/j.biocon.2020.108731,,,,,,,Article,SEP 2020,2020,,,,,,,,,,1,0,0,0,1,0,1,,,,,,WOS:000567872700003,
J,"Bino, Gilad; Kingsford, Richard T.; Wintle, Brendan A.",,,,,,,,A stitch in time - Synergistic impacts to platypus metapopulation extinction risk,,,,,,,,BIOLOGICAL CONSERVATION,,,,242,,,,,,108399,,,10.1016/j.biocon.2019.108399,,,,,,,Article,FEB 2020,2020,,,,,,,,,,10,0,0,0,9,0,10,,,,,,WOS:000517855100005,
J,"McNeil, Darin J.; Rodewald, Amanda D.; Robinson, Orin J.; Fiss, Cameron J.; Rosenberg, Kenneth, V; Ruiz-Gutierrez, Viviana; Aldinger, Kyle R.; Dhondt, Andre A.; Petzinger, Sharon; Larkin, Jeffery L.",,,,,,,,Regional abundance and local breeding productivity explain occupancy of restored habitats in a migratory songbird,,,,,,,,BIOLOGICAL CONSERVATION,,,,245,,,,,,108463,,,10.1016/j.biocon.2020.108463,,,,,,,Article,MAY 2020,2020,,,,,,,,,,5,0,0,0,2,0,5,,,,,,WOS:000532824200012,
J,"Drouilly, Marine; Clark, Allan; O'Riain, M. Justin",,,,,,,,Multi-species occupancy modelling of mammal and ground bird communities in rangeland in the Karoo: A case for dryland systems globally,,,,,,,,BIOLOGICAL CONSERVATION,,,,224,,,,16,25,,,,10.1016/j.biocon.2018.05.013,,,,,,,Article,AUG 2018,2018,,,,,,,,,,25,1,0,0,27,1,29,,,,,,WOS:000439537600003,
J,"Kachel, Shannon; Anderson, Kaitlyn; Shokirov, Qobiljon",,,,,,,,Predicting carnivore habitat use and livestock depredation risk with false-positive multi-state occupancy models,,,,,,,,BIOLOGICAL CONSERVATION,,,,271,,,,,,109588,,,10.1016/j.biocon.2022.109588,,,,,MAY 2022,,Article,JUL 2022,2022,,,,,,,,,,0,0,0,0,0,0,0,,,,,,WOS:000808462800003,
J,"Crego, Ramiro D.; Ogutu, Joseph O.; Wells, Harry B. M.; Ojwang, Gordon O.; Martins, Dino J.; Leimgruber, Peter; Stabach, Jared A.",,,,,,,,Spatiotemporal dynamics of wild herbivore species richness and occupancy across a savannah rangeland: Implications for conservation,,,,,,,,BIOLOGICAL CONSERVATION,,,,242,,,,,,108436,,,10.1016/j.biocon.2020.108436,,,,,,,Article,FEB 2020,2020,,,,,,,,,,13,0,0,0,10,0,13,,,,,,WOS:000517855100025,
J,"Santos-del-Blanco, Luis; Olsson, Sanna; Budde, Katharina B.; Grivet, Delphine; Gonzalez-Martinez, Santiago C.; Alia, Ricardo; Robledo-Arnuncio, Juan J.",,,,,,,,On the feasibility of estimating contemporary effective population size (N-e) for genetic conservation and monitoring of forest trees,,,,,,,,BIOLOGICAL CONSERVATION,,,,273,,,,,,109704,,,10.1016/j.biocon.2022.109704,,,,,AUG 2022,,Article,SEP 2022,2022,,,,,,,,,,0,0,0,0,0,0,0,,,,,,WOS:000848351600002,
J,"Hobart, Brendan K.; Jones, Gavin M.; Roberts, Kevin N.; Dotters, Brian P.; Whitmore, Sheila A.; Berigan, William J.; Raphael, Martin G.; Keane, John J.; Gutierrez, R. J.; Peery, M. Zachariah",,,,,,,,Trophic interactions mediate the response of predator populations to habitat change,,,,,,,,BIOLOGICAL CONSERVATION,,,,238,,,,,,108217,,,10.1016/j.biocon.2019.108217,,,,,,,Article,OCT 2019,2019,,,,,,,,,,18,0,0,0,16,0,18,,,,,,WOS:000497252700024,
J,"Poniatowski, Dominik; Stuhldreher, Gregor; Loeffler, Franz; Fartmann, Thomas",,,,,,,,Patch occupancy of grassland specialists: Habitat quality matters more than habitat connectivity,,,,,,,,BIOLOGICAL CONSERVATION,,,,225,,,,237,244,,,,10.1016/j.biocon.2018.07.018,,,,,,,Article,SEP 2018,2018,,,,,,,,,,48,2,1,0,39,0,48,,,,,,WOS:000442003900025,
J,"Chanchani, Pranav; Gerber, Brian D.; Noon, Barry R.",,,,,,,,Elevated potential for intraspecific competition in territorial carnivores occupying fragmented landscapes,,,,,,,,BIOLOGICAL CONSERVATION,,,,227,,,,275,283,,,,10.1016/j.biocon.2018.08.017,,,,,,,Article,NOV 2018,2018,,,,,,,,,,8,0,0,0,7,0,8,,,,,,WOS:000449129700031,
J,"Hossack, Blake R.; Smalling, Kelly L.; Anderson, Chauncey W.; Preston, Todd M.; Cozzarelli, Isabelle M.; Honeycutt, R. Ken",,,,,,,,Effects of persistent energy-related brine contamination on amphibian abundance in national wildlife refuge wetlands,,,,,,,,BIOLOGICAL CONSERVATION,,,,228,,,,36,43,,,,10.1016/j.biocon.2018.10.007,,,,,,,Article,DEC 2018,2018,,,,,,,,,,18,0,0,0,16,0,18,,,,,,WOS:000452815200005,
J,"Wheeler, Kit; Wenger, Seth J.; Walsh, Stephen J.; Martin, Zachary P.; Jelks, Howard L.; Freeman, Mary C.",,,,,,,,Stream fish colonization but not persistence varies regionally across a large North American river basin,,,,,,,,BIOLOGICAL CONSERVATION,,,,223,,,,1,10,,,,10.1016/j.biocon.2018.04.023,,,,,,,Article,JUL 2018,2018,,,,,,,,,,3,0,0,0,3,0,3,,,,,,WOS:000435061700001,
J,"Regehr, Eric, V; Dyck, Markus; Iverson, Samuel; Lee, David S.; Lunn, Nicholas J.; Northrup, Joseph M.; Richer, Marie-Claude; Szor, Guillaume; Runge, Michael C.",,,,,,,,Incorporating climate change in a harvest risk assessment for polar bears Ursus maritimus in Southern Hudson Bay,,,,,,,,BIOLOGICAL CONSERVATION,,,,258,,,,,,109128,,,10.1016/j.biocon.2021.109128,,,,,MAY 2021,,Article,JUN 2021,2021,,,,,,,,,,2,0,0,0,2,0,2,,,,,,WOS:000654277500001,
J,"Nickel, Barry A.; Suraci, Justin P.; Allen, Maximilian L.; Wilmers, Christopher C.",,,,,,,,Human presence and human footprint have non-equivalent effects on wildlife spatiotemporal habitat use,,,,,,,,BIOLOGICAL CONSERVATION,,,,241,,,,,,108383,,,10.1016/j.biocon.2019.108383,,,,,,,Article,JAN 2020,2020,,,,,,,,,,52,1,0,0,46,0,55,,,,,,WOS:000518695100021,
J,"Van der Weyde, Leanne K.; Mbisana, Christopher; Klein, Rebecca",,,,,,,,Multi-species occupancy modelling of a carnivore guild in wildlife management areas in the Kalahari,,,,,,,,BIOLOGICAL CONSERVATION,,,,220,,,,21,28,,,,10.1016/j.biocon.2018.01.033,,,,,,,Article,APR 2018,2018,,,,,,,,,,29,2,0,0,26,0,31,,,,,,WOS:000429765000003,
J,"Iezzi, M. E.; Di Bitetti, M. S.; Pardo, J. Martinez; Paviolo, A.; Cruz, P.; De Angelo, C.",,,,,,,,Forest fragments prioritization based on their connectivity contribution for multiple Atlantic Forest mammals,,,,,,,,BIOLOGICAL CONSERVATION,,,,266,,,,,,109433,,,10.1016/j.biocon.2021.109433,,,,,,,Article,FEB 2022,2022,,,,,,,,,,1,0,0,0,0,0,1,,,,,,WOS:000788103900014,
J,"Barichievy, Chris; Altwegg, Res; Balfour, Dave; Brett, Rob; Gordon, Chris; Henry, Dominic A. W.; Jeffries, Glen; Khayale, Cedric; Wanyama, Horris; Withers, Oliver",,,,,,,,A demographic model to support an impact financing mechanism for black rhino metapopulations,,,,,,,,BIOLOGICAL CONSERVATION,,,,257,,,,,,109073,,,10.1016/j.biocon.2021.109073,,,,,MAR 2021,,Article,MAY 2021,2021,,,,,,,,,,0,0,0,0,0,0,0,,,,,,WOS:000663302800009,
J,"Penjor, Ugyen; Tan, Cedric Kai Wei; Wangdi, Sonam; Macdonald, David Whyte",,,,,,,,Understanding the environmental and anthropogenic correlates of tiger presence in a montane conservation landscape,,,,,,,,BIOLOGICAL CONSERVATION,,,,238,,,,,,108196,,,10.1016/j.biocon.2019.108196,,,,,,,Article,OCT 2019,2019,,,,,,,,,,8,0,0,0,8,0,8,,,,,,WOS:000497252700004,
J,"Lindenmayer, David B.; Lane, Peter; Westgate, Martin; Scheele, Ben C.; Foster, Claire; Sato, Chloe; Ikin, Karen; Crane, Mason; Michael, Damian; Florance, Dan; Barton, Philip; O'Loughlin, Luke S.; Robinson, Natasha",,,,,,,,Tests of predictions associated with temporal changes in Australian bird populations,,,,,,,,BIOLOGICAL CONSERVATION,,,,222,,,,212,221,,,,10.1016/j.biocon.2018.04.007,,,,,,,Article,JUN 2018,2018,,,,,,,,,,20,0,0,0,18,0,20,,,,,,WOS:000434745900022,
J,"Mims, Meryl C.; Olson, Deanna H.; Pilliod, David S.; Dunham, Jason B.",,,,,,,,"Functional and geographic components of risk for climate sensitive vertebrates in the Pacific Northwest, USA",,,,,,,,BIOLOGICAL CONSERVATION,,,,228,,,,183,194,,,,10.1016/j.biocon.2018.10.012,,,,,,,Article,DEC 2018,2018,,,,,,,,,,10,0,0,0,8,0,11,,,,,,WOS:000452815200021,
J,"Soofi, Mahmood; Ghoddousi, Arash; Zeppenfeld, Thorsten; Shokri, Shirko; Soufi, Mobin; Jafari, Abbas; Ahmadpour, Mohsen; Qashqaei, Ali T.; Egli, Lukas; Ghadirian, Taher; Chahartaghi, Niloufar Raeesi; Zehzad, Bahram; Kiabi, Bahram H.; Khorozyan, Igor; Balkenhol, Niko; Waltert, Matthias",,,,,,,,"Livestock grazing in protected areas and its effects on large mammals in the Hyrcanian forest, Iran",,,,,,,,BIOLOGICAL CONSERVATION,,,,217,,,,377,382,,,,10.1016/j.biocon.2017.11.020,,,,,,,Review,JAN 2018,2018,,,,,,,,,,51,0,0,0,44,0,51,,,,,,WOS:000423005200042,
J,"Lello-Smith, Anna; Rodewald, Amanda D.; Ramos, Victor Hugo; Rosenberg, Kenneth, V; Ruiz-Gutierrez, Viviana",,,,,,,,Repeated burning undermines the value of regenerating cattle pastures for tropical forest birds,,,,,,,,BIOLOGICAL CONSERVATION,,,,271,,,,,,109593,,,10.1016/j.biocon.2022.109593,,,,,JUN 2022,,Article,JUL 2022,2022,,,,,,,,,,0,0,0,0,0,0,0,,,,,,WOS:000822904900001,
J,"Stone, Zoe L.; Maron, Martine; Tasker, Elizabeth",,,,,,,,Reduced fire frequency over three decades hastens loss of the grassy forest habitat of an endangered songbird,,,,,,,,BIOLOGICAL CONSERVATION,,,,270,,,,,,109570,,,10.1016/j.biocon.2022.109570,,,,,MAY 2022,,Article,JUN 2022,2022,,,,,,,,,,1,0,0,0,0,0,1,,,,,,WOS:000830839400009,
J,"Valente, Jonathon J.; Bennett, Ruth E.; Gomez, Camila; Bayly, Nicholas J.; Rice, Robert A.; Marra, Peter P.; Ryder, T. Brandt; Sillett, T. Scott",,,,,,,,Land-sparing and land-sharing provide complementary benefits for conserving avian biodiversity in coffee-growing landscapes,,,,,,,,BIOLOGICAL CONSERVATION,,,,270,,,,,,109568,,,10.1016/j.biocon.2022.109568,,,,,MAY 2022,,Article,JUN 2022,2022,,,,,,,,,,1,0,0,0,1,0,1,,,,,,WOS:000830839400007,
J,"Saeki, Ikuyo; Hirao, Akira S.; Kenta, Tanaka; Nagamitsu, Teruyoshi; Hiura, Tsutom",,,,,,,,"Landscape genetics of a threatened maple, Acer miyabei: Implications for restoring riparian forest connectivity",,,,,,,,BIOLOGICAL CONSERVATION,,,,220,,,,299,307,,,,10.1016/j.biocon.2018.01.018,,,,,,,Article,APR 2018,2018,,,,,,,,,,6,1,0,0,5,0,7,,,,,,WOS:000429765000033,
J,"Werdel, Ty J.; Piper, Colleen W.; Ricketts, Andrew M.; Peek, Matthew S.; Sullins, Dan S.; Ahlers, Adam A.",,,,,,,,Strategic grassland conservation for swift foxes in multi-use landscapes,,,,,,,,BIOLOGICAL CONSERVATION,,,,277,,,,,,109864,,,10.1016/j.biocon.2022.109864,,,,,DEC 2022,,Article,JAN 2023,2023,,,,,,,,,,0,0,0,0,0,0,0,,,,,,WOS:000906181200001,
J,"Gu, Bojian; Weng, Yue; Diao, Yixin; Zhao, Qianqian; Zhang, Zhuojin; Tian, Siyuan; Bai, Linzhuang; Wang, Fang",,,,,,,,Is livestock grazing compatible with green peafowl (Pavo muticus) conservation? Potential chance of peafowl-human coexistence,,,,,,,,BIOLOGICAL CONSERVATION,,,,275,,,,,,109772,,,10.1016/j.biocon.2022.109772,,,,,,,Article,NOV 2022,2022,,,,,,,,,,0,0,0,0,0,0,0,,,,,,WOS:000874821700001,
J,"Rodriguez-Caro, Roberto C.; Wiegand, Thorsten; White, Easton R.; Sanz-Aguilar, Ana; Gimenez, Andres; Gracia, Eva; van Benthem, Koen J.; Anadon, Jose D.",,,,,,,,A low cost approach to estimate demographic rates using inverse modeling,,,,,,,,BIOLOGICAL CONSERVATION,,,,237,,,,358,365,,,,10.1016/j.biocon.2019.07.011,,,,,,,Article,SEP 2019,2019,,,,,,,,,,8,0,0,0,6,0,8,,,,,,WOS:000488314700039,
J,"Stobo-Wilson, A. M.; Stokeld, D.; Einoder, L. D.; Davies, H. F.; Fisher, A.; Hill, B. M.; Mahney, T.; Murphy, B. P.; Scroggie, M. P.; Stevens, A.; Woinarski, J. C. Z.; Rangers, Bawinanga; Rangers, Warddeken; Gillespie, G. R.",,,,,,,,Bottom-up and top-down processes influence contemporary patterns of mammal species richness in Australia's monsoonal tropics,,,,,,,,BIOLOGICAL CONSERVATION,,,,247,,,,,,108638,,,10.1016/j.biocon.2020.108638,,,,,,,Article,JUL 2020,2020,,,,,,,,,,14,0,0,0,12,0,14,,,,,,WOS:000540247600026,
J,"Zipkin, Elise F.; Saunders, Sarah P.",,,,,,,,Synthesizing multiple data types for biological conservation using integrated population models,,,,,,,,BIOLOGICAL CONSERVATION,,,,217,,,,240,250,,,,10.1016/j.biocon.2017.10.017,,,,,,,Review,JAN 2018,2018,,,,,,,,,,118,0,0,0,106,0,119,,,,,,WOS:000423005200028,
J,"Zhao, Qing; Mitchell, Greg W.; Cadman, Michael D.; Kusack, Jackson W.; Evans, Dean R.; Bumelis, Kaelyn; Hobson, Keith A.; Weegman, Mitch D.; Salvadori, Antonio; Wilson, Scott",,,,,,,,Integrating regional and site-level data to assess drivers of population decline in a threatened aerial insectivorous bird,,,,,,,,BIOLOGICAL CONSERVATION,,,,265,,,,,,109424,,,10.1016/j.biocon.2021.109424,,,,,,,Article,JAN 2022,2022,,,,,,,,,,3,0,0,0,2,0,2,,,,,,WOS:000820027500012,
J,"Scoleri, Vincent P.; Johnson, Christopher N.; Vertigan, Peter; Jones, Menna E.",,,,,,,,Conservation trade-offs: Island introduction of a threatened predator suppresses invasive mesopredators but eliminates a seabird colony,,,,,,,,BIOLOGICAL CONSERVATION,,,,248,,,,,,108635,,,10.1016/j.biocon.2020.108635,,,,,,,Article,AUG 2020,2020,,,,,,,,,,5,0,0,0,5,0,6,,,,,,WOS:000556843900013,
J,"Jimenez, Jose; Carlos Nunez-Arjona, Juan; Mougeot, Francois; Ferreras, Pablo; Mariano Gonzalez, Luis; Garcia-Dominguez, Francisco; Munoz-Igualada, Jaime; Jesus Palacios, Maria; Pla, Samuel; Rueda, Carmen; Villaespesa, Francisco; Najera, Fernando; Palomares, Francisco; Vicente Lopez-Bao, Jose",,,,,,,,Restoring apex predators can reduce mesopredator abundances,,,,,,,,BIOLOGICAL CONSERVATION,,,,238,,,,,,108234,,,10.1016/j.biocon.2019.108234,,,,,,,Article,OCT 2019,2019,,,,,,,,,,33,0,0,0,30,0,33,,,,,,WOS:000497252700029,
J,"Bennett, Ruth E.; Rodewald, Amanda D.; Rosenberg, Kenneth, V",,,,,,,,Overlooked sexual segregation of habitats exposes female migratory landbirds to threats,,,,,,,,BIOLOGICAL CONSERVATION,,,,240,,,,,,108266,,,10.1016/j.biocon.2019.108266,,,,,,,Article,DEC 2019,2019,,,,,,,,,,9,0,0,0,9,0,9,,,,,,WOS:000501400000001,
J,"Weng, Yue; McShea, William; Diao, Yixin; Yang, Hongbo; Zhang, Xiaofeng; Gu, Bojian; Bu, Hongliang; Wang, Fang",,,,,,,,The incursion of free-ranging dogs into protected areas: A spatio-temporal analysis in a network of giant panda reserves,,,,,,,,BIOLOGICAL CONSERVATION,,,,265,,,,,,109423,,,10.1016/j.biocon.2021.109423,,,,,,,Article,JAN 2022,2022,,,,,,,,,,5,0,0,0,3,0,5,,,,,,WOS:000820027500011,
J,"Monzon, Javier D.; Friedenberg, Nicholas A.",,,,,,,,Metrics of population status for long-lived territorial birds: A case study of golden eagle demography,,,,,,,,BIOLOGICAL CONSERVATION,,,,220,,,,280,289,,,,10.1016/j.biocon.2018.02.023,,,,,,,Article,APR 2018,2018,,,,,,,,,,5,0,0,0,5,0,6,,,,,,WOS:000429765000031,
J,"Stuber, Erica F.; Fontaine, Joseph J.",,,,,,,,Ecological neighborhoods as a framework for umbrella species selection,,,,,,,,BIOLOGICAL CONSERVATION,,,,223,,,,112,119,,,,10.1016/j.biocon.2018.04.026,,,,,,,Article,JUL 2018,2018,,,,,,,,,,11,0,0,0,10,0,11,,,,,,WOS:000435061700012,
J,"Kral, Katherine C.; Hovick, Torre J.; Limb, Ryan F.; Harmon, Jason P.",,,,,,,,Multi-scale considerations for grassland butterfly conservation in agroecosystems,,,,,,,,BIOLOGICAL CONSERVATION,,,,226,,,,196,204,,,,10.1016/j.biocon.2018.08.002,,,,,,,Article,OCT 2018,2018,,,,,,,,,,16,0,0,0,13,0,16,,,,,,WOS:000445992900021,
J,"Johansson, Victor; Kindvall, Oskar; Askling, John; Franzen, Markus",,,,,,,,Intense grazing of calcareous grasslands has negative consequences for the threatened marsh fritillary butterfly,,,,,,,,BIOLOGICAL CONSERVATION,,,,239,,,,,,108280,,,10.1016/j.biocon.2019.108280,,,,,,,Article,NOV 2019,2019,,,,,,,,,,11,0,0,0,8,0,11,,,,,,WOS:000498750700001,
J,"Coppes, Joy; Kaemmerle, Jim-Lino; Gruenschachner-Berger, Veronika; Braunisch, Veronika; Bollmann, Kurt; Mollet, Pierre; Suchant, Rudi; Nopp-Mayr, Ursula",,,,,,,,Consistent effects of wind turbines on habitat selection of capercaillie across Europe,,,,,,,,BIOLOGICAL CONSERVATION,,,,244,,,,,,108529,,,10.1016/j.biocon.2020.108529,,,,,,,Article,APR 2020,2020,,,,,,,,,,8,0,0,0,9,0,9,,,,,,WOS:000526787400008,
J,"Hamilton, Grant; Corcoran, Evangeline; Denman, Simon; Hennekam, Molly Ellis; Koh, Lian Pin",,,,,,,,When you can't see the koalas for the trees: Using drones and machine learning in complex environments,,,,,,,,BIOLOGICAL CONSERVATION,,,,247,,,,,,108598,,,10.1016/j.biocon.2020.108598,,,,,,,Article,JUL 2020,2020,,,,,,,,,,9,0,0,0,8,0,10,,,,,,WOS:000540247600006,
J,"Parra, Guido J.; Cagnazzi, Daniele; Jedensjo, Maria; Ackermann, Corinne; Frere, Celine; Seddon, Jennifer; Nikolic, Natacha; Krutzen, Michael",,,,,,,,"Low genetic diversity, limited gene flow and widespread genetic bottleneck effects in a threatened dolphin species, the Australian humpback dolphin",,,,,,,,BIOLOGICAL CONSERVATION,,,,220,,,,192,200,,,,10.1016/j.biocon.2017.12.028,,,,,,,Article,APR 2018,2018,,,,,,,,,,22,0,0,0,23,0,24,,,,,,WOS:000429765000021,
J,"Vickruck, Jess L.; Best, Lincoln R.; Gavin, Michael P.; Devries, James H.; Galpern, Paul",,,,,,,,Pothole wetlands provide reservoir habitat for native bees in prairie croplands,,,,,,,,BIOLOGICAL CONSERVATION,,,,232,,,,43,50,,,,10.1016/j.biocon.2019.01.015,,,,,,,Article,APR 2019,2019,,,,,,,,,,30,0,0,0,25,0,30,,,,,,WOS:000460992700005,
J,"Liu, Gang; Li, Chao; Kessler, Mimi; Flatz, Ramona; Meng, Derong; Wei, Ming; Gong, Minghao",,,,,,,,"Geographic distance, landscape heterogeneity and migratory connectivity influence population genetic structure of farmland-dependent wintering birds and their conservation",,,,,,,,BIOLOGICAL CONSERVATION,,,,272,,,,,,109649,,,10.1016/j.biocon.2022.109649,,,,,JUN 2022,,Article,AUG 2022,2022,,,,,,,,,,0,0,0,0,0,0,0,,,,,,WOS:000823090300007,
J,"Barrile, Gabriel M.; Chalfoun, Anna D.; Walters, Annika W.",,,,,,,,"Livestock grazing, climatic variation, and breeding phenology jointly shape disease dynamics and survival in a wild amphibian",,,,,,,,BIOLOGICAL CONSERVATION,,,,261,,,,,,109247,,,10.1016/j.biocon.2021.109247,,,,,JUL 2021,,Article,SEP 2021,2021,,,,,,,,,,5,0,0,0,4,0,5,,,,,,WOS:000691602700002,
J,"Ascensao, Fernando; D'Amico, Marcello; Revilla, Eloy; Pereira, Henrique M.",,,,,,,,"Road encroachment mediates species occupancy, trait filtering and dissimilarity of passerine communities",,,,,,,,BIOLOGICAL CONSERVATION,,,,270,,,,,,109590,,,10.1016/j.biocon.2022.109590,,,,,MAY 2022,,Article,JUN 2022,2022,,,,,,,,,,0,0,0,0,0,0,0,,,,,,WOS:000808451200002,
J,"Brambilla, Mattia; Rizzolli, Franco; Franzoi, Alessandro; Caldonazzi, Michele; Zanghellini, Sandro; Pedrini, Paolo",,,,,,,,A network of small protected areas favoured generalist but not specialized wetland birds in a 30-year period,,,,,,,,BIOLOGICAL CONSERVATION,,,,248,,,,,,108699,,,10.1016/j.biocon.2020.108699,,,,,,,Article,AUG 2020,2020,,,,,,,,,,6,0,0,0,4,0,7,,,,,,WOS:000556843900050,
J,"Robinson, Orin J.; Ruiz-Gutierrez, Viviana; Fink, Daniel; Meese, Robert J.; Holyoak, Marcel; Cooch, Evan G.",,,,,,,,Using citizen science data in integrated population models to inform conservation,,,,,,,,BIOLOGICAL CONSERVATION,,,,227,,,,361,368,,,,10.1016/j.biocon.2018.10.002,,,,,,,Article,NOV 2018,2018,,,,,,,,,,26,0,0,0,27,0,28,,,,,,WOS:000449129700041,
J,"Furnas, Brett J.",,,,,,,,Rapid and varied responses of songbirds to climate change in California coniferous forests,,,,,,,,BIOLOGICAL CONSERVATION,,,,241,,,,,,108347,,,10.1016/j.biocon.2019.108347,,,,,,,Article,JAN 2020,2020,,,,,,,,,,21,0,0,0,20,0,22,,,,,,WOS:000518695100073,
J,"Ambrozova, Lucie; Cizek, Lukas; Sladecek, Frantisek X. J.; Thorn, Simon",,,,,,,,Understanding the drivers of beta-diversity improves conservation prioritization for Central European dung beetles,,,,,,,,BIOLOGICAL CONSERVATION,,,,273,,,,,,109682,,,10.1016/j.biocon.2022.109682,,,,,AUG 2022,,Article,SEP 2022,2022,,,,,,,,,,0,0,0,0,0,0,0,,,,,,WOS:000848351600007,
J,"Crawford, Brian A.; Olds, Melanie J.; Maerz, John C.; Moore, Clinton T.",,,,,,,,Estimating population persistence for at-risk species using citizen science data,,,,,,,,BIOLOGICAL CONSERVATION,,,,243,,,,,,108489,,,10.1016/j.biocon.2020.108489,,,,,,,Article,MAR 2020,2020,,,,,,,,,,6,0,0,0,5,0,6,,,,,,WOS:000526787100012,
J,"Tiberti, Rocco; Mangiacotti, Marco; Bennati, Rolando",,,,,,,,The upward elevational shifts of pond breeding amphibians following climate warming,,,,,,,,BIOLOGICAL CONSERVATION,,,,253,,,,,,108911,,,10.1016/j.biocon.2020.108911,,,,,,,Article,JAN 2021,2021,,,,,,,,,,6,0,0,0,4,0,6,,,,,,WOS:000609483300014,
J,"Beduschi, Tatiane; Kormann, Urs G.; Tscharntke, Teja; Scherber, Christoph",,,,,,,,"Spatial community turnover of pollinators is relaxed by semi-natural habitats, but not by mass-flowering crops in agricultural landscapes",,,,,,,,BIOLOGICAL CONSERVATION,,,,221,,,,59,66,,,,10.1016/j.biocon.2018.01.016,,,,,,,Article,MAY 2018,2018,,,,,,,,,,13,1,0,0,10,0,14,,,,,,WOS:000431837800007,
J,"Cardoso, Maira R.; Matos, Fabio A. R.; Almeida, Sara M.; Silva, Larissa C.; Cerqueira, Pablo V.; Santos, Marcos P. D.; Edwards, David P.",,,,,,,,Connected riparian reserves retain high avian phylogenetic diversity in Amazonian oil palm,,,,,,,,BIOLOGICAL CONSERVATION,,,,259,,,,,,109171,,,10.1016/j.biocon.2021.109171,,,,,MAY 2021,,Article,JUL 2021,2021,,,,,,,,,,1,0,0,0,1,0,1,,,,,,WOS:000659223500012,
J,"Gomes-dos-Santos, Andre; Froufe, Elsa; Goncalves, Duarte V.; Sousa, Ronaldo; Prie, Vincent; Ghamizi, Mohamed; Benaissa, Hassan; Varandas, Simone; Teixeira, Amilcar; Lopes-Lima, Manuel",,,,,,,,"Freshwater conservation assessments in (semi-)arid regions: Testing river intermittence and buffer strategies using freshwater mussels (Bivalvia, Unionida) in Morocco",,,,,,,,BIOLOGICAL CONSERVATION,,,,236,,,,420,434,,,,10.1016/j.biocon.2019.05.038,,,,,,,Article,AUG 2019,2019,,,,,,,,,,14,0,0,0,14,0,14,,,,,,WOS:000483908400047,
J,"Ceballos, Gerardo; Ehrlich, Paul R.; Pacheco, Jesus; Valverde-Zuniga, Natalia; Daily, Gretchen C.",,,,,,,,Conservation in human-dominated landscapes: Lessons from the distribution of the Central American squirrel monkey,,,,,,,,BIOLOGICAL CONSERVATION,,,,237,,,,41,49,,,,10.1016/j.biocon.2019.06.008,,,,,,,Article,SEP 2019,2019,,,,,,,,,,1,0,0,0,0,0,1,,,,,,WOS:000488314700005,
J,"Karanth, K. Ullas; Kumar, N. Samba; Karanth, Krithi K.",,,,,,,,Tigers against the odds: Applying macro-ecology to species recovery in India,,,,,,,,BIOLOGICAL CONSERVATION,,,,252,,,,,,108846,,,10.1016/j.biocon.2020.108846,,,,,,,Article,DEC 2020,2020,,,,,,,,,,7,0,0,0,6,0,7,,,,,,WOS:000599921700007,
J,"Salvatori, Marco; Tenan, Simone; Oberosler, Valentina; Augugliaro, Claudio; Christe, Philippe; Groff, Claudio; Krofel, Miha; Zimmermann, Fridolin; Rovero, Francesco",,,,,,,,"Co-occurrence of snow leopard, wolf and Siberian ibex under livestock encroachment into protected areas across the Mongolian Altai",,,,,,,,BIOLOGICAL CONSERVATION,,,,261,,,,,,109294,,,10.1016/j.biocon.2021.109294,,,,,AUG 2021,,Article,SEP 2021,2021,,,,,,,,,,6,0,0,0,5,0,6,,,,,,WOS:000694720000008,
J,"Donaldson, Lynda; Bennie, Jonathan J.; Wilson, Robert J.; Maclean, Ilya M. D.",,,,,,,,Designing effective protected area networks for multiple species,,,,,,,,BIOLOGICAL CONSERVATION,,,,258,,,,,,109125,,,10.1016/j.biocon.2021.109125,,,,,MAY 2021,,Article,JUN 2021,2021,,,,,,,,,,4,0,0,0,2,0,4,,,,,,WOS:000654277500003,
J,"Tillotson, Michael D.; Kelly, Ryan P.; Duda, Jeffrey J.; Hoy, Marshal; Kralj, James; Quinn, Thomas P.",,,,,,,,Concentrations of environmental DNA (eDNA) reflect spawning salmon abundance at fine spatial and temporal scales,,,,,,,,BIOLOGICAL CONSERVATION,,,,220,,,,1,11,,,,10.1016/j.biocon.2018.01.030,,,,,,,Article,APR 2018,2018,,,,,,,,,,90,9,0,0,85,0,103,,,,,,WOS:000429765000001,
J,"Taillie, P. J.; Hart, K. M.; Sovie, A. R.; McCleery, R. A.",,,,,,,,Native mammals lack resilience to invasive generalist predator,,,,,,,,BIOLOGICAL CONSERVATION,,,,261,,,,,,109290,,,10.1016/j.biocon.2021.109290,,,,,AUG 2021,,Article,SEP 2021,2021,,,,,,,,,,1,0,0,0,1,0,1,,,,,,WOS:000694720000009,
J,"Andersen, Erik M.; Steidl, Robert J.",,,,,,,,Woody plant encroachment restructures bird communities in semiarid grasslands,,,,,,,,BIOLOGICAL CONSERVATION,,,,240,,,,,,108276,,,10.1016/j.biocon.2019.108276,,,,,,,Article,DEC 2019,2019,,,,,,,,,,13,0,0,0,10,0,13,,,,,,WOS:000501400000002,
J,"Owen-Smith, Norman",,,,,,,,"Ramifying effects of the risk of predation on African multi-predator, multi-prey large-mammal assemblages and the conservation implications",,,,,,,,BIOLOGICAL CONSERVATION,,,,232,,,,51,58,,,,10.1016/j.biocon.2019.01.027,,,,,,,Review,APR 2019,2019,,,,,,,,,,15,0,0,0,13,0,15,,,,,,WOS:000460992700006,
J,"Weier, Sina M.; Grass, Ingo; Linden, Valerie M. G.; Tscharntke, Teja; Taylor, Peter J.",,,,,,,,"Natural vegetation and bug abundance promote insectivorous bat activity in macadamia orchards, South Africa",,,,,,,,BIOLOGICAL CONSERVATION,,,,226,,,,16,23,,,,10.1016/j.biocon.2018.07.017,,,,,,,Article,OCT 2018,2018,,,,,,,,,,13,0,0,0,11,0,13,,,,,,WOS:000445992900003,
J,"Claireau, Fabien; Bas, Yves; Pauwels, Julie; Barre, Kevin; Machon, Nathalie; Allegrini, Benjamin; Puechmaille, Sebastien J.; Kerbiriou, Christian",,,,,,,,Major roads have important negative effects on insectivorous bat activity,,,,,,,,BIOLOGICAL CONSERVATION,,,,235,,,,53,62,,,,10.1016/j.biocon.2019.04.002,,,,,,,Article,JUL 2019,2019,,,,,,,,,,19,0,0,0,20,1,20,,,,,,WOS:000472696400005,
J,"Willmer, Julian Nicholas G.; Puettker, Thomas; Prevedello, Jayme Augusto",,,,,,,,Global impacts of edge effects on species richness,,,,,,,,BIOLOGICAL CONSERVATION,,,,272,,,,,,109654,,,10.1016/j.biocon.2022.109654,,,,,JUL 2022,,Article,AUG 2022,2022,,,,,,,,,,0,0,0,0,0,0,0,,,,,,WOS:000829233900005,
J,"Tempa, Tshering; Hebblewhite, Mark; Goldberg, Jousha F.; Norbu, Nawang; Wangchuk, Tshewang R.; Xiao, Wenhong; Mills, L. Scott",,,,,,,,The spatial distribution and population density of tigers in mountainous terrain of Bhutan,,,,,,,,BIOLOGICAL CONSERVATION,,,,238,,,,,,108192,,,10.1016/j.biocon.2019.07.037,,,,,,,Article,OCT 2019,2019,,,,,,,,,,14,0,0,0,12,0,15,,,,,,WOS:000497252700022,
J,"Yan, Yongzhi; Jarvie, Scott; Liu, Qingfu; Zhang, Qing",,,,,,,,Effects of fragmentation on grassland plant diversity depend on the habitat specialization of species,,,,,,,,BIOLOGICAL CONSERVATION,,,,275,,,,,,109773,,,10.1016/j.biocon.2022.109773,,,,,,,Article,NOV 2022,2022,,,,,,,,,,1,0,0,0,0,0,1,,,,,,WOS:000874821700002,
J,"Stern, Eleanor R.; Humphries, Murray M.",,,,,,,,"Interweaving local, expert, and Indigenous knowledge into quantitative wildlife analyses: A systematic review",,,,,,,,BIOLOGICAL CONSERVATION,,,,266,,,,,,109444,,,10.1016/j.biocon.2021.109444,,,,,,,Review,FEB 2022,2022,,,,,,,,,,0,0,0,0,0,0,0,,,,,,WOS:000819461000004,
J,"Boersch-Supan, Philipp H.; Trask, Amanda E.; Baillie, Stephen R.",,,,,,,,Robustness of simple avian population trend models for semi-structured citizen science data is species-dependent,,,,,,,,BIOLOGICAL CONSERVATION,,,,240,,,,,,108286,,,10.1016/j.biocon.2019.108286,,,,,,,Article,DEC 2019,2019,,,,,,,,,,23,0,0,0,22,0,23,,,,,,WOS:000501400000009,
J,"Sterrett, Sean C.; Katz, Rachel A.; Brand, Adrianne B.; Fields, William R.; Dietrich, Andrew E.; Hocking, Daniel J.; Foreman, Tasha M.; Wiewel, Amber N. M.; Grant, Evan H. Campbell",,,,,,,,Proactive management of amphibians: Challenges and opportunities,,,,,,,,BIOLOGICAL CONSERVATION,,,,236,,,,404,410,,,,10.1016/j.biocon.2019.05.057,,,,,,,Article,AUG 2019,2019,,,,,,,,,,13,0,0,0,11,0,13,,,,,,WOS:000483908400045,
J,"Scholl, Joshua P.; Urbina-Casanova, Rafael; Iler, Amy M.",,,,,,,,The importance of negative density dependence for rare species persistence,,,,,,,,BIOLOGICAL CONSERVATION,,,,274,,,,,,109729,,,10.1016/j.biocon.2022.109729,,,,,,,Article,OCT 2022,2022,,,,,,,,,,0,0,0,0,0,0,0,,,,,,WOS:000863345100012,
J,"Adams, Michael J.; Muths, Erin",,,,,,,,Conservation research across scales in a national program: How to be relevant to local management yet general at the same time,,,,,,,,BIOLOGICAL CONSERVATION,,,,236,,,,100,106,,,,10.1016/j.biocon.2019.05.027,,,,,,,Article,AUG 2019,2019,,,,,,,,,,3,0,0,0,3,0,3,,,,,,WOS:000483908400012,
J,"Berry, L. E.; Hotellier, F. A. L'; Carter, A.; Kemp, L.; Kavanagh, R. P.; Roshier, D. A.",,,,,,,,Patterns of habitat use by three threatened mammals 10 years after reintroduction into a fenced reserve free of introduced predators,,,,,,,,BIOLOGICAL CONSERVATION,,,,230,,,,1,9,,,,10.1016/j.biocon.2018.11.023,,,,,,,Article,FEB 2019,2019,,,,,,,,,,6,0,0,0,6,0,6,,,,,,WOS:000468703700002,
J,"Zhang, Xiong; Vincent, Amanda C. J.",,,,,,,,Conservation prioritization for seahorses (Hippocampus spp.) at broad spatial scales considering socioeconomic costs,,,,,,,,BIOLOGICAL CONSERVATION,,,,235,,,,79,88,,,,10.1016/j.biocon.2019.04.008,,,,,,,Article,JUL 2019,2019,,,,,,,,,,3,1,0,0,2,0,4,,,,,,WOS:000472696400008,
J,"Kryshak, Nicholas F.; Fountain, Emily D.; Hofstadter, Daniel F.; Dotters, Brian P.; Roberts, Kevin N.; Wood, Connor M.; Kelly, Kevin G.; Schwarcz, Isabel F.; Kulzer, Paige J.; Wray, Amy K.; Kramer, H. Anu; Dumbacher, John P.; Keane, John J.; Shaklee, Paula A.; Gutierrez, R. J.; Peery, M. Zachariah",,,,,,,,DNA metabarcoding reveals the threat of rapidly expanding barred owl populations to native wildlife in western North America,,,,,,,,BIOLOGICAL CONSERVATION,,,,273,,,,,,109678,,,10.1016/j.biocon.2022.109678,,,,,AUG 2022,,Article,SEP 2022,2022,,,,,,,,,,0,0,0,0,0,0,0,,,,,,WOS:000848351600003,
J,"Nakamura, Monia; Rio-Maior, Helena; Godinho, Raquel; Petrucci-Fonseca, Francisco; Alvares, Francisco",,,,,,,,Source-sink dynamics promote wolf persistence in human-modified landscapes: Insights from long-term monitoring,,,,,,,,BIOLOGICAL CONSERVATION,,,,256,,,,,,109075,,,10.1016/j.biocon.2021.109075,,,,,MAR 2021,,Article,APR 2021,2021,,,,,,,,,,6,0,0,0,6,0,7,,,,,,WOS:000640903800007,
J,"Friedenberg, Nicholas A.; Frick, Winifred F.",,,,,,,,Assessing fatality minimization for hoary bats amid continued wind energy development,,,,,,,,BIOLOGICAL CONSERVATION,,,,262,,,,,,109309,,,10.1016/j.biocon.2021.109309,,,,,SEP 2021,,Article,OCT 2021,2021,,,,,,,,,,18,0,0,0,9,0,18,,,,,,WOS:000703199600010,
J,"Sierra, Adriel M.; Toledo, Jose J.; Nascimento, Henrique E.; Pereira, Marta R.; Zartman, Charles E.",,,,,,,,Are extinction debts reflected in temporal changes of life history trait profiles? A fifteen-year reappraisal of bryophyte metacommunities in a fragmented landscape,,,,,,,,BIOLOGICAL CONSERVATION,,,,238,,,,,,108218,,,10.1016/j.biocon.2019.108218,,,,,,,Article,OCT 2019,2019,,,,,,,,,,2,0,0,0,3,1,3,,,,,,WOS:000497252700034,
J,"Vieira, Marcus Vinicius; Almeida-Gomes, Mauricio; Delciellos, Aria Claudia; Cerqueira, Rui; Crouzeilles, Renato",,,,,,,,Fair tests of the habitat amount hypothesis require appropriate metrics of patch isolation: An example with small mammals in the Brazilian Atlantic Forest,,,,,,,,BIOLOGICAL CONSERVATION,,,,226,,,,264,270,,,,10.1016/j.biocon.2018.08.008,,,,,,,Article,OCT 2018,2018,,,,,,,,,,18,0,0,0,14,0,18,,,,,,WOS:000445992900028,
J,"Napoleone, Francesca; Probo, Massimiliano; Mariotte, Pierre; Enri, Simone Ravetto; Lonati, Michele; Argenti, Giovanni; Burrascano, Sabina",,,,,,,,Agri-environmental payments drive the conservation and forage value of semi-natural grasslands by modifying fine-scale grazing intensity,,,,,,,,BIOLOGICAL CONSERVATION,,,,269,,,,,,109531,,,10.1016/j.biocon.2022.109531,,,,,APR 2022,,Article,MAY 2022,2022,,,,,,,,,,1,0,0,0,1,0,1,,,,,,WOS:000793750300009,
J,"Puig-Girones, Roger; Brotons, Lluis; Pons, Pere",,,,,,,,"Aridity, fire severity and proximity of populations affect the temporal responses of open-habitat birds to wildfires",,,,,,,,BIOLOGICAL CONSERVATION,,,,272,,,,,,109661,,,10.1016/j.biocon.2022.109661,,,,,JUL 2022,,Article,AUG 2022,2022,,,,,,,,,,2,0,0,0,0,0,2,,,,,,WOS:000830527100001,
J,"Bell, I. P.; Meager, J. J.; Eguchi, T.; Dobbs, K. A.; Miller, J. D.; Hof, C. A. Madden",,,,,,,,Twenty-eight years of decline: Nesting population demographics and trajectory of the north-east Queensland endangered hawksbill turtle (Eretmochelys irnbricata),,,,,,,,BIOLOGICAL CONSERVATION,,,,241,,,,,,108376,,,10.1016/j.biocon.2019.108376,,,,,,,Article,JAN 2020,2020,,,,,,,,,,8,0,0,0,8,0,8,,,,,,WOS:000518695100025,
J,"Rashid, Wajid; Shi, Jianbin; Rahim, Inam Ur; Sultan, Hameeda; Dong, Shikui; Ahmad, Latif",,,,,,,,Research trends and management options in human-snow leopard conflict,,,,,,,,BIOLOGICAL CONSERVATION,,,,242,,,,,,108413,,,10.1016/j.biocon.2020.108413,,,,,,,Review,FEB 2020,2020,,,,,,,,,,18,0,0,0,11,0,18,,,,,,WOS:000517855100029,
J,"Fattebert, Julien; Michel, Vanja; Scherler, Patrick; Naef-Daenzer, Beat; Milanesi, Pietro; Gruebler, Martin U.",,,,,,,,Little owls in big landscapes: Informing conservation using multi-level resource selection functions,,,,,,,,BIOLOGICAL CONSERVATION,,,,228,,,,1,9,,,,10.1016/j.biocon.2018.09.032,,,,,,,Article,DEC 2018,2018,,,,,,,,,,13,0,0,0,13,0,13,,,,,,WOS:000452815200001,
J,"Loeffler, Franz; Poniatowski, Dominik; Fartmann, Thomas",,,,,,,,Extinction debt across three taxa in well-connected calcareous grasslands,,,,,,,,BIOLOGICAL CONSERVATION,,,,246,,,,,,108588,,,10.1016/j.biocon.2020.108588,,,,,,,Article,JUN 2020,2020,,,,,,,,,,21,1,0,0,20,0,21,,,,,,WOS:000536149100011,
J,"Franklin, Thomas W.; McKelvey, Kevin S.; Golding, Jessie D.; Mason, Daniel H.; Dysthe, Joseph C.; Pilgrim, Kristine L.; Squires, John R.; Aubry, Keith B.; Long, Robert A.; Greaves, Samuel E.; Raley, Catherine M.; Jackson, Scott; MacKay, Paula; Lisbon, Joshua; Sauder, Joel D.; Pruss, Michael T.; Heffington, Don; Schwartz, Michael K.",,,,,,,,Using environmental DNA methods to improve winter surveys for rare carnivores: DNA from snow and improved noninvasive techniques,,,,,,,,BIOLOGICAL CONSERVATION,,,,229,,,,50,58,,,,10.1016/j.biocon.2018.11.006,,,,,,,Article,JAN 2019,2019,,,,,,,,,,39,1,1,0,34,0,41,,,,,,WOS:000456638300008,
J,"Rees, M. W.; Pascoe, J. H.; Wintle, B. A.; Le Pla, M.; Birnbaum, E. K.; Hradsky, B. A.",,,,,,,,Unexpectedly high densities of feral cats in a rugged temperate forest,,,,,,,,BIOLOGICAL CONSERVATION,,,,239,,,,,,108287,,,10.1016/j.biocon.2019.108287,,,,,,,Article,NOV 2019,2019,,,,,,,,,,9,0,0,0,7,0,9,,,,,,WOS:000498750700014,
J,"Gallinat, Amanda S.; Primack, Richard B.; Lloyd-Evans, Trevor L.",,,,,,,,Can invasive species replace native species as a resource for birds under climate change? A case study on bird-fruit interactions,,,,,,,,BIOLOGICAL CONSERVATION,,,,241,,,,,,108268,,,10.1016/j.biocon.2019.108268,,,,,,,Article,JAN 2020,2020,,,,,,,,,,9,0,0,0,7,0,9,,,,,,WOS:000518695100047,
J,"Pikesley, Stephen K.; Agamboue, Pierre Didier; Bayet, Jean Pierre; Bibang, Jean Noel; Bonguno, Eric Augowet; Boussamba, Francois; Broderick, Annette C.; Coyne, Michael S.; Du Plessis, Philippe; Faure, Francois Edgard; Fay, J. Michael; Formia, Angela; Godley, Brendan J.; Kema, Judicael Regis Kema; Mabert, Brice Didier Koumba; Manfoumbi, Jean Churley; Asseko, Georges Mba; Metcalfe, Kristian; Minton, Gianna; Nelms, Sarah; Ngouessono, Solange; Nzegoue, Jacob; Ogandanga, Carole; Oliwina, Carmen Karen Kouerey; Otsagha, Franck; Parnell, Richard J.; Gnandji, Micheline Schummer; Sounguet, Guy-Philippe; Wada, Mesmin; White, Lee; Witt, Matthew J.",,,,,,,,"A novel approach to estimate the distribution, density and at-sea risks of a centrally-placed mobile marine vertebrate",,,,,,,,BIOLOGICAL CONSERVATION,,,,221,,,,246,256,,,,10.1016/j.biocon.2018.03.011,,,,,,,Article,MAY 2018,2018,,,,,,,,,,11,0,0,0,9,0,11,,,,,,WOS:000431837800027,
J,"Walker, Susan; Monks, Adrian; Innes, John",,,,,,,,Thermal squeeze will exacerbate declines in New Zealand's endemic forest birds,,,,,,,,BIOLOGICAL CONSERVATION,,,,237,,,,166,174,,,,10.1016/j.biocon.2019.07.004,,,,,,,Article,SEP 2019,2019,,,,,,,,,,9,0,0,0,9,0,9,,,,,,WOS:000488314700019,
J,"Blount, J. David; Chynoweth, Mark W.; Green, Austin M.; Sekercioglu, Cagan H.",,,,,,,,Review: COVID-19 highlights the importance of camera traps for wildlife conservation research and management,,,,,,,,BIOLOGICAL CONSERVATION,,,,256,,,,,,108984,,,10.1016/j.biocon.2021.108984,,,,,APR 2021,,Review,APR 2021,2021,,,,,,,,,,11,0,0,0,10,0,12,,,,,,WOS:000640904500017,36531528
J,"Stewart, Frances E. C.; Volpe, John P.; Eaton, Brian R.; Hood, Glynnis A.; Vujnovic, Dragomir; Fisher, Jason T.",,,,,,,,Protected areas alone rarely predict mammalian biodiversity across spatial scales in an Albertan working landscape,,,,,,,,BIOLOGICAL CONSERVATION,,,,240,,,,,,108252,,,10.1016/j.biocon.2019.108252,,,,,,,Article,DEC 2019,2019,,,,,,,,,,3,0,0,0,2,0,3,,,,,,WOS:000501400000015,
J,"Rose, Jonathan P.; Halstead, Brian J.; Fisher, Robert N.",,,,,,,,Integrating multiple data sources and multi-scale land-cover data to model the distribution of a declining amphibian,,,,,,,,BIOLOGICAL CONSERVATION,,,,241,,,,,,108374,,,10.1016/j.biocon.2019.108374,,,,,,,Article,JAN 2020,2020,,,,,,,,,,7,0,0,0,6,0,7,,,,,,WOS:000518695100031,
J,"Helbing, Felix; Fartmann, Thomas; Poniatowski, Dominik",,,,,,,,Restoration measures foster biodiversity of important primary consumers within calcareous grasslands,,,,,,,,BIOLOGICAL CONSERVATION,,,,256,,,,,,109058,,,10.1016/j.biocon.2021.109058,,,,,MAR 2021,,Article,APR 2021,2021,,,,,,,,,,6,1,0,0,5,0,6,,,,,,WOS:000640904800010,
J,"Amirkhiz, Reza Goljani; Frey, Jennifer K.; Cain, James W.; Breck, Stewart W., III; Bergman, David L.",,,,,,,,Predicting spatial factors associated with cattle depredations by the Mexican wolf (Canis lupus baileyi) with recommendations for depredation risk modeling,,,,,,,,BIOLOGICAL CONSERVATION,,,,224,,,,327,335,,,,10.1016/j.biocon.2018.06.013,,,,,,,Article,AUG 2018,2018,,,,,,,,,,10,0,0,0,10,0,10,,,,,,WOS:000439537600037,
J,"Cross, Todd B.; Latif, Quresh S.; Dudley, Jonathan G.; Saab, Victoria A.",,,,,,,,Lewis's woodpecker nesting habitat suitability: Predictive models for application within burned forests,,,,,,,,BIOLOGICAL CONSERVATION,,,,253,,,,,,108811,,,10.1016/j.biocon.2020.108811,,,,,,,Article,JAN 2021,2021,,,,,,,,,,0,0,0,0,0,0,0,,,,,,WOS:000611989800019,
J,"Beggs, Richard; Pierson, Jennifer; Tulloch, Ayesha I. T.; Blanchard, Wade; Westgate, Martin J.; Lindenmayer, David",,,,,,,,An experimental test of a compensatory nest predation model following lethal control of an overabundant native species,,,,,,,,BIOLOGICAL CONSERVATION,,,,231,,,,122,132,,,,10.1016/j.biocon.2019.01.003,,,,,,,Article,MAR 2019,2019,,,,,,,,,,13,0,0,0,11,0,13,,,,,,WOS:000459357500014,
J,"Schank, Cody J.; Cove, Michael, V; Arima, Eugenio Y.; Brandt, Laroy S. E.; Brenes-Mora, Esteban; Carver, Andrew; Diaz-Pulido, Angelica; Estrada, Nereyda; Foster, Rebecca J.; Godinez-Gomez, Oscar; Harmsen, Bart J.; Jordan, Christopher A.; Keitt, Timothy H.; Kelly, Marcella J.; Saenz Mendez, Joel; Mendoza, Eduardo; Meyer, Ninon; Pozo Montuy, Gilberto; Naranjo, Eduardo J.; Nielsen, Clayton K.; O'Farrill, Georgina; Reyna-Hurtado, Rafael; Rivero, Marina; Carvajal Sanchez, Jose Pablo; Singleton, Maggie; Antonio de la Torre, J.; Wood, Margot A.; Young, Kenneth R.; Miller, Jennifer A.",,,,,,,,"Population status, connectivity, and conservation action for the endangered Baird's tapir",,,,,,,,BIOLOGICAL CONSERVATION,,,,245,,,,,,108501,,,10.1016/j.biocon.2020.108501,,,,,,,Article,MAY 2020,2020,,,,,,,,,,7,0,0,0,6,1,8,,,,,,WOS:000532824200002,
J,"Miro, Alexandre; Sabas, Ibor; Ventura, Marc",,,,,,,,Large negative effect of non-native trout and minnows on Pyrenean lake amphibians,,,,,,,,BIOLOGICAL CONSERVATION,,,,218,,,,144,153,,,,10.1016/j.biocon.2017.12.030,,,,,,,Article,FEB 2018,2018,,,,,,,,,,27,0,0,0,26,0,27,,,,,,WOS:000424177400018,
J,"Chen, Xing; Zhao, Jun; Chen, Yan-hua; Zhou, Wei; Hughes, Alice C.",,,,,,,,Automatic standardized processing and identification of tropical bat calls using deep learning approaches,,,,,,,,BIOLOGICAL CONSERVATION,,,,241,,,,,,108269,,,10.1016/j.biocon.2019.108269,,,,,,,Article,JAN 2020,2020,,,,,,,,,,16,1,0,0,15,0,17,,,,,,WOS:000518695100048,
J,"Hooftman, Danny; Kimberley, Adam; Cousins, Sara A. O.; Escribano-Avila, Gema; Honnay, Olivier; Krickl, Patricia; Plue, Jan; Poschlod, Peter; Traveset, Anna; Bullock, James M.",,,,,,,,"Dispersal limitation, eutrophication and propagule pressure constrain the conservation value of Grassland Green Infrastructure",,,,,,,,BIOLOGICAL CONSERVATION,,,,258,,,,,,109152,,,10.1016/j.biocon.2021.109152,,,,,MAY 2021,,Article,JUN 2021,2021,,,,,,,,,,5,0,0,0,3,0,5,,,,,,WOS:000654277500006,
