Publication Type,Authors,Book Authors,Group Authors,Book Group Authors,Researcher Ids,ORCIDs,Book Editors,Author - Arabic,Article Title,Article Title - SciELO,Article Title - SciELO,Article Title - Chinese,Article Title - Russian,Patent Number,Patent Assignee,Source Title - Arabic,Source Title,Source Title - Korean,Book Series Title,Book Series Subtitle,Volume,Issue,Special Issue,Meeting Abstract,Start Page,End Page,Article Number,Version,Version History,DOI,Book DOI,License Name,License URI,License Description,Early Access Date,Supplement,Document Type,Publication Date,Publication Year,Abstract,Abstract - Foreign,Abstract - English Transliteration ,Abstract - Foreign,Abstract - Korean,Conference Title,Conference Date,Conference Sponsor,Conference Location,"Times Cited, WoS Core","Times Cited, CSCD ","Times Cited, RSCI","Times Cited, ARCI","Times Cited, BCI","Times Cited, SCIELO","Times Cited, All Databases",180 Day Usage Count,Since 2013 Usage Count,ISSN,eISSN,ISBN,UT (Unique ID),Pubmed Id
J,"Broeder, Linda; Tatin, Laurent; Hochkirch, Axel; Schuld, Andreas; Pabst, Lucas; Besnard, Aurelien",,,,,,,,Optimization of capture-recapture monitoring of elusive species illustrated with a threatened grasshopper,,,,,,,,CONSERVATION BIOLOGY,,,,34,3,,,743,753,,,,10.1111/cobi.13449,,,,,,,Article,JUN 2020,2020,,,,,,,,,,3,0,0,0,1,0,3,,,,,,WOS:000535123300020,31825105
J,"Gupta, Amrita; Dilkina, Bistra; Morin, Dana J.; Fuller, Angela K.; Royle, J. Andrew; Sutherland, Christopher; Gomes, Carla P.",,,,,,,,Reserve design to optimize functional connectivity and animal density,,,,,,,,CONSERVATION BIOLOGY,,,,33,5,,,1023,1034,,,,10.1111/cobi.13369,,,,,JUL 2019,,Article,OCT 2019,2019,,,,,,,,,,10,0,0,0,10,0,10,,,,,,WOS:000477268200001,31209924
J,"Ryan, Gerard Edward; Nicholson, Emily; Eames, Jonathan C.; Gray, Thomas N. E.; Loveridge, Robin; Mahood, Simon P.; Sum, Phearun; McCarthy, Michael A.",,,,,,,,Simultaneous-count models to estimate abundance from counts of unmarked individuals with imperfect detection,,,,,,,,CONSERVATION BIOLOGY,,,,33,3,,,697,708,,,,10.1111/cobi.13261,,,,,,,Article,JUN 2019,2019,,,,,,,,,,1,0,0,0,1,0,1,,,,,,WOS:000467327300021,30615823
J,"Wood, Connor M.; Klinck, Holger; Gustafson, Michaela; Keane, John J.; Sawyer, Sarah C.; Gutierrez, R. J.; Peery, M. Zachariah",,,,,,,,Using the ecological significance of animal vocalizations to improve inference in acoustic monitoring programs,,,,,,,,CONSERVATION BIOLOGY,,,,35,1,,,336,345,,,,10.1111/cobi.13516,,,,,AUG 2020,,Article,FEB 2021,2021,,,,,,,,,,19,0,0,0,18,0,20,,,,,,WOS:000560841100001,32297668
J,"Armstrong, Doug P.; Boulton, Rebecca L.; McArthur, Nikki; Govella, Susanne; Gorman, Nic; Pike, Rhonda; Richard, Yvan",,,,,,,,Using experimental reintroductions to resolve the roles of habitat quality and metapopulation dynamics on patch occupancy in fragmented landscapes,,,,,,,,CONSERVATION BIOLOGY,,,,36,3,,,,,,,,10.1111/cobi.13843,,,,,NOV 2021,,Article,JUN 2022,2022,,,,,,,,,,2,0,0,0,2,0,2,,,,,,WOS:000723555500001,34596288
J,"Martinez-Abrain, Alejandro; Galan, Pedro",,,,,,,,A test of the substitution-habitat hypothesis in amphibians,,,,,,,,CONSERVATION BIOLOGY,,,,32,3,,,725,730,,,,10.1111/cobi.13062,,,,,,,Article,JUN 2018,2018,,,,,,,,,,3,0,0,0,2,0,3,,,,,,WOS:000433570000022,29218741
J,"Meyer, Ninon F., V; Moreno, Ricardo; Sutherland, Christopher; Antonio de la Torre, J.; Esser, Helen J.; Jordan, Christopher A.; Olnaos, Melva; Ortega, Josue; Reyna-Hurtado, Rafael; Valdes, Samuel; Jansen, Patrick A.",,,,,,,,Effectiveness of Panama as an intercontinental land bridge for large mammals,,,,,,,,CONSERVATION BIOLOGY,,,,34,1,,,207,219,,,,10.1111/cobi.13384,,,,,AUG 2019,,Article,FEB 2020,2020,,,,,,,,,,12,0,0,0,14,1,14,,,,,,WOS:000480015400001,31385631
J,"Boakes, Elizabeth H.; Isaac, Nicholas J. . B.; Fuller, Richard A.; Mace, Georgina M.; McGowan, Philip J. K.",,,,,,,,Examining the relationship between local extinction risk and position in range,,,,,,,,CONSERVATION BIOLOGY,,,,32,1,,,229,239,,,,10.1111/cobi.12979,,,,,,,Article,FEB 2018,2018,,,,,,,,,,31,0,0,0,28,0,31,,,,,,WOS:000419240100022,28678438
J,"Louvrier, Julie; Molinari-Jobin, Anja; Kery, Marc; Chambert, Thierry; Miller, David; Zimmermann, Fridolin; Marboutin, Eric; Molinari, Paolo; Mueller, Oliver; Cerne, Rok; Gimenez, Olivier",,,,,,,,Use of ambiguous detections to improve estimates from species distribution models,,,,,,,,CONSERVATION BIOLOGY,,,,33,1,,,185,195,,,,10.1111/cobi.13191,,,,,,,Article,FEB 2019,2019,,,,,,,,,,7,0,0,0,7,0,7,,,,,,WOS:000455121500019,30009479
J,"Williamson, Matthew A.; Dickson, Brett G.; Hooten, Mevin B.; Graves, Rose A.; Lubell, Mark N.; Schwartz, Mark W.",,,,,,,,Improving inferences about private land conservation by accounting for incomplete reporting,,,,,,,,CONSERVATION BIOLOGY,,,,35,4,,,1174,1185,,,,10.1111/cobi.13673,,,,,MAR 2021,,Article,AUG 2021,2021,,,,,,,,,,4,0,0,0,2,0,4,,,,,,WOS:000626078000001,33319392
J,"Alcala, Nicolas; Launer, Alan E.; Westphal, Michael F.; Seymour, Richard; Cole, Esther M.; Rosenberg, Noah A.",,,,,,,,Use of stochastic patch occupancy models in the California red-legged frog for Bayesian inference regarding past events and future persistence,,,,,,,,CONSERVATION BIOLOGY,,,,33,3,,,685,696,,,,10.1111/cobi.13192,,,,,,,Article,JUN 2019,2019,,,,,,,,,,1,0,0,0,1,0,1,,,,,,WOS:000467327300020,30019427
J,"Gallo, Travis; Lehrer, Elizabeth W.; Fidino, Mason; Kilgour, R. Julia; Wolff, Patrick J.; Magle, Seth B.",,,,,,,,Need for multiscale planning for conservation of urban bats,,,,,,,,CONSERVATION BIOLOGY,,,,32,3,,,638,647,,,,10.1111/cobi.13047,,,,,,,Article,JUN 2018,2018,,,,,,,,,,15,0,0,0,13,0,16,,,,,,WOS:000433570000014,29124788
J,"Gilbert, Neil A.; Clare, John D. J.; Stenglein, Jennifer L.; Zuckerberg, Benjamin",,,,,,,,Abundance estimation of unmarked animals based on camera-trap data,,,,,,,,CONSERVATION BIOLOGY,,,,35,1,,,88,100,,,,10.1111/cobi.13517,,,,,JUN 2020,,Review,FEB 2021,2021,,,,,,,,,,56,0,0,0,49,2,58,,,,,,WOS:000543493300001,32297655
J,"Soto, Juan S. Vargas; Beirne, Christopher; Whitworth, Andrew; Diaz, Juan Carlos Cruz; Flatt, Eleanor; Pillco-Huarcaya, Ruthmery; Olson, Erik R.; Azofeifa, Alejandro; Saborio-R, Guido; Salom-Perez, Roberto; Espinoza-Munoz, Deiver; Hay, Leslie; Whittaker, Lawrence; Roldan, Carmen; Bedoya-Arrieta, Ricardo; Broadbent, Eben North; Molnar, Peter K.",,,,,,,,Human disturbance and shifts in vertebrate community composition in a biodiversity hotspot,,,,,,,,CONSERVATION BIOLOGY,,,,36,2,,,,,,,,10.1111/cobi.13813,,,,,OCT 2021,,Article,APR 2022,2022,,,,,,,,,,2,0,0,0,1,0,2,,,,,,WOS:000704607800001,34342042
J,"Moat, Justin; Bachman, Steven P.; Field, Richard; Boyd, Doreen S.",,,,,,,,Refining area of occupancy to address the modifiable areal unit problem in ecology and conservation,,,,,,,,CONSERVATION BIOLOGY,,,,32,6,,,1278,1289,,,,10.1111/cobi.13139,,,,,,,Article,DEC 2018,2018,,,,,,,,,,9,0,0,0,7,0,9,,,,,,WOS:000449856900006,29797481
J,"Keith, David A.; Akcakaya, H. Resit; Murray, Nicholas J.",,,,,,,,Scaling range sizes to threats for robust predictions of risks to biodiversity,,,,,,,,CONSERVATION BIOLOGY,,,,32,2,,,322,332,,,,10.1111/cobi.12988,,,,,,,Article,APR 2018,2018,,,,,,,,,,22,0,0,0,20,0,22,,,,,,WOS:000428319600008,28703324
J,"Pillay, Rajeev; Miller, David A. W.; Raghunath, R.; Joshi, Atul A.; Mishra, Charudutt; Johnsingh, A. J. T.; Madhusudan, M. D.",,,,,,,,Using interview surveys and multispecies occupancy models to inform vertebrate conservation,,,,,,,,CONSERVATION BIOLOGY,,,,36,2,,,,,,,,10.1111/cobi.13832,,,,,NOV 2021,,Article,APR 2022,2022,,,,,,,,,,2,0,0,0,1,0,2,,,,,,WOS:000715864800001,34476833
J,"Lamothe, Karl A.; Dextrase, Alan J.; Drake, D. Andrew R.",,,,,,,,Characterizing species co-occurrence patterns of imperfectly detected stream fishes to inform species reintroduction efforts,,,,,,,,CONSERVATION BIOLOGY,,,,33,6,,,1392,1403,,,,10.1111/cobi.13320,,,,,,,Article,DEC 2019,2019,,,,,,,,,,13,0,0,0,13,0,13,,,,,,WOS:000495818000016,30912201
J,"Cavada, Nathalie; Tenan, Simone; Barelli, Claudia; Rovero, Francesco",,,,,,,,Effects of anthropogenic disturbance on primate density at the landscape scale,,,,,,,,CONSERVATION BIOLOGY,,,,33,4,,,873,882,,,,10.1111/cobi.13269,,,,,,,Article,AUG 2019,2019,,,,,,,,,,14,0,0,0,12,0,14,,,,,,WOS:000474668700017,30561170
J,"Farr, Matthew T.; O'Brien, Timothy; Yackulic, Charles B.; Zipkin, Elise F.",,,,,,,,Quantifying the conservation status and abundance trends of wildlife communities with detection-nondetection data,,,,,,,,CONSERVATION BIOLOGY,,,,36,6,,,,,e13934,,,10.1111/cobi.13934,,,,,AUG 2022,,Article,DEC 2022,2022,,,,,,,,,,0,0,0,0,0,0,0,,,,,,WOS:000844168200001,35561029
J,"Vanthomme, Hadrien P. A.; Nzamba, Brave S.; Alonso, Alfonso; Todd, Angelique F.",,,,,,,,Empirical selection between least-cost and current-flow designs for establishing wildlife corridors in Gabon,,,,,,,,CONSERVATION BIOLOGY,,,,33,2,,,329,338,,,,10.1111/cobi.13194,,,,,,,Article,APR 2019,2019,,,,,,,,,,8,1,0,0,6,0,9,,,,,,WOS:000460664300010,30022531
J,"Jones, Gavin M.; Brosi, Berry; Evans, Jason M.; Gottlieb, Isabel G. W.; Loy, Xingwen; Nunez-Regueiro, Mauricio M.; Ober, Holly K.; Pienaar, Elizabeth; Pillay, Rajeev; Pisarello, Kathryn; Smith, Lora L.; Fletcher, Robert J., Jr.",,,,,,,,Conserving alpha and beta diversity in wood-production landscapes,,,,,,,,CONSERVATION BIOLOGY,,,,36,3,,,,,e13872,,,10.1111/cobi.13872,,,,,FEB 2022,,Article,JUN 2022,2022,,,,,,,,,,3,0,0,0,2,0,3,,,,,,WOS:000752539800001,34856018
J,"Peach, Michelle A.; Cohen, Jonathan B.; Frair, Jacqueline L.; Zuckerberg, Benjamin; Sullivan, Patrick; Porter, William F.; Lang, Corey",,,,,,,,Value of protected areas to avian persistence across 20 years of climate and land-use change,,,,,,,,CONSERVATION BIOLOGY,,,,33,2,,,423,433,,,,10.1111/cobi.13205,,,,,,,Article,APR 2019,2019,,,,,,,,,,9,0,0,0,9,0,9,,,,,,WOS:000460664300019,30113109
J,"Anderson, Robert P.",,,,,,,,Integrating habitat-masked range maps with quantifications of prevalence to estimate area of occupancy in IUCN assessments,,,,,,,,CONSERVATION BIOLOGY,,,,,,,,,,,,,10.1111/cobi.14019,,,,,NOV 2022,,Article; Early Access,,2022,,,,,,,,,,1,0,0,0,0,0,1,,,,,,WOS:000884299400001,36285611
J,"Falaschi, Mattia; Giachello, Simone; Lo Parrino, Elia; Muraro, Martina; Manenti, Raoul; Ficetola, Gentile Francesco",,,,,,,,Long-term drivers of persistence and colonization dynamics in spatially structured amphibian populations,,,,,,,,CONSERVATION BIOLOGY,,,,35,5,,,1530,1539,,,,10.1111/cobi.13686,,,,,MAR 2021,,Article,OCT 2021,2021,,,,,,,,,,12,0,0,0,10,0,12,,,,,,WOS:000629279800001,33355400
J,"Schwartz, Timothee; Besnard, Aurelien; Pin, Christophe; Scher, Olivier; Blanchon, Thomas; Bechet, Arnaud; Sadoul, Nicolas",,,,,,,,Efficacy of created and restored nesting sites for the conservation of colonial Laridae in the South of France,,,,,,,,CONSERVATION BIOLOGY,,,,,,,,,,,,,10.1111/cobi.14005,,,,,DEC 2022,,Article; Early Access,,2022,,,,,,,,,,0,0,0,0,0,0,0,,,,,,WOS:000893930100001,36178034
J,"Yeiser, John M.; Morgan, John J.; Baxley, Danna L.; Chandler, Richard B.; Martin, James A.",,,,,,,,Optimizing conservation in species-specific agricultural landscapes,,,,,,,,CONSERVATION BIOLOGY,,,,35,6,,,1871,1881,,,,10.1111/cobi.13750,,,,,JUN 2021,,Article,DEC 2021,2021,,,,,,,,,,1,0,0,0,0,0,1,,,,,,WOS:000663866300001,34151469
J,"Skroblin, Anja; Carboon, Tracy; Bidu, Gladys; Chapman, Nganjapayi; Miller, Minyawu; Taylor, Karnu; Taylor, Waka; Game, Edward T.; Wintle, Brendan A.",,,,,,,,Including indigenous knowledge in species distribution modeling for increased ecological insights,,,,,,,,CONSERVATION BIOLOGY,,,,35,2,,,587,597,,,,10.1111/cobi.13373,,,,,JUN 2020,,Article,APR 2021,2021,,,,,,,,,,19,0,0,0,14,0,19,,,,,,WOS:000540585900001,31216076
J,"Quinzin, Maud C.; Sandoval-Castillo, Jonathan; Miller, Joshua M.; Beheregaray, Luciano B.; Russello, Michael A.; Hunter, Elizabeth A.; Gibbs, James P.; Tapia, Washington; Villalva, Freddy; Caccone, Adalgisa",,,,,,,,Genetically informed captive breeding of hybrids of an extinct species of Galapagos tortoise,,,,,,,,CONSERVATION BIOLOGY,,,,33,6,,,1404,1414,,,,10.1111/cobi.13319,,,,,,,Article,DEC 2019,2019,,,,,,,,,,10,0,0,0,8,0,10,,,,,,WOS:000495818000017,30901116
J,"Hallman, Tyler A.; Robinson, W. Douglas; Curtis, Jenna R.; Alverson, Edward R.",,,,,,,,Building a better baseline to estimate 160 years of avian population change and create historically informed conservation targets,,,,,,,,CONSERVATION BIOLOGY,,,,35,4,,,1256,1267,,,,10.1111/cobi.13676,,,,,MAR 2021,,Article,AUG 2021,2021,,,,,,,,,,4,0,0,0,4,0,4,,,,,,WOS:000626065200001,33274484
J,"Santini, Luca; Butchart, Stuart H.M.; Rondinini, Carlo; Benitez-Lopez, Ana; Hilbers, Jelle P.; Schipper, Aafke M.; Cengic, Mirza; Tobias, Joseph A.; Huijbregts, Mark A.J.",,,,,,,,Applying habitat and population-density models to land-cover time series to inform IUCN Red List assessments.,,,,,,,,Conservation Biology,,,,33,5,,,1084,1093,,,,,,,,,,,Article,Oct 2019,2019,,,,,,,,,,0,0,0,0,0,0,0,,,,,,ZOOREC:ZOOR15608053683,
J,"Santini, Luca; Butchart, Stuart H.M.; Rondinini, Carlo; Benitez-Lopez, Ana; Hilbers, Jelle P.; Schipper, Aafke M.; Cengic, Mirza; Tobias, Joseph A.; Huijbregts, Mark A.J.",,,,,,,,Applying habitat and population-density models to land-cover time series to inform IUCN Red List assessments.,,,,,,,,Conservation Biology,,,,33,5,,,1084,1093,,,,,,,,,,,Article,Oct 2019,2019,,,,,,,,,,0,0,0,0,0,0,0,,,,,,ZOOREC:ZOOR15512086940,
J,"Davy, Christina M.; Squires, Kelly; Zimmerling, J. Ryan",,,,,,,,Estimation of spatiotemporal trends in bat abundance from mortality data collected at wind turbines,,,,,,,,CONSERVATION BIOLOGY,,,,35,1,,,227,238,,,,10.1111/cobi.13554,,,,,JUL 2020,,Article,FEB 2021,2021,,,,,,,,,,7,0,0,0,5,0,7,,,,,,WOS:000545391600001,32424911
J,"Li, Xueyou; Hu, Wenqiang; Bleisch, William, V; Li, Quan; Wang, Hongjiao; Lu, Wen; Sun, Jun; Zhang, Fuyou; Ti, Bu; Jiang, Xuelong",,,,,,,,Functional diversity loss and change in nocturnal behavior of mammals under anthropogenic disturbance,,,,,,,,CONSERVATION BIOLOGY,,,,36,3,,,,,,,,10.1111/cobi.13839,,,,,DEC 2021,,Article,JUN 2022,2022,,,,,,,,,,3,4,0,0,5,0,7,,,,,,WOS:000726335300001,34533235
J,"Pavlacky, David C., Jr.; Hagen, Christian A.; Bartuszevige, Anne M.; Iovanna, Rich; George, Thomas Luke; Naugle, David E.",,,,,,,,Scaling up private land conservation to meet recovery goals for grassland birds,,,,,,,,CONSERVATION BIOLOGY,,,,35,5,,,1564,1574,,,,10.1111/cobi.13731,,,,,JUN 2021,,Article,OCT 2021,2021,,,,,,,,,,4,0,0,0,4,0,4,,,,,,WOS:000668358500001,33728682
J,"Shen, Xiaoli; Li, Sheng; McShea, William J.; Wang, Dajun; Yu, Jianping; Shi, Xiaogang; Dong, Wei; Mi, Xiangcheng; Ma, Keping",,,,,,,,Effectiveness of management zoning designed for flagship species in protecting sympatric species,,,,,,,,CONSERVATION BIOLOGY,,,,34,1,,,158,167,,,,10.1111/cobi.13345,,,,,,,Article,FEB 2020,2020,,,,,,,,,,18,7,0,0,15,0,24,,,,,,WOS:000509634900014,31069848
J,"Strampelli, Paolo; Henschel, Philipp; Searle, Charlotte E.; Macdonald, David W.; Dickman, Amy J.",,,,,,,,Habitat use of and threats to African large carnivores in a mixed-use landscape,,,,,,,,CONSERVATION BIOLOGY,,,,36,6,,,,,e13943,,,10.1111/cobi.13943,,,,,,,Article,DEC 2022,2022,,,,,,,,,,1,0,0,0,0,0,1,,,,,,WOS:000898936800005,35603489
J,"Santini, Luca; Butchart, Stuart H. M.; Rondinini, Carlo; Benitez-Lopez, Ana; Hilbers, Jelle P.; Schipper, Aafke M.; Cengic, Mirza; Tobias, Joseph A.; Huijbregts, Mark A. J.",,,,,,,,Applying habitat and population-density models to land-cover time series to inform IUCN Red List assessments,,,,,,,,CONSERVATION BIOLOGY,,,,33,5,,,1084,1093,,,,10.1111/cobi.13279,,,,,,,Article,OCT 2019,2019,,,,,,,,,,37,0,0,0,33,1,37,,,,,,WOS:000485281800011,30653250
J,"Ronsted, Nina; Walsh, Seana K.; Clark, Margaret; Edmonds, Merlin; Flynn, Tim; Heintzman, Scott; Loomis, Alexander; Lorence, David; Nagendra, Uma; Nyberg, Ben; Opgenorth, Michael; Weisenberger, Lauren; Williams, Adam; Wolkis, Dustin; Wood, Kenneth R.; Keir, Matthew",,,,,,,,"Extinction risk of the endemic vascular flora of Kauai, Hawaii, based on IUCN assessments",,,,,,,,CONSERVATION BIOLOGY,,,,36,4,,,,,e13896,,,10.1111/cobi.13896,,,,,APR 2022,,Article,AUG 2022,2022,,,,,,,,,,4,0,0,0,3,0,4,,,,,,WOS:000783159700001,35146804
J,"Sievers, Michael; Hale, Robin; Swearer, Stephen E.; Parris, Kirsten M.",,,,,,,,Frog occupancy of polluted wetlands in urban landscapes,,,,,,,,CONSERVATION BIOLOGY,,,,33,2,,,389,402,,,,10.1111/cobi.13210,,,,,,,Article,APR 2019,2019,,,,,,,,,,21,0,0,0,18,0,21,,,,,,WOS:000460664300016,30151963
J,"Marshall, Imogen R.; Brauer, Chris J.; Wedderburn, Scotte D.; Whiterod, Nick S.; Hammer, Michael P.; Barnes, Thomas C.; Attard, Catherine R. M.; Moeller, Luciana M.; Beheregaray, Luciano B.",,,,,,,,Longitudinal monitoring of neutral and adaptive genomic diversity in a reintroduction,,,,,,,,CONSERVATION BIOLOGY,,,,36,4,,,,,e13889,,,10.1111/cobi.13889,,,,,MAR 2022,,Article,AUG 2022,2022,,,,,,,,,,1,0,0,0,0,0,1,,,,,,WOS:000778046000001,35023224
J,"Vasudev, Divya; Goswami, Varun R.",,,,,,,,A Bayesian hierarchical approach to quantifying stakeholder attitudes toward conservation in the presence of reporting error,,,,,,,,CONSERVATION BIOLOGY,,,,34,2,,,515,526,,,,10.1111/cobi.13392,,,,,DEC 2019,,Article,APR 2020,2020,,,,,,,,,,3,0,0,0,2,0,3,,,,,,WOS:000502904800001,31334886
