Publication Type,Authors,Book Authors,Group Authors,Book Group Authors,Researcher Ids,ORCIDs,Book Editors,Author - Arabic,Article Title,Article Title - SciELO,Article Title - SciELO,Article Title - Chinese,Article Title - Russian,Patent Number,Patent Assignee,Source Title - Arabic,Source Title,Source Title - Korean,Book Series Title,Book Series Subtitle,Volume,Issue,Special Issue,Meeting Abstract,Start Page,End Page,Article Number,Version,Version History,DOI,Book DOI,License Name,License URI,License Description,Early Access Date,Supplement,Document Type,Publication Date,Publication Year,Abstract,Abstract - Foreign,Abstract - English Transliteration ,Abstract - Foreign,Abstract - Korean,Conference Title,Conference Date,Conference Sponsor,Conference Location,"Times Cited, WoS Core","Times Cited, CSCD ","Times Cited, RSCI","Times Cited, ARCI","Times Cited, BCI","Times Cited, SCIELO","Times Cited, All Databases",180 Day Usage Count,Since 2013 Usage Count,ISSN,eISSN,ISBN,UT (Unique ID),Pubmed Id
J,"Sun, Catherine C.; Royle, J. Andrew; Fuller, Angela K.",,,,,,,,Incorporating citizen science data in spatially explicit integrated population models,,,,,,,,ECOLOGY,,,,100,9,,,,,e02777,,,10.1002/ecy.2777,,,,,JUL 2019,,Article,SEP 2019,2019,,,,,,,,,,26,2,0,0,23,0,27,,,,,,WOS:000478504900001,31168779
J,"Kery, Marc",,,,,,,,Identifiability in N-mixture models: a large-scale screening test with bird data,,,,,,,,ECOLOGY,,,,99,2,,,281,288,,,,10.1002/ecy.2093,,,,,,,Article,FEB 2018,2018,,,,,,,,,,79,0,0,0,72,0,79,,,,,,WOS:000424165200003,29159859
J,"Converse, Sarah J.; McClintock, Brett T.; Conn, Paul B.",,,,,,,,Special Feature: Linking capture-recapture and movement INTRODUCTION,,,,,,,,ECOLOGY,,,,103,10,,,,,e3770,,,10.1002/ecy.3770,,,,,AUG 2022,,Editorial Material,OCT 2022,2022,,,,,,,,,,0,0,0,0,0,0,0,,,,,,WOS:000835514400001,35644905
J,"Gowan, Timothy A.; Tringali, Michael D.; Hostetler, Jeffrey A.; Martin, Julien; Ward-Geiger, Leslie I.; Johnson, Jennifer M.",,,,,,,,A hidden Markov model for estimating age-specific survival when age and size are uncertain,,,,,,,,ECOLOGY,,,,102,8,,,,,e03426,,,10.1002/ecy.3426,,,,,JUL 2021,,Article,AUG 2021,2021,,,,,,,,,,1,0,0,0,0,0,1,,,,,,WOS:000674297800001,34091898
J,"Lunghi, Enrico",,,,,,,,Doubling the lifespan of European plethodontid salamanders,,,,,,,,ECOLOGY,,,,103,2,,,,,e03581,,,10.1002/ecy.3581,,,,,DEC 2021,,Editorial Material,FEB 2022,2022,,,,,,,,,,4,0,0,0,2,0,4,,,,,,WOS:000724450000001,34767644
J,"Link, William A.; Schofield, Matthew R.; Barker, Richard J.; Sauer, John R.",,,,,,,,On the robustness of N-mixture models,,,,,,,,ECOLOGY,,,,99,7,,,1547,1551,,,,10.1002/ecy.2362,,,,,,,Article,JUL 2018,2018,,,,,,,,,,76,0,0,0,72,0,77,,,,,,WOS:000436869900004,29702727
J,"Tourani, Mahdieh; Dupont, Pierre; Nawaz, Muhammad Ali; Bischof, Richard",,,,,,,,Multiple observation processes in spatial capture-recapture models: How much do we gain?,,,,,,,,ECOLOGY,,,,101,7,,,,,e03030,,,10.1002/ecy.3030,,,,,,,Article,JUL 2020,2020,,,,,,,,,,20,0,0,0,18,0,20,,,,,,WOS:000546990300010,32112415
J,"Dupont, Gates; Royle, J. Andrew; Nawaz, Muhammad Ali; Sutherland, Chris",,,,,,,,Optimal sampling design for spatial capture-recapture,,,,,,,,ECOLOGY,,,,102,3,,,,,e03262,,,10.1002/ecy.3262,,,,,FEB 2021,,Article,MAR 2021,2021,,,,,,,,,,13,1,0,0,13,0,13,,,,,,WOS:000613685000001,33244753
J,"Dupont, Gates; Linden, Daniel W.; Sutherland, Chris",,,,,,,,Improved inferences about landscape connectivity from spatial capture-recapture by integration of a movement model,,,,,,,,ECOLOGY,,,,103,10,,,,,e03544,,,10.1002/ecy.3544,,,,,NOV 2021,,Article,OCT 2022,2022,,,,,,,,,,1,0,0,0,1,0,1,,,,,,WOS:000716397900001,34626121
J,"McClintock, Brett T.; Abrahms, Briana; Chandler, Richard B.; Conn, Paul B.; Converse, Sarah J.; Emmet, Robert L.; Gardner, Beth; Hostetter, Nathan J.; Johnson, Devin S.",,,,,,,,An integrated path for spatial capture-recapture and animal movement modeling,,,,,,,,ECOLOGY,,,,103,10,,,,,e03473,,,10.1002/ecy.3473,,,,,SEP 2021,,Article,OCT 2022,2022,,,,,,,,,,12,0,0,0,11,0,12,,,,,,WOS:000701431700001,34270790
J,"Jarrett, Crinan; Haydon, Daniel T.; Morales, Juan M.; Ferreira, Diogo F.; Forzi, Francis Alemanji; Welch, Andreanna J.; Powell, Luke L.; Matthiopoulos, Jason",,,,,,,,Integration of mark-recapture and acoustic detections for unbiased population estimation in animal communities,,,,,,,,ECOLOGY,,,,103,10,,,,,e3769,,,10.1002/ecy.3769,,,,,JUL 2022,,Article,OCT 2022,2022,,,,,,,,,,0,0,0,0,0,0,0,,,,,,WOS:000825296800001,35620844
J,"Yackulic, Charles B.; Korman, Josh; Yard, Michael D.; Dzul, Maria",,,,,,,,Inferring species interactions through joint mark-recapture analysis,,,,,,,,ECOLOGY,,,,99,4,,,812,821,,,,10.1002/ecy.2166,,,,,,,Article,APR 2018,2018,,,,,,,,,,19,0,0,0,15,0,19,,,,,,WOS:000428878200006,29465780
J,"Zhang, Wei; Chipperfield, Joseph D.; Illian, Janine B.; Dupont, Pierre; Milleret, Cyril; de Valpine, Perry; Bischof, Richard",,,,,,,,A flexible and efficient Bayesian implementation of point process models for spatial capture-recapture data,,,,,,,,ECOLOGY,,,,,,,,,,,,,10.1002/ecy.3887,,,,,NOV 2022,,Article; Early Access,,2022,,,,,,,,,,1,0,0,0,0,0,1,,,,,,WOS:000898101700001,36217822
J,"Emmet, Robert L.; Augustine, Ben C.; Abrahms, Briana; Rich, Lindsey N.; Gardner, Beth",,,,,,,,A spatial capture-recapture model for group-living species,,,,,,,,ECOLOGY,,,,103,10,,,,,e03576,,,10.1002/ecy.3576,,,,,DEC 2021,,Article,OCT 2022,2022,,,,,,,,,,4,0,0,0,4,0,4,,,,,,WOS:000724762800001,34714927
J,"Hostetter, Nathan J.; Regehr, Eric, V; Wilson, Ryan R.; Royle, J. Andrew; Converse, Sarah J.",,,,,,,,Modeling spatiotemporal abundance and movement dynamics using an integrated spatial capture-recapture movement model,,,,,,,,ECOLOGY,,,,103,10,,,,,e3772,,,10.1002/ecy.3772,,,,,JUL 2022,,Article,OCT 2022,2022,,,,,,,,,,2,0,0,0,2,0,2,,,,,,WOS:000825302000001,35633152
J,"Gardner, Beth; McClintock, Brett T.; Converse, Sarah J.; Hostetter, Nathan J.",,,,,,,,"Integrated animal movement and spatial capture-recapture models: Simulation, implementation, and inference",,,,,,,,ECOLOGY,,,,103,10,,,,,e3771,,,10.1002/ecy.3771,,,,,JUL 2022,,Article,OCT 2022,2022,,,,,,,,,,2,0,0,0,2,0,2,,,,,,WOS:000825271000001,35638187
J,"Theng, Meryl; Milleret, Cyril; Bracis, Chloe; Cassey, Phillip; Delean, Steven",,,,,,,,Confronting spatial capture-recapture models with realistic animal movement simulations,,,,,,,,ECOLOGY,,,,103,10,,,,,e3676,,,10.1002/ecy.3676,,,,,JUN 2022,,Article,OCT 2022,2022,,,,,,,,,,3,0,0,0,3,0,3,,,,,,WOS:000813364100001,35253209
J,"Champagnon, Jocelyn; Lebreton, Jean-Dominique; Drummond, Hugh; Anderson, David J.",,,,,,,,Pacific Decadal and El Nino oscillations shape survival of a seabird,,,,,,,,ECOLOGY,,,,99,5,,,1063,1072,,,,10.1002/ecy.2179,,,,,,,Article,MAY 2018,2018,,,,,,,,,,18,0,0,0,16,2,19,,,,,,WOS:000431987600008,29714830
J,"Tenan, Simone; Tavecchia, Giacomo; Oro, Daniel; Pradel, Roger",,,,,,,,Assessing the effect of density on population growth when modeling individual encounter data,,,,,,,,ECOLOGY,,,,100,3,,,,,e02595,,,10.1002/ecy.2595,,,,,,,Article,MAR 2019,2019,,,,,,,,,,6,0,0,0,5,0,6,,,,,,WOS:000460163500001,30620394
J,"Cayuela, Hugo; Pradel, Roger; Joly, Pierre; Bonnaire, Eric; Besnard, Aurelien",,,,,,,,Estimating dispersal in spatiotemporally variable environments using multievent capture-recapture modeling,,,,,,,,ECOLOGY,,,,99,5,,,1150,1163,,,,10.1002/ecy.2195,,,,,,,Article,MAY 2018,2018,,,,,,,,,,11,0,0,0,11,0,11,,,,,,WOS:000431987600016,29460431
J,"Oli, Madan K.; Krebs, Charles J.; Kenney, Alice J.; Boonstra, Rudy; Boutin, Stan; Hines, James E.",,,,,,,,Demography of snowshoe hare population cycles,,,,,,,,ECOLOGY,,,,101,3,,,,,,,,10.1002/ecy.2969,,,,,FEB 2020,,Article,MAR 2020,2020,,,,,,,,,,240,1,0,0,122,6,251,,,,,,WOS:000510545300001,31922605
J,"Lunghi, Enrico; Corti, Claudia; Biaggini, Marta; Merilli, Stefano; Manenti, Raoul; Zhao, Yahui; Ficetola, Gentile Francesco; Cianferoni, Fabio",,,,,,,,Capture-mark-recapture data on the strictly protected Speleomantes italicus,,,,,,,,ECOLOGY,,,,103,5,,,,,e3641,,,10.1002/ecy.3641,,,,,MAR 2022,,Article; Data Paper,MAY 2022,2022,,,,,,,,,,3,0,0,0,2,0,3,,,,,,WOS:000771782600001,35066872
J,"Efford, M. G.",,,,,,,,Non-circular home ranges and the estimation of population density,,,,,,,,ECOLOGY,,,,100,2,,,,,e02580,,,10.1002/ecy.2580,,,,,,,Article,FEB 2019,2019,,,,,,,,,,28,0,0,0,24,0,28,,,,,,WOS:000457618800004,30601582
J,"Lowe, Winsor H.; Addis, Brett R.",,,,,,,,Matching habitat choice and plasticity contribute to phenotype-environment covariation in a stream salamander,,,,,,,,ECOLOGY,,,,100,5,,,,,e02661,,,10.1002/ecy.2661,,,,,,,Article,MAY 2019,2019,,,,,,,,,,13,0,0,0,10,0,13,,,,,,WOS:000477642200005,30770554
J,"Addis, Brett R.; Lowe, Andwinsor H.",,,,,,,,"Long-term survival probability, not current habitat quality, predicts dispersal distance in a stream salamander",,,,,,,,ECOLOGY,,,,101,4,,,,,,,,10.1002/ecy.2982,,,,,FEB 2020,,Article,APR 2020,2020,,,,,,,,,,1,0,0,0,1,0,1,,,,,,WOS:000512830000001,31958140
J,"Bergeron, Rachel; Pigeon, Gabriel; Forsyth, David M; King, Wendy J; Festa-Bianchet, Marco",,,,,,,,Post-weaning survival in kangaroos is high and constant until senescence: Implications for population dynamics.,,,,,,,,Ecology,,,,,,,,e3963,e3963,,,,10.1002/ecy.3963,,,,,,,Journal Article,2022-Dec-22,2022,,,,,,,,,,0,0,0,0,0,0,0,,,,,,MEDLINE:36545886,36545886
J,"Steenweg, Robin; Hebblewhite, Mark; Whittington, Jesse; Lukacs, Paul; McKelvey, Kevin",,,,,,,,Sampling scales define occupancy and underlying occupancy-abundance relationships in animals,,,,,,,,ECOLOGY,,,,99,1,,,172,183,,,,10.1002/ecy.2054,,,,,,,Article,JAN 2018,2018,,,,,,,,,,66,1,0,0,63,0,67,,,,,,WOS:000419240900017,29065232
J,"Lauret, Valentin; Labach, Helene; Authier, Matthieu; Gimenez, Olivier",,,,,,,,Using single visits into integrated occupancy models to make the most of existing monitoring programs,,,,,,,,ECOLOGY,,,,102,12,,,,,e03535,,,10.1002/ecy.3535,,,,,SEP 2021,,Article,DEC 2021,2021,,,,,,,,,,2,0,0,0,0,0,2,,,,,,WOS:000700832000001,34514594
J,"Mohankumar, Narmadha M.; Hefley, Trevor J.",,,,,,,,Using machine learning to model nontraditional spatial dependence in occupancy data,,,,,,,,ECOLOGY,,,,103,2,,,,,e03563,,,10.1002/ecy.3563,,,,,DEC 2021,,Article,FEB 2022,2022,,,,,,,,,,1,0,0,0,0,0,1,,,,,,WOS:000733299100001,34694631
J,"Priyadarshani, Dinusha; Altwegg, Res; Lee, Alan T. K.; Hwang, Wen-Han",,,,,,,,What can occupancy models gain from time-to-detection data?,,,,,,,,ECOLOGY,,,,103,12,,,,,,,,10.1002/ecy.3832,,,,,SEP 2022,,Article,DEC 2022,2022,,,,,,,,,,0,0,0,0,0,0,0,,,,,,WOS:000860253300001,35876117
J,"Stewart, Peter S; Stephens, Philip A; Hill, Russell A; Whittingham, Mark J; Dawson, Wayne",,,,,,,,Model selection in occupancy models: Inference versus prediction.,,,,,,,,Ecology,,,,,,,,e3942,e3942,,,,10.1002/ecy.3942,,,,,,,Journal Article,2022-Dec-07,2022,,,,,,,,,,0,0,0,0,0,0,0,,,,,,MEDLINE:36477749,36477749
J,"Wright, Wilson J.; Irvine, Kathryn M.; Higgs, Megan D.",,,,,,,,Identifying occupancy model inadequacies: can residuals separately assess detection and presence?,,,,,,,,ECOLOGY,,,,100,6,,,,,e02703,,,10.1002/ecy.2703,,,,,,,Article,JUN 2019,2019,,,,,,,,,,13,0,0,0,11,0,13,,,,,,WOS:000474127300018,30932179
J,"Hepler, Staci A.; Erhardt, Robert; Anderson, T. Michael",,,,,,,,Identifying drivers of spatial variation in occupancy with limited replication camera trap data,,,,,,,,ECOLOGY,,,,99,10,,,2152,2158,,,,10.1002/ecy.2396,,,,,,,Article,OCT 2018,2018,,,,,,,,,,4,0,0,0,3,1,4,,,,,,WOS:000446270400003,29901234
J,"Clipp, Hannah L.; Evans, Amber L.; Kessinger, Brin E.; Kellner, Kenneth; Rota, Christopher T.",,,,,,,,A penalized likelihood for multispecies occupancy models improves predictions of species interactions,,,,,,,,ECOLOGY,,,,102,12,,,,,e03520,,,10.1002/ecy.3520,,,,,SEP 2021,,Article,DEC 2021,2021,,,,,,,,,,2,0,0,0,2,0,2,,,,,,WOS:000701235100001,34468982
J,"Chandler, Richard B.; Crawford, Daniel A.; Garrison, Elina P.; Miller, Karl, V; Cherry, Michael J.",,,,,,,,"Modeling abundance, distribution, movement and space use with camera and telemetry data",,,,,,,,ECOLOGY,,,,103,10,,,,,e03583,,,10.1002/ecy.3583,,,,,DEC 2021,,Article,OCT 2022,2022,,,,,,,,,,1,0,0,0,1,0,1,,,,,,WOS:000730862900001,34767254
J,"Farr, Matthew T.; Green, David S.; Holekamp, Kay E.; Zipkin, Elise F.",,,,,,,,Integrating distance sampling and presence-only data to estimate species abundance,,,,,,,,ECOLOGY,,,,102,1,,,,,,,,10.1002/ecy.3204,,,,,OCT 2020,,Article,JAN 2021,2021,,,,,,,,,,8,0,0,0,5,0,8,,,,,,WOS:000583288100001,32970847
J,"Gamble, Amandine; Garnier, Romain; Chambert, Thierry; Gimenez, Olivier; Boulinier, Thierry",,,,,,,,Next-generation serology: integrating cross-sectional and capture-recapture approaches to infer disease dynamics,,,,,,,,ECOLOGY,,,,101,2,,,,,e02923,,,10.1002/ecy.2923,,,,,JAN 2020,,Article,FEB 2020,2020,,,,,,,,,,8,0,0,0,7,0,8,,,,,,WOS:000506952400001,31655002
J,"DiRenzo, Graziella V.; Miller, David A. W.; Hossack, Blake R.; Sigafus, Brent H.; Howell, Paige E.; Muths, Erin; Grant, Evan H. C.",,,,,,,,Accommodating the role of site memory in dynamic species distribution models,,,,,,,,ECOLOGY,,,,102,5,,,,,e03315,,,10.1002/ecy.3315,,,,,APR 2021,,Article,MAY 2021,2021,,,,,,,,,,0,0,0,0,0,0,0,,,,,,WOS:000642061700001,33630306
J,"Roberts, David W.",,,,,,,,Comparison of distance-based and model-based ordinations,,,,,,,,ECOLOGY,,,,101,1,,,,,,,,10.1002/ecy.2908,,,,,NOV 2019,,Article,JAN 2020,2020,,,,,,,,,,5,0,0,0,5,0,5,,,,,,WOS:000494613300001,31602634
J,"Srinivasan, Umesh; Wilcove, David S.",,,,,,,,Interactive impacts of climate change and land-use change on the demography of montane birds,,,,,,,,ECOLOGY,,,,102,1,,,,,,,,10.1002/ecy.3223,,,,,NOV 2020,,Article,JAN 2021,2021,,,,,,,,,,10,0,0,0,6,0,10,,,,,,WOS:000590685900001,33048352
J,"Peguero, Guille; Ferrin, Miquel; Sardans, Jordi; Verbruggen, Erik; Ramirez-Rojas, Irene; Van Langenhove, Leandro; Verryckt, Lore T.; Murienne, Jerome; Iribar, Amaia; Zinger, Lucie; Grau, Oriol; Orivel, Jerome; Stahl, Clement; Courtois, Elodie A.; Asensio, Dolores; Gargallo-Garriga, Albert; Llusia, Joan; Margalef, Olga; Ogaya, Roma; Richter, Andreas; Janssens, Ivan A.; Penuelas, Josep",,,,,,,,Decay of similarity across tropical forest communities: integrating spatial distance with soil nutrients,,,,,,,,ECOLOGY,,,,103,2,,,,,e03599,,,10.1002/ecy.3599,,,,,DEC 2021,,Article,FEB 2022,2022,,,,,,,,,,2,0,0,0,2,0,2,,,,,,WOS:000735211600001,34816429
J,"Roden, Vanessa Julie; Kocsis, Adam T.; Zuschin, Martin; Kiessling, Wolfgang",,,,,,,,Reliable estimates of beta diversity with incomplete sampling,,,,,,,,ECOLOGY,,,,99,5,,,1051,1062,,,,10.1002/ecy.2201,,,,,,,Article,MAY 2018,2018,,,,,,,,,,18,1,0,0,17,0,19,,,,,,WOS:000431987600007,29516476
J,"Maciorowski, Grzegorz; Jankowiak, Lukasz; Sparks, Tim H.; Polakowski, Michal; Tryjanowski, Piotr",,,,,,,,Biodiversity hotspots at a small scale: the importance of eagles' nests to many other animals,,,,,,,,ECOLOGY,,,,102,1,,,,,e03220,,,10.1002/ecy.3220,,,,,,,Editorial Material,JAN 2021,2021,,,,,,,,,,8,0,0,0,7,0,8,,,,,,WOS:000610363200007,33048343
J,"Yamaura, Yuichi; Blanchet, F. Guillaume; Higa, Motoki",,,,,,,,Analyzing community structure subject to incomplete sampling: hierarchical community model vs. canonical ordinations,,,,,,,,ECOLOGY,,,,100,8,,,,,,,,10.1002/ecy.2759,,,,,,,Article,AUG 2019,2019,,,,,,,,,,5,0,0,0,4,0,5,,,,,,WOS:000478103000021,31131887
J,"Si, Xingfeng; Cadotte, Marc W.; Zhao, Yuhao; Zhou, Haonan; Zeng, Di; Li, Jiaqi; Jin, Tinghao; Ren, Peng; Wang, Yanping; Ding, Ping; Tingley, Morgan W.",,,,,,,,The importance of accounting for imperfect detection when estimating functional and phylogenetic community structure,,,,,,,,ECOLOGY,,,,99,9,,,2103,2112,,,,10.1002/ecy.2438,,,,,,,Article,SEP 2018,2018,,,,,,,,,,24,4,0,0,27,0,28,,,,,,WOS:000443558200018,29944742
J,"Tobler, Mathias W.; Kery, Marc; Hui, Francis K. C.; Guillera-Arroita, Gurutzeta; Knaus, Peter; Sattler, Thomas",,,,,,,,Joint species distribution models with species correlations and imperfect detection,,,,,,,,ECOLOGY,,,,100,8,,,,,,,,10.1002/ecy.2754,,,,,,,Article,AUG 2019,2019,,,,,,,,,,41,1,0,0,35,0,42,,,,,,WOS:000478103000026,31062356
J,"Van Schmidt, Nathan D.; Kovach, Tony; Kilpatrick, A. Marm; Oviedo, Jose L.; Huntsinger, Lynn; Hruska, Tracy; Miller, Norman L.; Beissinger, Steven R.",,,,,,,,Integrating social and ecological data to model metapopulation dynamics in coupled human and natural systems,,,,,,,,ECOLOGY,,,,100,6,,,,,e02711,,,10.1002/ecy.2711,,,,,,,Article,JUN 2019,2019,,,,,,,,,,10,0,0,0,7,0,11,,,,,,WOS:000474127300009,30927267
J,"Sutton, Alex O.; Strickland, Dan; Freeman, Nikole E.; Norris, D. Ryan",,,,,,,,Environmental conditions modulate compensatory effects of site dependence in a food-caching passerine,,,,,,,,ECOLOGY,,,,102,1,,,,,,,,10.1002/ecy.3203,,,,,NOV 2020,,Article,JAN 2021,2021,,,,,,,,,,4,0,0,0,3,0,3,,,,,,WOS:000587473700001,32970843
J,"Leasure, Douglas R.; Wenger, Seth J.; Chelgren, Nathan D.; Neville, Helen M.; Dauwalter, Daniel C.; Bjork, Robin; Fesenmyer, Kurt A.; Dunham, Jason B.; Peacock, Mary M.; Luce, Charlie H.; Lute, Abby C.; Isaak, Daniel J.",,,,,,,,Hierarchical multi-population viability analysis,,,,,,,,ECOLOGY,,,,100,1,,,,,e02538,,,10.1002/ecy.2538,,,,,,,Article,JAN 2019,2019,,,,,,,,,,13,0,0,0,9,0,13,,,,,,WOS:000454706400004,30489639
J,"Bauman, David; Drouet, Thomas; Fortin, Marie-Josee; Dray, Stephane",,,,,,,,Optimizing the choice of a spatial weighting matrix in eigenvector-based methods,,,,,,,,ECOLOGY,,,,99,10,,,2159,2166,,,,10.1002/ecy.2469,,,,,,,Article,OCT 2018,2018,,,,,,,,,,53,0,1,0,43,1,55,,,,,,WOS:000446270400004,30039615
J,"Burghardt, Karin T. T.; Avolio, Meghan L. L.; Locke, Dexter H. H.; Grove, J. Morgan; Sonti, Nancy F. F.; Swan, Christopher M. M.",,,,,,,,Current street tree communities reflect race-based housing policy and modern attempts to remedy environmental injustice,,,,,,,,ECOLOGY,,,,,,,,,,e3881,,,10.1002/ecy.3881,,,,,DEC 2022,,Article; Early Access,,2022,,,,,,,,,,0,0,0,0,0,0,0,,,,,,WOS:000892884600001,36196604
J,"Ovaskainen, Otso; Ramos, Danielle Leal; Slade, Eleanor M.; Merckx, Thomas; Tikhonov, Gleb; Pennanen, Juho; Pizo, Marco Aurelio; Ribeiro, Milton Cezar; Manuel Morales, Juan",,,,,,,,Joint species movement modeling: how do traits influence movements?,,,,,,,,ECOLOGY,,,,100,4,,,,,e02622,,,10.1002/ecy.2622,,,,,,,Article,APR 2019,2019,,,,,,,,,,18,0,0,0,17,0,18,,,,,,WOS:000462934100024,30644540
J,"Fowler, Nicholas L.; Kautz, Todd M.; Petroelje, Tyler R.; Wilton, Clay M.; Kellner, Kenneth F.; O'Brien, Daniel J.; Parsons, Bill; Beyer, Dean E.; Belant, Jerrold L.",,,,,,,,Marginal support for a trophic cascade among sympatric canids in peripheral wolf range,,,,,,,,ECOLOGY,,,,102,11,,,,,e03494,,,10.1002/ecy.3494,,,,,AUG 2021,,Article,NOV 2021,2021,,,,,,,,,,4,0,0,0,4,0,4,,,,,,WOS:000686545800001,34309013
J,"Howell, Paige E.; Muths, Erin; Hossack, Blake R.; Sigafus, Brent H.; Chandler, Richard B.",,,,,,,,Increasing connectivity between metapopulation ecology and landscape ecology,,,,,,,,ECOLOGY,,,,99,5,,,1119,1128,,,,10.1002/ecy.2189,,,,,,,Article,MAY 2018,2018,,,,,,,,,,50,0,0,0,45,0,51,,,,,,WOS:000431987600013,29453767
J,"Zipkin, Elise F.; Inouye, Brian D.; Beissinger, Steven R.",,,,,,,,Innovations in data integration for modeling populations,,,,,,,,ECOLOGY,,,,100,6,,,,,e02713,,,10.1002/ecy.2713,,,,,,,Article,JUN 2019,2019,,,,,,,,,,20,0,0,0,19,0,20,,,,,,WOS:000474127300027,30950512
J,"Whittaker, Robert H.; Damschen, Ellen I.; Harrison, Susan",,,,,,,,"Plant community data collected by Robert H. Whittaker in the Siskiyou Mountains, Oregon and California, USA",,,,,,,,ECOLOGY,,,,103,9,,,,,e3764,,,10.1002/ecy.3764,,,,,JUL 2022,,Article; Data Paper,SEP 2022,2022,,,,,,,,,,0,0,0,0,0,0,0,,,,,,WOS:000820575500001,35608560
J,"Williams, Perry J.; Hooten, Mevin B.; Womble, Jamie N.; Esslinger, George G.; Bower, Michael R.",,,,,,,,Monitoring dynamic spatio-temporal ecological processes optimally,,,,,,,,ECOLOGY,,,,99,3,,,524,535,,,,10.1002/ecy.2120,,,,,,,Article,MAR 2018,2018,,,,,,,,,,23,0,0,0,20,0,23,,,,,,WOS:000426499800002,29369341
J,"White, Easton R.; Smith, Andrew T.",,,,,,,,The role of spatial structure in the collapse of regional metapopulations,,,,,,,,ECOLOGY,,,,99,12,,,2815,2822,,,,10.1002/ecy.2546,,,,,,,Article,DEC 2018,2018,,,,,,,,,,10,0,0,0,10,0,10,,,,,,WOS:000451909200017,30347111
J,"Draper, Frederick C.; Asner, Gregory P.; Honorio Coronado, Euridice N.; Baker, Timothy R.; Garcia-Villacorta, Roosevelt; Pitman, Nigel C. A.; Fine, Paul V. A.; Phillips, Oliver L.; Zarate Gomez, Ricardo; Amasifuen Guerra, Carlos A.; Flores Arevalo, Manuel; Vasquez Martinez, Rodolfo; Brienen, Roel J. W.; Monteagudo-Mendoza, Abel; Torres Montenegro, Luis A.; Valderrama Sandoval, Elvis; Roucoux, Katherine H.; Ramirez Arevalo, Fredy R.; Mesones Acuy, Italo; Del Aguila Pasquel, Jhon; Tagle Casapia, Ximena; Flores Llampazo, Gerardo; Corrales Medina, Massiel; Reyna Huaymacari, Jose; Baraloto, Christopher",,,,,,,,Dominant tree species drive beta diversity patterns in western Amazonia,,,,,,,,ECOLOGY,,,,100,4,,,,,e02636,,,10.1002/ecy.2636,,,,,,,Article,APR 2019,2019,,,,,,,,,,16,0,0,0,15,1,18,,,,,,WOS:000462934100009,30693479
J,"Clare, John D. J.; Townsend, Philip A.; Zuckerberg, Benjamin",,,,,,,,Generalized model-based solutions to false-positive error in species detection/nondetection data,,,,,,,,ECOLOGY,,,,102,2,,,,,e03241,,,10.1002/ecy.3241,,,,,JAN 2021,,Article,FEB 2021,2021,,,,,,,,,,8,0,0,0,7,0,8,,,,,,WOS:000608288700001,33190269
J,"Boeken, Bertrand R.",,,,,,,,Competition for microsites during recruitment in semiarid annual plant communities,,,,,,,,ECOLOGY,,,,99,12,,,2801,2814,,,,10.1002/ecy.2484,,,,,,,Article,DEC 2018,2018,,,,,,,,,,5,0,0,0,5,0,5,,,,,,WOS:000451909200016,30076603
J,"Tucker, Caroline M.; Davies, T. Jonathan; Cadotte, Marc W.; Pearse, William D.",,,,,,,,On the relationship between phylogenetic diversity and trait diversity,,,,,,,,ECOLOGY,,,,99,6,,,1473,1479,,,,10.1002/ecy.2349,,,,,,,Article,JUN 2018,2018,,,,,,,,,,83,2,0,0,74,0,85,,,,,,WOS:000434094400022,29782644
J,"Mendes, Gisele M.; Silveira, Fernando A. O.; Oliveira, Carolina; Dattilo, Wesley; Guevara, Roger; Ruiz-Guerra, Betsabe; Boaventura, Maria Gabriela; Sershen; Ramdhani, Syd; Phartyal, Shyam S.; Ribeiro, Servio P.; Pinto, Victor Diniz; Vasconcelos, Heraldo L.; Tito, Richard; Pereira, Cassio Cardoso; Carvalho, Barbara; Carvalho, Gabriel M.; Del-Val, Ek; Buisson, Elise; Arruda, Andre J.; Toth, Jean-Baptiste; Roque, Fabio de O.; Souza, Allan Henrique; Bolzan, Fabio; Neves, Frederico; Kuchenbecker, Juliana; Demetrio, Guilherme Ramos; Seixas, Luziene; Romero, Gustavo Q.; de Omena, Paula M.; Silva, Jhonathan O.; Paolucci, Lucas; Queiroz, Elenir; Ooi, Mark K. J.; Mills, Charlotte H.; Gerhold, Pille; Merzin, Anne; Massante, Jhonny C.; Aguilar, Ramiro; Carbone, Lucas M.; Campos, Ricardo; Gomes, Inacio; Zorzal, Gabriela; Solar, Ricardo; Ramos, Leticia; Sobrinho, Tathiana; Sanders, Pedro; Cornelissen, Tatiana",,,,,,,,How much leaf area do insects eat? A data set of insect herbivory sampled globally with a standardized protocol,,,,,,,,ECOLOGY,,,,102,4,,,,,e03301,,,10.1002/ecy.3301,,,,,MAR 2021,,Article; Data Paper,APR 2021,2021,,,,,,,,,,5,0,0,0,5,0,5,,,,,,WOS:000631525200001,33565639
J,"Taylor, Sara J. Snell; Evans, Brian S.; White, Ethan P.; Hurlbert, Allen H.",,,,,,,,The prevalence and impact of transient species in ecological communities,,,,,,,,ECOLOGY,,,,99,8,,,1825,1835,,,,10.1002/ecy.2398,,,,,,,Article,AUG 2018,2018,,,,,,,,,,33,0,0,0,31,0,34,,,,,,WOS:000440407500012,29802772
J,"Gerson, Jacqueline R.; Moore, Eric; Naslund, Laura C.; Rocca, Jennifer; Simonin, Marie",,,,,,,,"Chemistry of streams draining mined and unmined watersheds in the mountaintop mined landscape of Central Appalachia, USA",,,,,,,,ECOLOGY,,,,101,9,,,,,,,,10.1002/ecy.3093,,,,,JUN 2020,,Article; Data Paper,SEP 2020,2020,,,,,,,,,,4,0,0,0,4,0,4,,,,,,WOS:000538926800001,32383151
J,"Martorell, Carlos; Martinez-Blancas, Alejandra; Garcia-Meza, Diego",,,,,,,,"Plant-soil feedbacks depend on drought stress, functional group, and evolutionary relatedness in a semiarid grassland",,,,,,,,ECOLOGY,,,,102,11,,,,,e03499,,,10.1002/ecy.3499,,,,,AUG 2021,,Article,NOV 2021,2021,,,,,,,,,,5,0,0,0,4,0,5,,,,,,WOS:000686533200001,34314034
J,"Bullock, James M.; Wichmann, Matthias C.; Hails, Rosemary S.; Hodgson, David J.; Alexander, Matt J.; Morley, Kathryn; Knopp, Tatjana; Ridding, Lucy E.; Hooftman, Danny A. P.",,,,,,,,Human-mediated dispersal and disturbance shape the metapopulation dynamics of a long-lived herb,,,,,,,,ECOLOGY,,,,101,8,,,,,,,,10.1002/ecy.3087,,,,,JUL 2020,,Article,AUG 2020,2020,,,,,,,,,,5,0,0,0,3,0,5,,,,,,WOS:000544404300001,32320472
J,"D'Aloia, Cassidy C.; Neubert, Michael G.",,,,,,,,"The formation of marine kin structure: effects of dispersal, larval cohesion, and variable reproductive success",,,,,,,,ECOLOGY,,,,99,10,,,2374,2384,,,,10.1002/ecy.2480,,,,,,,Article,OCT 2018,2018,,,,,,,,,,11,0,0,0,10,0,11,,,,,,WOS:000446270400024,30080237
J,"Kivlin, Stephanie N.; Hawkes, Christine V.",,,,,,,,Spatial and temporal turnover of soil microbial communities is not linked to function in a primary tropical forest,,,,,,,,ECOLOGY,,,,101,4,,,,,e02985,,,10.1002/ecy.2985,,,,,,,Article,APR 2020,2020,,,,,,,,,,22,0,0,0,16,0,22,,,,,,WOS:000538111800007,31958139
J,"Moneghetti, Joanne; Figueiredo, Joana; Baird, Andrew H.; Connolly, Sean R.",,,,,,,,High-frequency sampling and piecewise models reshape dispersal kernels of a common reef coral,,,,,,,,ECOLOGY,,,,100,8,,,,,,,,10.1002/ecy.2730,,,,,,,Article,AUG 2019,2019,,,,,,,,,,4,0,0,0,4,0,4,,,,,,WOS:000478103000002,30991454
J,"Pacifici, Krishna; Reich, Brian J.; Miller, David A. W.; Pease, Brent S.",,,,,,,,Resolving misaligned spatial data with integrated species distribution models,,,,,,,,ECOLOGY,,,,100,6,,,,,e02709,,,10.1002/ecy.2709,,,,,,,Article,JUN 2019,2019,,,,,,,,,,26,0,0,0,22,0,26,,,,,,WOS:000474127300019,30933314
J,"Monterroso, Pedro; Francisco, Diaz-Ruiz; Lukacs, Paul M.; Alves, Paulo C.; Ferreras, Pablo",,,,,,,,Ecological traits and the spatial structure of competitive coexistence among carnivores,,,,,,,,ECOLOGY,,,,101,8,,,,,e03059,,,10.1002/ecy.3059,,,,,JUN 2020,,Article,AUG 2020,2020,,,,,,,,,,37,1,0,0,34,0,39,,,,,,WOS:000539284100001,32333382
J,"Fabritius, H.; Singer, A.; Pennanen, I. J.; Snall, T.",,,,,,,,Estimation of metapopulation colonization rates from disturbance history and occurrence-pattern data,,,,,,,,ECOLOGY,,,,100,10,,,,,,,,10.1002/ecy.2814,,,,,AUG 2019,,Article,OCT 2019,2019,,,,,,,,,,0,0,0,0,0,0,0,,,,,,WOS:000481249000001,31290140
J,"Zemunik, Graham; Davies, Stuart J.; Turner, Benjamin L.",,,,,,,,Soil drivers of local-scale tree growth in a lowland tropical forest,,,,,,,,ECOLOGY,,,,99,12,,,2844,2852,,,,10.1002/ecy.2532,,,,,,,Article,DEC 2018,2018,,,,,,,,,,19,1,0,0,18,0,20,,,,,,WOS:000451909200020,30376160
J,"Cove, Michael V.; Kays, Roland; Bontrager, Helen; Bresnan, Claire; Lasky, Monica; Frerichs, Taylor; Klann, Renee; Lee, Thomas E., Jr.; Crockett, Seth C.; Crupi, Anthony P.; Weiss, Katherine C. B.; Rowe, Helen; Sprague, Tiffany; Schipper, Jan; Tellez, Chelsey; Lepczyk, Christopher A.; Fantle-Lepczyk, Jean E.; Lapoint, Scott; Williamson, Jacque; Fisher-Reid, M. Caitlin; King, Sean M.; Bebko, Alexandra J.; Chrysafis, Petros; Jensen, Alex J.; Jachowski, David S.; Sands, Joshua; MacCombie, Kelly Anne; Herrera, Daniel J.; van der Merwe, Marius; Knowles, Travis W.; Horan, Robert V., III; Rentz, Michael S.; Brandt, LaRoy S. E.; Nagy, Christopher; Barton, Brandon T.; Thompson, Weston C.; Maher, Sean P.; Darracq, Andrea K.; Hess, George; Parsons, Arielle W.; Wells, Brenna; Roemer, Gary W.; Hernandez, Cristian J.; Gompper, Matthew E.; Webb, Stephen L.; Vanek, John P.; Lafferty, Diana J. R.; Bergquist, Amelia M.; Hubbard, Tru; Forrester, Tavis; Clark, Darren; Cincotta, Connor; Favreau, Jorie; Facka, Aaron N.; Halbur, Michelle; Hammerich, Steven; Gray, Morgan; Rega-Brodsky, Christine C.; Durbin, Caleb; Flaherty, Elizabeth A.; Brooke, Jarred M.; Coster, Stephanie S.; Lathrop, Richard G.; Russell, Katarina; Bogan, Daniel A.; Cliche, Rachel; Shamon, Hila; Hawkins, Melissa T. R.; Marks, Sharyn B.; Lonsinger, Robert C.; O'Mara, M. Teague; Compton, Justin A.; Fowler, Melinda; Barthelmess, Erika L.; Andy, Katherine E.; Belant, Jerrold L.; Beyer, Dean E., Jr.; Kautz, Todd M.; Scognamillo, Daniel G.; Schalk, Christopher M.; Leslie, Matthew S.; Nasrallah, Sophie L.; Ellison, Caroline N.; Ruthven, Chip; Fritts, Sarah; Tleimat, Jaquelyn; Gay, Mandy; Whittier, Christopher A.; Neiswenter, Sean A.; Pelletier, Robert; DeGregorio, Brett A.; Kuprewicz, Erin K.; Davis, Miranda L.; Dykstra, Adrienne; Mason, David S.; Baruzzi, Carolina; Lashley, Marcus A.; Risch, Derek R.; Price, Melissa R.; Allen, Maximilian L.; Whipple, Laura S.; Sperry, Jinelle H.; Hagen, Robert H.; Mortelliti, Alessio; Evans, Bryn E.; Studds, Colin E.; Siren, Alexej P. K.; Kilborn, Jillian; Sutherland, Chris; Warren, Paige; Fuller, Todd; Harris, Nyeema C.; Carter, Neil H.; Trout, Edward; Zimova, Marketa; Giery, Sean T.; Iannarilli, Fabiola; Higdon, Summer D.; Revord, Ronald S.; Hansen, Christopher P.; Millspaugh, Joshua J.; Zorn, Adam; Benson, John F.; Wehr, Nathaniel H.; Solberg, Jaylin N.; Gerber, Brian D.; Burr, Jessica C.; Sevin, Jennifer; Green, Austin M.; Sekercioglu, Cagan H.; Pendergast, Mary; Barnick, Kelsey A.; Edelman, Andrew J.; Wasdin, Joanne R.; Romero, Andrea; O'Neill, Brian J.; Schmitz, Noel; Alston, Jesse M.; Kuhn, Kellie M.; Lesmeister, Damon B.; Linnell, Mark A.; Appel, Cara L.; Rota, Christopher; Stenglein, Jennifer L.; Anhalt-Depies, Christine; Nelson, Carrie; Long, Robert A.; Jaspers, Kodi Jo; Remine, Kathryn R.; Jordan, Mark J.; Davis, Daniel; Hernandez-Yanez, Haydee; Zhao, Jennifer Y.; McShea, Andwilliam J.",,,,,,,,SNAPSHOT USA 2019: a coordinated national camera trap survey of the United States,,,,,,,,ECOLOGY,,,,102,6,,,,,e03353,,,10.1002/ecy.3353,,,,,,,Article; Data Paper,JUN 2021,2021,,,,,,,,,,13,0,0,0,11,0,13,,,,,,WOS:000658488800021,33793977
J,"Ramos, Rauel; Llabres, Victoria; Monclus, Laura; Lopez-Bejar, Manel; Gonzalez-Solis, Jacob",,,,,,,,Costs of breeding are rapidly buffered and do not affect migratory behavior in a long-lived bird species,,,,,,,,ECOLOGY,,,,99,9,,,2010,2024,,,,10.1002/ecy.2435,,,,,,,Article,SEP 2018,2018,,,,,,,,,,19,0,1,0,20,0,20,,,,,,WOS:000443558200010,30063803
J,"Marion, Zachary H.; Orwin, Kate H.; Wood, Jamie R.; Holdaway, Robert J.; Dickie, Ian A.",,,,,,,,"Land use, but not distance, drives fungal beta diversity",,,,,,,,ECOLOGY,,,,102,11,,,,,e03487,,,10.1002/ecy.3487,,,,,AUG 2021,,Article,NOV 2021,2021,,,,,,,,,,3,0,0,0,3,0,3,,,,,,WOS:000688055500001,34289082
J,"McGeoch, Melodie A.; Latombe, Guillaume; Andrew, Nigel R.; Nakagawa, Shinichi; Nipperess, David A.; Roige, Mariona; Marzinelli, Ezequiel M.; Campbell, Alexandra H.; Verges, Adriana; Thomas, Torsten; Steinberg, Peter D.; Selwood, Katherine E.; Henriksen, Marie, V; Hui, Cang",,,,,,,,Measuring continuous compositional change using decline and decay in zeta diversity,,,,,,,,ECOLOGY,,,,100,11,,,,,,,,10.1002/ecy.2832,,,,,AUG 2019,,Article,NOV 2019,2019,,,,,,,,,,47,0,0,0,44,0,48,,,,,,WOS:000481262400001,31323117
J,"Rana, Suresh K.; Gross, Kevin; Price, Trevor D.",,,,,,,,"Drivers of elevational richness peaks, evaluated for trees in the east Himalaya",,,,,,,,ECOLOGY,,,,100,1,,,,,e02548,,,10.1002/ecy.2548,,,,,,,Article,JAN 2019,2019,,,,,,,,,,18,2,0,0,19,0,19,,,,,,WOS:000454706400001,30601575
J,"Choudoir, Mallory J.; Barberan, Albert; Menninger, Holly L.; Dunn, Rob R.; Fierer, Noah",,,,,,,,Variation in range size and dispersal capabilities of microbial taxa,,,,,,,,ECOLOGY,,,,99,2,,,322,334,,,,10.1002/ecy.2094,,,,,,,Article,FEB 2018,2018,,,,,,,,,,39,1,0,0,35,0,40,,,,,,WOS:000424165200007,29160898
J,"Oosthuizen, W. Chris; Peron, Guillaume; Pradel, Roger; Bester, Marthan N.; de Bruyn, P. J. Nico",,,,,,,,Positive early-late life-history trait correlations in elephant seals,,,,,,,,ECOLOGY,,,,102,4,,,,,,,,10.1002/ecy.3288,,,,,MAR 2021,,Article,APR 2021,2021,,,,,,,,,,5,0,0,0,3,0,5,,,,,,WOS:000627473000001,33481267
J,"Opedal, Oystein H.; Ovaskainen, Otso; Saastamoinen, Marjo; Laine, Anna-Liisa; Nouhuys, Saskya",,,,,,,,Host-plant availability drives the spatiotemporal dynamics of interacting metapopulations across a fragmented landscape,,,,,,,,ECOLOGY,,,,101,12,,,,,,,,10.1002/ecy.3186,,,,,OCT 2020,,Article,DEC 2020,2020,,,,,,,,,,3,0,0,0,6,0,6,,,,,,WOS:000575660300001,32892363
J,"van Klink, Roel; Leps, Jan; Vermeulen, Rikjan; de Bello, Francesco",,,,,,,,Functional differences stabilize beetle communities by weakening interspecific temporal synchrony,,,,,,,,ECOLOGY,,,,100,8,,,,,,,,10.1002/ecy.2748,,,,,,,Article,AUG 2019,2019,,,,,,,,,,11,0,0,0,11,0,11,,,,,,WOS:000478103000006,31026054
J,"Bouchard, Mathieu; Martel, Veronique; Regniere, Jacques; Therrien, Pierre; Correia, David Laginha Pinto",,,,,,,,Do natural enemies explain fluctuations in low-density spruce budworm populations?,,,,,,,,ECOLOGY,,,,99,9,,,2047,2057,,,,10.1002/ecy.2417,,,,,,,Article,SEP 2018,2018,,,,,,,,,,13,0,0,0,7,0,13,,,,,,WOS:000443558200013,29893007
J,"Catano, Christopher P.; Grman, Emily; Behrens, Eric; Brudvig, Lars A.",,,,,,,,Species pool size alters species-area relationships during experimental community assembly,,,,,,,,ECOLOGY,,,,102,1,,,,,,,,10.1002/ecy.3231,,,,,NOV 2020,,Article,JAN 2021,2021,,,,,,,,,,14,1,0,0,13,0,14,,,,,,WOS:000594051000001,33091155
J,"Guzman, Laura Melissa; Srivastava, Diane S.",,,,,,,,Genomic variation among populations provides insight into the causes of metacommunity survival,,,,,,,,ECOLOGY,,,,101,12,,,,,,,,10.1002/ecy.3182,,,,,OCT 2020,,Article,DEC 2020,2020,,,,,,,,,,5,0,0,0,5,0,5,,,,,,WOS:000575318800001,32885415
J,"Leach, Clinton B.; Williams, Perry J.; Eisaguirre, Joseph M.; Womble, Jamie N.; Bower, Michael R.; Hooten, Mevin B.",,,,,,,,Recursive Bayesian computation facilitates adaptive optimal design in ecological studies,,,,,,,,ECOLOGY,,,,103,2,,,,,e03573,,,10.1002/ecy.3573,,,,,NOV 2021,,Article,FEB 2022,2022,,,,,,,,,,0,0,0,0,0,0,0,,,,,,WOS:000722077000001,34710235
J,"Palomo-Munoz, Gabriela; Werdel, Ty J; Piper, Colleen W; Peek, Matthew S; Ricketts, Andrew M; Ahlers, Adam A",,,,,,,,Spatiotemporal distributions of mammals occurring in an agro-prairie ecosystem.,,,,,,,,Ecology,,,,,,,,e3945,e3945,,,,10.1002/ecy.3945,,,,,,,Journal Article,2022-Dec-07,2022,,,,,,,,,,0,0,0,0,0,0,0,,,,,,MEDLINE:36478344,36478344
J,"Peng, Dan; Montelongo, Denise C.; Wu, Leslie; Armitage, Anna R.; Kominoski, John S.; Pennings, Steven C.",,,,,,,,A hurricane alters the relationship between mangrove cover and marine subsidies,,,,,,,,ECOLOGY,,,,103,5,,,,,e3662,,,10.1002/ecy.3662,,,,,MAR 2022,,Article,MAY 2022,2022,,,,,,,,,,0,0,0,0,0,0,0,,,,,,WOS:000770935600001,35157321
J,"Kays, Roland; Cove, Michael V.; Diaz, Jose; Todd, Kimberly; Bresnan, Claire; Snider, Matt; Lee, Thomas E., Jr.; Jasper, Jonathan G.; Douglas, Brianna; Crupi, Anthony P.; Weiss, Katherine C. B.; Rowe, Helen; Sprague, Tiffany; Schipper, Jan; Lepczyk, Christopher A.; Fantle-Lepczyk, Jean E.; Davenport, Jon; Zimova, Marketa; Farris, Zach; Williamson, Jacque; Fisher-Reid, M. Caitlin; Rezendes, Drew; King, Sean M.; Chrysafis, Petros; Jensen, Alex J.; Jachowski, David S.; King, Katherine C.; Herrera, Daniel J.; Moore, Sophie; van der Merwe, Marius; Lombardi, Jason V.; Sergeyev, Maksim; Tewes, Michael E.; Horan, Robert V., III; Rentz, Michael S.; Driver, Ace; Brandt, La Roy S. E.; Nagy, Christopher; Alexander, Peter; Maher, Sean P.; Darracq, Andrea K.; Barr, Evan G.; Hess, George; Webb, Stephen L.; Proctor, Mike D.; Vanek, John P.; Lafferty, Diana J. R.; Hubbard, Tru; Jimenez, Jaime E.; McCain, Craig; Favreau, Jorie; Fogarty, Jack; Hill, Jacob; Hammerich, Steven; Gray, Morgan; Rega-Brodsky, Christine C.; Durbin, Caleb; Flaherty, Elizabeth A.; Brooke, Jarred; Coster, Stephanie S.; Lathrop, Richard G.; Russell, Katarina; Bogan, Daniel A.; Shamon, Hila; Rooney, Brigit; Rockhill, Aimee; Lonsinger, Robert C.; O'Mara, M. Teague; Compton, Justin A.; Barthelmess, Erika L.; Andy, Katherine E.; Belant, Jerrold L.; Petroelje, Tyler; Wehr, Nathaniel H.; Beyer, Dean E., Jr.; Scognamillo, Daniel G.; Schalk, Chris; Day, Kara; Ellison, Caroline N.; Ruthven, Chip; Nunley, Blaine; Fritts, Sarah; Whittier, Christopher A.; Neiswenter, Sean A.; Pelletier, Robert; DeGregorio, Brett A.; Kuprewicz, Erin K.; Davis, Miranda L.; Baruzzi, Carolina; Lashley, Marcus A.; McDonald, Brandon; Mason, David; Risch, Derek R.; Allen, Maximilian L.; Whipple, Laura S.; Sperry, Jinelle H.; Alexander, Emmarie; Wolff, Patrick J.; Hagen, Robert H.; Mortelliti, Alessio; Bolinjcar, Amay; Wilson, Andrew M.; Van Norman, Scott; Powell, Cailey; Coletto, Henry; Schauss, Martha; Bontrager, Helen; Beasley, James; Ellis-Felege, Susan N.; Wehr, Samuel R.; Giery, Sean T.; Pekins, Charles E.; LaRose, Summer H.; Revord, Ronald S.; Hansen, Christopher P.; Hansen, Lonnie; Millspaugh, Joshua J.; Zorn, Adam; Gerber, Brian D.; Rezendes, Kylie; Adley, Jessie; Sevin, Jennifer; Green, Austin M.; Sekercioglu, Cagan H.; Pendergast, Mary E.; Mullen, Kayleigh; Bird, Tori; Edelman, Andrew J.; Romero, Andrea; O'Neill, Brian J.; Schmitz, Noel; Vandermus, Rebecca A.; Alston, Jesse M.; Kuhn, Kellie M.; Hasstedt, Steven C.; Lesmeister, Damon B.; Appel, Cara L.; Rota, Christopher; Stenglein, Jennifer L.; Anhalt-Depies, Christine; Nelson, Carrie L.; Long, Robert A.; Remine, Kathryn R.; Jordan, Mark J.; Elbroch, L. Mark; Bergman, Dylan; Cendejas-Zarelli, Sara; Sager-Fradkin, Kim; Conner, Mike; Morris, Gail; Parsons, Elizabeth; Hernandez-Yanez, Haydee; McShea, William J.",,,,,,,,SNAPSHOT USA 2020: A second coordinated national camera trap survey of the United States during the COVID-19 pandemic,,,,,,,,ECOLOGY,,,,103,10,,,,,e3775,,,10.1002/ecy.3775,,,,,JUL 2022,,Article; Data Paper,OCT 2022,2022,,,,,,,,,,3,0,0,0,3,0,3,,,,,,WOS:000830409400001,35661139
J,"Samnegard, Ulrika",,,,,,,,Why is arabica coffee visited by so few non-Apisbees in its native range?,,,,,,,,ECOLOGY,,,,101,9,,,,,,,,10.1002/ecy.3103,,,,,JUL 2020,,Article,SEP 2020,2020,,,,,,,,,,1,0,0,0,0,0,1,,,,,,WOS:000554674000001,32455506
J,"Levin, Sam C.; Crandall, Raelene M.; Knight, Tiffany M.",,,,,,,,Population projection models for 14 alien plant species in the presence and absence of aboveground competition,,,,,,,,ECOLOGY,,,,100,6,,,,,e02681,,,10.1002/ecy.2681,,,,,,,Article; Data Paper,JUN 2019,2019,,,,,,,,,,3,0,0,0,3,0,3,,,,,,WOS:000474127300020,30838642
J,"Milligan, Patrick D.; Martin, Timothy A.; Pringle, Elizabeth G.; Prior, Kirsten M.; Palmer, Todd M.",,,,,,,,Symbiotic ant traits produce differential host-plant carbon and water dynamics in a multi-species mutualism,,,,,,,,ECOLOGY,,,,,,,,,,,,,10.1002/ecy.3880,,,,,NOV 2022,,Article; Early Access,,2022,,,,,,,,,,0,0,0,0,0,0,0,,,,,,WOS:000912524300001,36199213
J,"Michaels, Julia; Batzer, Evan; Harrison, Susan; Eviner, Valerie T.",,,,,,,,Grazing affects vegetation diversity and heterogeneity in California vernal pools,,,,,,,,ECOLOGY,,,,102,4,,,,,,,,10.1002/ecy.3295,,,,,MAR 2021,,Article,APR 2021,2021,,,,,,,,,,4,1,0,0,2,0,5,,,,,,WOS:000628830000001,33556190
J,"Kominoski, John S.; Gaiser, Evelyn E.; Castaneda-Moya, Edward; Davis, Stephen E.; Dessu, Shimelis B.; Julian, Paul, II; Lee, Dong Yoon; Marazzi, Luca; Rivera-Monroy, Victor H.; Sola, Andres; Stingl, Ulrich; Stumpf, Sandro; Surratt, Donatto; Travieso, Rafael; Troxler, Tiffany G.",,,,,,,,Disturbance legacies increase and synchronize nutrient concentrations and bacterial productivity in coastal ecosystems,,,,,,,,ECOLOGY,,,,101,5,,,,,,,,10.1002/ecy.2988,,,,,MAR 2020,,Article,MAY 2020,2020,,,,,,,,,,11,0,0,0,9,0,11,,,,,,WOS:000521806700001,31958144
J,"Roy-Dufresne, Emilie; Lurgi, Miguel; Brown, Stuart C.; Wells, Konstans; Cooke, Brian; Mutze, Greg; Peacock, David; Cassey, Phill; Berman, Dave; Brook, Barry W.; Campbell, Susan; Cox, Tarnya; Daly, Joanne; Dunk, Iain; Elsworth, Peter; Fletcher, Don; Forsyth, David M.; Hocking, Greg; Kovaliski, John; Leane, Michael; Low, Bill; Kennedy, Malcolm; Matthews, John; McPhee, Steve; Mellin, Camille; Mooney, Trish; Moseby, Katherine; Read, John; Richardson, Barry J.; Schneider, Kathryn; Schwarz, Eric; Sinclair, Ronald; Strive, Tanja; Triulcio, Frank; West, Peter; Saltre, Frederik; Fordham, Damien A.",,,,,,,,The Australian National Rabbit Database: 50 yr of population monitoring of an invasive species,,,,,,,,ECOLOGY,,,,100,7,,,,,e02750,,,10.1002/ecy.2750,,,,,,,Article; Data Paper,JUL 2019,2019,,,,,,,,,,6,0,0,0,2,0,6,,,,,,WOS:000474286800003,31034589
J,"Gross, Avner; Lin, Yang; Weber, Peter K.; Pett-Ridge, Jennifer; Silver, Whendee L.",,,,,,,,The role of soil redox conditions in microbial phosphorus cycling in humid tropical forests,,,,,,,,ECOLOGY,,,,101,2,,,,,e02928,,,10.1002/ecy.2928,,,,,DEC 2019,,Article,FEB 2020,2020,,,,,,,,,,12,0,0,0,11,0,12,,,,,,WOS:000502928700001,31715005
J,"Cook, Patrick M.; Tordoff, George M.; Davis, Tony M.; Parsons, Mark S.; Dennis, Emily B.; Fox, Richard; Botham, Marc S.; Bourn, Nigel A. D.",,,,,,,,Traits data for the butterflies and macro-moths of Great Britain and Ireland,,,,,,,,ECOLOGY,,,,103,5,,,,,e3670,,,10.1002/ecy.3670,,,,,APR 2022,,Article; Data Paper,MAY 2022,2022,,,,,,,,,,3,0,0,0,3,0,3,,,,,,WOS:000778039400001,35233764
J,"Dubart, Maxime; Pantel, Jelena H.; Pointier, Jean-Pierre; Jarne, Philippe; David, Patrice",,,,,,,,"Modeling competition, niche, and coexistence between an invasive and a native species in a two-species metapopulation",,,,,,,,ECOLOGY,,,,100,6,,,,,e02700,,,10.1002/ecy.2700,,,,,,,Article,JUN 2019,2019,,,,,,,,,,12,1,0,0,11,0,12,,,,,,WOS:000474127300021,30916784
J,"Wasson, Kerstin; Raposa, Kenneth; Almeida, Monica; Beheshti, Kathryn; Crooks, Jearey A.; Decks, Anna; Dix, Nikki; Garvey, Caitlin; Goldstein, Jason; Johnson, Dxid Samuel; Lerberg, Scott; Marcum, Pamela; Peter, Christopher; Puckett, Brandon; Schmitt, Jenni; Smith, Erik; St Laurent, Kart; Swanson, Katie; Tyrrell, Megan; Guy, Rachel",,,,,,,,Pattern and scale: evaluating generalities in crab distributions and marsh dynamics from small plots to a national scale,,,,,,,,ECOLOGY,,,,100,10,,,,,,,,10.1002/ecy.2813,,,,,AUG 2019,,Article,OCT 2019,2019,,,,,,,,,,18,0,0,0,14,0,18,,,,,,WOS:000482326300001,31291466
J,"Scrosati, Ricardo A.; Arribas, Lorena P.; Donnarumma, Luigia",,,,,,,,Abundance data for invertebrate assemblages from intertidal mussel beds along the Atlantic Canadian coast,,,,,,,,ECOLOGY,,,,101,10,,,,,,,,10.1002/ecy.3137,,,,,AUG 2020,,Article; Data Paper,OCT 2020,2020,,,,,,,,,,1,0,0,0,1,0,1,,,,,,WOS:000561963400001,32692405
J,"Badger, Janelle J.; Bowen, W. Don; den Heyer, Cornelia E.; Breed, Greg A.",,,,,,,,Variation in individual reproductive performance amplified with population size in a long-lived carnivore,,,,,,,,ECOLOGY,,,,101,6,,,,,,,,10.1002/ecy.3024,,,,,APR 2020,,Article,JUN 2020,2020,,,,,,,,,,3,0,0,0,3,0,3,,,,,,WOS:000526133000001,32083735
J,"McCain, Christy M.; King, Sarah R. B.; Szewczyk, Tim M.",,,,,,,,"Unusually large upward shifts in cold-adapted, montane mammals as temperature warms",,,,,,,,ECOLOGY,,,,102,4,,,,,e03300,,,10.1002/ecy.3300,,,,,MAR 2021,,Article,APR 2021,2021,,,,,,,,,,3,0,0,0,4,1,5,,,,,,WOS:000630232300001,33565621
