Publication Type,Authors,Book Authors,Group Authors,Book Group Authors,Researcher Ids,ORCIDs,Book Editors,Author - Arabic,Article Title,Article Title - SciELO,Article Title - SciELO,Article Title - Chinese,Article Title - Russian,Patent Number,Patent Assignee,Source Title - Arabic,Source Title,Source Title - Korean,Book Series Title,Book Series Subtitle,Volume,Issue,Special Issue,Meeting Abstract,Start Page,End Page,Article Number,Version,Version History,DOI,Book DOI,License Name,License URI,License Description,Early Access Date,Supplement,Document Type,Publication Date,Publication Year,Abstract,Abstract - Foreign,Abstract - English Transliteration ,Abstract - Foreign,Abstract - Korean,Conference Title,Conference Date,Conference Sponsor,Conference Location,"Times Cited, WoS Core","Times Cited, CSCD ","Times Cited, RSCI","Times Cited, ARCI","Times Cited, BCI","Times Cited, SCIELO","Times Cited, All Databases",180 Day Usage Count,Since 2013 Usage Count,ISSN,eISSN,ISBN,UT (Unique ID),Pubmed Id
J,"Christensen, Sonja A.; Farr, Matthew T.; Williams, David M.",,,,,,,,Assessment and novel application of N-mixture models for aerial surveys of wildlife,,,,,,,,ECOSPHERE,,,,12,8,,,,,e03725,,,10.1002/ecs2.3725,,,,,,,Article,AUG 2021,2021,,,,,,,,,,1,0,0,0,1,0,1,,,,,,WOS:000689453800014,
J,"Breininger, David R.; Stolen, Eric D.; Breininger, Daniel J.; Breininger, Robert D.",,,,,,,,Sampling rare and elusive species: Florida east coast diamondback terrapin population abundance,,,,,,,,ECOSPHERE,,,,10,8,,,,,e02824,,,10.1002/ecs2.2824,,,,,,,Article,AUG 2019,2019,,,,,,,,,,3,0,0,0,3,0,3,,,,,,WOS:000483832300013,
J,"Hostettere, Nathan J.; Gardner, Beth; Sillett, T. Scott; Pollock, Kenneth H.; Simons, Theodore R.",,,,,,,,An integrated model decomposing the components of detection probability and abundance in unmarked populations,,,,,,,,ECOSPHERE,,,,10,3,,,,,e02586,,,10.1002/ecs2.2586,,,,,,,Article,MAR 2019,2019,,,,,,,,,,11,0,0,0,10,0,12,,,,,,WOS:000463977000003,
J,"Fauteux, Dominique; Gauthier, Gilles; Mazerolle, Marc J.; Coallier, Nicolas; Bety, Joel; Berteaux, Dominique",,,,,,,,Evaluation of invasive and non-invasive methods to monitor rodent abundance in the Arctic.,,,,,,,,ECOSPHERE,,,,9,2,,,e02124,e02124,,,,,,,,,,,Article,Feb 2018,2018,,,,,,,,,,9,0,0,0,9,1,10,,,,,,ZOOREC:ZOOR15409056585,
J,"Rogan, Matthew S.; Balme, Guy A.; Distiller, Greg; Pitman, Ross T.; Broadfield, Joleen; Mann, Gareth K. H.; Whittington-Jones, Gareth M.; Thomas, Lisa H.; O'Riain, M. Justin",,,,,,,,The influence of movement on the occupancy-density relationship at small spatial scales,,,,,,,,ECOSPHERE,,,,10,8,,,,,e02807,,,10.1002/ecs2.2807,,,,,,,Article,AUG 2019,2019,,,,,,,,,,18,0,0,0,16,0,18,,,,,,WOS:000483832300031,
J,"Joseph, Maxwell B.; Knapp, Roland A.",,,,,,,,Using visual encounter data to improve capture-recapture abundance estimates,,,,,,,,ECOSPHERE,,,,12,2,,,,,e03370,,,10.1002/ecs2.3370,,,,,,,Article,FEB 2021,2021,,,,,,,,,,1,0,0,0,1,0,1,,,,,,WOS:000623677800029,
J,"Barrile, Gabriel M.; Chalfoun, Anna D.; Estes-Zumpf, Wendy A.; Walters, Annika W.",,,,,,,,"Wildfire influences individual growth and breeding dispersal, but not survival and recruitment in a montane amphibian",,,,,,,,ECOSPHERE,,,,13,8,,,,,e4212,,,10.1002/ecs2.4212,,,,,,,Article,AUG 2022,2022,,,,,,,,,,0,0,0,0,0,0,0,,,,,,WOS:000845083700001,
J,"McDevitt, Molly C.; Cassirer, E. Frances; Roberts, Shane B.; Lukacs, Paul M.",,,,,,,,A novel sampling approach to estimating abundance of low-density and observable species,,,,,,,,ECOSPHERE,,,,12,11,,,,,e03815,,,10.1002/ecs2.3815,,,,,,,Article,NOV 2021,2021,,,,,,,,,,1,0,0,0,0,0,1,,,,,,WOS:000723142700011,
J,"Stevens, Bryan S.; Bence, James R.; Luukkonen, David R.; Porter, William F.",,,,,,,,A hierarchical framework for estimating abundance and population growth from imperfectly observed removals,,,,,,,,ECOSPHERE,,,,11,5,,,,,e03131,,,10.1002/ecs2.3131,,,,,,,Article,MAY 2020,2020,,,,,,,,,,2,0,0,0,1,0,2,,,,,,WOS:000538094900026,
J,"Fauteux, Dominique; Gauthier, Gilles; Mazerolle, Marc J.; Coallier, Nicolas; Bety, Joel; Berteaux, Dominique",,,,,,,,Evaluation of invasive and non-invasive methods to monitor rodent abundance in the Arctic,,,,,,,,ECOSPHERE,,,,9,2,,,,,e02124,,,10.1002/ecs2.2124,,,,,,,Article,FEB 2018,2018,,,,,,,,,,10,0,0,0,7,0,10,,,,,,WOS:000427091200012,
J,"Dupont, P.; Milleret, C.; Tourani, M.; Broseth, H.; Bischof, R.",,,,,,,,Integrating dead recoveries in open-population spatial capture-recapture models,,,,,,,,ECOSPHERE,,,,12,7,,,,,e03571,,,10.1002/ecs2.3571,,,,,,,Article,JUL 2021,2021,,,,,,,,,,5,0,0,0,3,0,5,,,,,,WOS:000678730500036,
J,"Green, David S.; Martin, Marie E.; Powell, Roger A.; McGregor, Eric L.; Gabriel, Mourad W.; Pilgrim, Kristine L.; Schwartz, Michael K.; Matthews, Sean M.",,,,,,,,Mixed-severity wildfire and salvage logging affect the populations of a forest-dependent carnivoran and a competitor,,,,,,,,ECOSPHERE,,,,13,1,,,,,e03877,,,10.1002/ecs2.3877,,,,,,,Article,JAN 2022,2022,,,,,,,,,,1,0,0,0,0,0,1,,,,,,WOS:000747491800027,
J,"Kristensen, Thea V.; Kovach, Adrienne I.",,,,,,,,Spatially explicit abundance estimation of a rare habitat specialist: implications for SECR study design,,,,,,,,ECOSPHERE,,,,9,5,,,,,e02217,,,10.1002/ecs2.2217,,,,,,,Article,MAY 2018,2018,,,,,,,,,,19,1,0,0,17,0,19,,,,,,WOS:000435640100014,
J,"Mitchell, Corey I.; Shoemaker, Kevin T.; Esque, Todd C.; Vandergast, Amy G.; Hromada, Steven J.; Dutcher, Kirsten E.; Heaton, Jill S.; Nussear, Kenneth E.",,,,,,,,Integrating telemetry data at several scales with spatial capture-recapture to improve density estimates,,,,,,,,ECOSPHERE,,,,12,8,,,,,e03689,,,10.1002/ecs2.3689,,,,,,,Article,AUG 2021,2021,,,,,,,,,,1,0,0,0,1,0,1,,,,,,WOS:000689453800011,
J,"Linden, Daniel W.; Siren, Alexej P. K.; Pekins, Peter J.",,,,,,,,Integrating telemetry data into spatial capture-recapture modifies inferences on multi-scale resource selection,,,,,,,,ECOSPHERE,,,,9,4,,,,,e02203,,,10.1002/ecs2.2203,,,,,,,Article,APR 2018,2018,,,,,,,,,,27,1,0,0,28,0,28,,,,,,WOS:000435729400028,
J,"Turek, Daniel; Milleret, Cyril; Ergon, Torbjorn; Broseth, Henrik; Dupont, Pierre; Bischof, Richard; De Valpine, Perry",,,,,,,,Efficient estimation of large-scale spatial capture-recapture models,,,,,,,,ECOSPHERE,,,,12,2,,,,,e03385,,,10.1002/ecs2.3385,,,,,,,Article,FEB 2021,2021,,,,,,,,,,14,0,0,0,8,0,14,,,,,,WOS:000623677800014,
J,"Hoekman, Steven T.",,,,,,,,Multi-observer methods for estimating uncertain species identification,,,,,,,,ECOSPHERE,,,,12,9,,,,,e03648,,,10.1002/ecs2.3648,,,,,,,Article,SEP 2021,2021,,,,,,,,,,0,0,0,0,0,0,0,,,,,,WOS:000701322700025,
J,"Marcy-Quay, Benjamin; Sethi, Suresh A.; Therkildsen, Nina O.; Kraft, Clifford E.",,,,,,,,Expanding the feasibility of fish and wildlife assessments with close-kin mark-recapture,,,,,,,,ECOSPHERE,,,,11,10,,,,,e03259,,,10.1002/ecs2.3259,,,,,,,Article,OCT 2020,2020,,,,,,,,,,2,0,0,0,1,0,2,,,,,,WOS:000588068600019,
J,"Deane, Cody E.; Flynn, Barrett A.; Bruning, Darren L.; Breed, Greg A.; Jochum, Kim A.",,,,,,,,Daily abundance of Dall's sheep peaks during late summer in a seasonal habitat of high-management interest,,,,,,,,ECOSPHERE,,,,13,1,,,,,e03892,,,10.1002/ecs2.3892,,,,,,,Article,JAN 2022,2022,,,,,,,,,,0,0,0,0,0,0,0,,,,,,WOS:000747491800029,
J,"Monroe, Adrian P.; Wann, Gregory T.; Aldridge, Cameron L.; Coates, Peter S.",,,,,,,,The importance of simulation assumptions when evaluating detectability in population models,,,,,,,,ECOSPHERE,,,,10,7,,,,,e02791,,,10.1002/ecs2.2791,,,,,,,Article,JUL 2019,2019,,,,,,,,,,12,0,0,0,11,0,12,,,,,,WOS:000477912900008,
J,"Riecke, Thomas, V; Gibson, Dan; Leach, Alan G.; Lindberg, Mark S.; Schaub, Michael; Sedinger, James S.",,,,,,,,Bayesian mark-recapture-resight-recovery models: increasing user flexibility in the BUGS language,,,,,,,,ECOSPHERE,,,,12,12,,,,,e03810,,,10.1002/ecs2.3810,,,,,,,Article,DEC 2021,2021,,,,,,,,,,1,0,0,0,1,0,1,,,,,,WOS:000735437600039,
J,"Rousteau, Typhaine; Duriez, Olivier; Pradel, Roger; Sarrazin, Francois; David, Thierry; Henriquet, Sylvain; Tessier, Christian; Mihoub, Jean-Baptiste",,,,,,,,High long-term survival and asymmetric movements in a reintroduced metapopulation of Cinereous vultures,,,,,,,,ECOSPHERE,,,,13,2,,,,,e03862,,,10.1002/ecs2.3862,,,,,,,Article,FEB 2022,2022,,,,,,,,,,0,0,0,0,0,0,0,,,,,,WOS:000760264100038,
J,"Anderson, Dean P.; Rouco, Carlos; Latham, Maria Cecilia; Warburton, Bruce",,,,,,,,Understanding spatially explicit capture-recapture parameters for informing invasive animal management,,,,,,,,ECOSPHERE,,,,13,11,,,,,e4269,,,10.1002/ecs2.4269,,,,,,,Article,NOV 2022,2022,,,,,,,,,,0,0,0,0,0,0,0,,,,,,WOS:000879911800001,
J,"Milleret, Cyril; Dupont, Pierre; Chipperfield, Joseph; Turek, Daniel; Broseth, Henrik; Gimenez, Olivier; de Valpine, Perry; Bischof, Richard",,,,,,,,Estimating abundance with interruptions in data collection using open population spatial capture-recapture models,,,,,,,,ECOSPHERE,,,,11,7,,,,,e03172,,,10.1002/ecs2.3172,,,,,,,Article,JUL 2020,2020,,,,,,,,,,10,0,0,0,8,0,10,,,,,,WOS:000567408500025,
J,"Ibouroi, Mohamed Thani; Arnal, Veronique; Cheha, Ali; Dhurham, Said Ali Ousseni; Montgelard, Claudine; Besnard, Aurelien",,,,,,,,Noninvasive genetic sampling for flying foxes: a valuable method for monitoring demographic parameters,,,,,,,,ECOSPHERE,,,,12,7,,,,,e03327,,,10.1002/ecs2.3327,,,,,,,Article,JUL 2021,2021,,,,,,,,,,3,0,0,0,0,0,3,,,,,,WOS:000678730500043,
J,"Rose, Jonathan P.; Wylie, Glenn D.; Casazza, Michael L.; Halsteado, Brian J.",,,,,,,,Integrating growth and capture-mark-recapture models reveals size-dependent survival in an elusive species,,,,,,,,ECOSPHERE,,,,9,8,,,,,e02384,,,10.1002/ecs2.2384,,,,,,,Article,AUG 2018,2018,,,,,,,,,,10,0,0,0,8,1,10,,,,,,WOS:000448271400023,
J,"Riva, Federico; Gentile, Giorgio; Bonelli, Simona; Acorn, John; Denes, Francisco; Crosby, Andrew; Nielsen, Scott",,,,,,,,"Of detectability and camouflage: evaluating Pollard Walk rules using a common, cryptic butterfly",,,,,,,,ECOSPHERE,,,,11,4,,,,,e03101,,,10.1002/ecs2.3101,,,,,,,Article,APR 2020,2020,,,,,,,,,,1,0,0,0,1,0,1,,,,,,WOS:000536583400004,
J,"Murphy, Sean M.; Augustine, Ben C.; Adams, Jennifer R.; Waits, Lisette P.; Cox, John J.",,,,,,,,Integrating multiple genetic detection methods to estimate population density of social and territorial carnivores,,,,,,,,ECOSPHERE,,,,9,10,,,,,e02479,,,10.1002/ecs2.2479,,,,,,,Article,OCT 2018,2018,,,,,,,,,,9,0,0,0,9,0,9,,,,,,WOS:000449566200040,
J,"Tumendemberel, Odbayar; Tebbenkamp, Joel M.; Zedrosser, Andreas; Proctor, Michael F.; Blomberg, Erik J.; Morin, Dana J.; Rosell, Frank; Reynolds, Harry V.; Adams, Jennifer R.; Waits, Lisette P.",,,,,,,,Long-term monitoring using DNA sampling reveals the dire demographic status of the critically endangered Gobi bear,,,,,,,,ECOSPHERE,,,,12,8,,,,,e03696,,,10.1002/ecs2.3696,,,,,,,Article,AUG 2021,2021,,,,,,,,,,3,0,0,0,3,0,3,,,,,,WOS:000689453800042,
J,"Satter, Christopher B.; Augustine, N. C.; Harmsen, Bart J.; Foster, Rebecca J.; Kelly, Marcella J.",,,,,,,,Sex-specific population dynamics of ocelots in Belize using open population spatial capture-recapture,,,,,,,,ECOSPHERE,,,,10,7,,,,,e02792,,,10.1002/ecs2.2792,,,,,,,Article,JUL 2019,2019,,,,,,,,,,10,0,0,0,9,0,10,,,,,,WOS:000477912900007,
J,"Balaguera-Reina, Sergio A.; Vargas-Castillo, Alfredo; Densmore, Llewellyn D.",,,,,,,,Population ecology of the spectacled caiman (Caiman crocodilus) in the Apaporis River middle basin,,,,,,,,ECOSPHERE,,,,12,5,,,,,e03532,,,10.1002/ecs2.3532,,,,,,,Article,MAY 2021,2021,,,,,,,,,,1,0,0,0,1,0,1,,,,,,WOS:000655473800017,
J,"Twining, Joshua P.; McFarlane, Claire; O'Meara, Denise; O'Reilly, Catherine; Reyne, Marina; Montgomery, W. Ian; Helyar, Sarah; Tosh, David G.; Augustine, Ben C.",,,,,,,,A comparison of density estimation methods for monitoring marked and unmarked animal populations,,,,,,,,ECOSPHERE,,,,13,10,,,,,e4165,,,10.1002/ecs2.4165,,,,,,,Article,OCT 2022,2022,,,,,,,,,,0,0,0,0,0,0,0,,,,,,WOS:000863962100001,
J,"Whittington, Jesse; Shepherd, Brenda; Forshner, Anne; St-Amand, Julien; Greenwood, Jennifer L.; Gillies, Cameron S.; Johnston, Barb; Owchar, Rhonda; Petersen, Derek; Rogala, James Kimo",,,,,,,,Landbird trends in protected areas using time-to-event occupancy models,,,,,,,,ECOSPHERE,,,,10,11,,,,,e02946,,,10.1002/ecs2.2946,,,,,,,Article,NOV 2019,2019,,,,,,,,,,5,0,0,0,4,0,5,,,,,,WOS:000512727700038,
J,"Kolowski, Joseph M.; Oley, Josephine; McShea, William J.",,,,,,,,High-density camera trap grid reveals lack of consistency in detection and capture rates across space and time,,,,,,,,ECOSPHERE,,,,12,2,,,,,e03350,,,10.1002/ecs2.3350,,,,,,,Article,FEB 2021,2021,,,,,,,,,,14,0,0,0,8,0,14,,,,,,WOS:000623677800024,
J,"Balaguera-Reina, Sergio A.; Venegas-Anaya, Miryam D.; Rivera-Rivera, Betzaida; Morales Ramirez, Diego A.; Densmore, Llewellyn D.",,,,,,,,How to estimate population size in crocodylians? Population ecology of American crocodiles in Coiba Island as study case,,,,,,,,ECOSPHERE,,,,9,10,,,,,e02474,,,10.1002/ecs2.2474,,,,,,,Article,OCT 2018,2018,,,,,,,,,,11,0,0,0,10,0,11,,,,,,WOS:000449566200028,
J,"Boys, Rebecca M.; Oliveira, Claudia; Perez-Jorgeo, Sergi; Prieto, Rui; Steiner, Lisa; Silva, Monica A.",,,,,,,,Multi-state open robust design applied to opportunistic data reveals dynamics of wide-ranging taxa: the sperm whale case,,,,,,,,ECOSPHERE,,,,10,3,,,,,e02610,,,10.1002/ecs2.2610,,,,,,,Article,MAR 2019,2019,,,,,,,,,,10,0,0,0,9,0,10,,,,,,WOS:000463977000006,
J,"Farid, Rashidah H.; Karelus, Dana L.; Hull, Vanessa",,,,,,,,Age- and sex-specific survival of the Gunnison's prairie dog (Cynomys gunnisoni),,,,,,,,ECOSPHERE,,,,13,3,,,,,e3937,,,10.1002/ecs2.3937,,,,,,,Article,MAR 2022,2022,,,,,,,,,,0,0,0,0,0,0,0,,,,,,WOS:000776290300014,
J,"Hofmeester, Tim R.; Thorsen, Neri H.; Cromsigt, Joris P. G. M.; Kindberg, Jonas; Andren, Henrik; Linnell, John D. C.; Odden, John",,,,,,,,Effects of camera-trap placement and number on detection of members of a mammalian assemblage,,,,,,,,ECOSPHERE,,,,12,7,,,,,e03662,,,10.1002/ecs2.3662,,,,,,,Article,JUL 2021,2021,,,,,,,,,,5,0,0,0,2,0,5,,,,,,WOS:000678730500027,
J,"Keevil, Matthew G.; Brooks, Ronald J.; Litzgus, Jacqueline D.",,,,,,,,Post-catastrophe patterns of abundance and survival reveal no evidence of population recovery in a long-lived animal,,,,,,,,ECOSPHERE,,,,9,9,,,,,e02396,,,10.1002/ecs2.2396,,,,,,,Article,SEP 2018,2018,,,,,,,,,,30,0,0,0,33,0,34,,,,,,WOS:000446834100012,
J,"Rowe, Jennifer C.; Duarte, Adam; Pearl, Christopher A.; McCreary, Brome; Haggerty, Patricia K.; Jones, John W.; Adams, Michael J.",,,,,,,,Demography of the Oregon spotted frog along a hydrologically modified river,,,,,,,,ECOSPHERE,,,,12,6,,,,,e03634,,,10.1002/ecs2.3634,,,,,,,Article,JUN 2021,2021,,,,,,,,,,2,0,0,0,2,0,2,,,,,,WOS:000667707100048,
J,"Joseph, Maxwell B.; Knapp, Roland A.",,,,,,,,Disease and climate effects on individuals drive post-reintroduction population dynamics of an endangered amphibian,,,,,,,,ECOSPHERE,,,,9,11,,,,,e02499,,,10.1002/ecs2.2499,,,,,,,Article,NOV 2018,2018,,,,,,,,,,28,0,0,0,26,0,28,,,,,,WOS:000452621900015,
J,"Roe, John H.; Graeter, Gabrielle J.; LaVere, Ashley A.; Somers, Ann B.",,,,,,,,State-wide population characteristics and long-term trends for eastern box turtles in North Carolina,,,,,,,,ECOSPHERE,,,,12,2,,,,,e03378,,,10.1002/ecs2.3378,,,,,,,Article,FEB 2021,2021,,,,,,,,,,2,0,0,0,2,0,2,,,,,,WOS:000623677800021,
J,"Emmet, Robert L.; Long, Robert A.; Gardner, Beth",,,,,,,,Modeling multi-scale occupancy for monitoring rare and highly mobile species,,,,,,,,ECOSPHERE,,,,12,7,,,,,e03637,,,10.1002/ecs2.3637,,,,,,,Article,JUL 2021,2021,,,,,,,,,,4,0,0,0,4,0,4,,,,,,WOS:000678730500008,
J,"Sorrell, Karina J.; Clarke, Rohan H.; Holmberg, Ross; McIntosh, Rebecca R.",,,,,,,,Remotely piloted aircraft improve precision of capture-mark-resight population estimates of Australian fur seals,,,,,,,,ECOSPHERE,,,,10,8,,,,,e02812,,,10.1002/ecs2.2812,,,,,,,Article,AUG 2019,2019,,,,,,,,,,15,0,0,0,9,0,16,,,,,,WOS:000483832300025,
J,"Doran-Myers, D.; Kenney, A. J.; Krebs, C. J.; Lamb, C. T.; Menzies, A. K.; Murray, D.; Studd, E. K.; Whittington, J.; Boutin, S.",,,,,,,,Density estimates for Canada lynx vary among estimation methods,,,,,,,,ECOSPHERE,,,,12,10,,,,,e03774,,,10.1002/ecs2.3774,,,,,,,Article,OCT 2021,2021,,,,,,,,,,6,0,0,0,4,0,6,,,,,,WOS:000711630100024,
J,"Halloran, Kelly M.; Guzy, Jacquelyn C.; Homyack, Jessica A.; Willson, John D.",,,,,,,,Effects of timber harvest on survival and movement of stream salamanders in a managed forest landscape,,,,,,,,ECOSPHERE,,,,12,4,,,,,e03489,,,10.1002/ecs2.3489,,,,,,,Article,APR 2021,2021,,,,,,,,,,3,0,0,0,1,0,3,,,,,,WOS:000645597500019,
J,"Middleton, Elizabeth L.; Vining, Ivan",,,,,,,,Trade-offs associated with occupancy models in a multispecies grassland plant population study,,,,,,,,ECOSPHERE,,,,13,5,,,,,e4082,,,10.1002/ecs2.4082,,,,,,,Article,MAY 2022,2022,,,,,,,,,,0,0,0,0,0,0,0,,,,,,WOS:000797602200001,
J,"Neilson, Eric W.; Avgar, Tal; Burton, A. Cole; Broadley, Kate; Boutin, Stan",,,,,,,,Animal movement affects interpretation of occupancy models from camera-trap surveys of unmarked animals,,,,,,,,ECOSPHERE,,,,9,1,,,,,e02092,,,10.1002/ecs2.2092,,,,,,,Article,JAN 2018,2018,,,,,,,,,,60,0,0,0,59,0,60,,,,,,WOS:000425731000037,
J,"Steenweg, Robin; Hebblewhite, Mark; Whittington, Jesse; McKelvey, Kevin",,,,,,,,Species-specific differences in detection and occupancy probabilities help drive ability to detect trends in occupancy,,,,,,,,ECOSPHERE,,,,10,4,,,,,e02639,,,10.1002/ecs2.2639,,,,,,,Article,APR 2019,2019,,,,,,,,,,12,0,0,0,11,0,12,,,,,,WOS:000472716600004,
J,"Phumanee, Worrapan; Steinmetz, Robert; Phoonjampa, Rungnapa; Bejraburnin, Thawatchai; Grainger, Matthew; Savini, Tommaso",,,,,,,,"Occupancy-based monitoring of ungulate prey species in Thailand indicates population stability, but limited recovery",,,,,,,,ECOSPHERE,,,,11,9,,,,,e03208,,,10.1002/ecs2.3208,,,,,,,Article,SEP 2020,2020,,,,,,,,,,9,0,0,0,8,0,9,,,,,,WOS:000576968700008,
J,"Tucker, Jody M.; Moriarty, Katie M.; Ellis, Martha M.; Golding, Jessie D.",,,,,,,,Effective sampling area is a major driver of power to detect long-term trends in multispecies occupancy monitoring,,,,,,,,ECOSPHERE,,,,12,5,,,,,e03519,,,10.1002/ecs2.3519,,,,,,,Article,MAY 2021,2021,,,,,,,,,,4,0,0,0,3,0,4,,,,,,WOS:000655473800015,
J,"Chatterjee, Nilanjan; Schuttler, Stephanie G.; Nigam, Parag; Habib, Bilal",,,,,,,,Deciphering the rarity-detectability continuum: optimizing survey design for terrestrial mammalian community,,,,,,,,ECOSPHERE,,,,12,9,,,,,e03748,,,10.1002/ecs2.3748,,,,,,,Article,SEP 2021,2021,,,,,,,,,,1,0,0,0,1,0,1,,,,,,WOS:000701322700026,
J,"Mosher, Brittany A.; Saab, Victoria A.; Lerch, Michael D.; Ellis, Martha M.; Rotella, Jay J.",,,,,,,,Forest birds exhibit variable changes in occurrence during a mountain pine beetle epidemic,,,,,,,,ECOSPHERE,,,,10,12,,,,,e02935,,,10.1002/ecs2.2935,,,,,,,Article,DEC 2019,2019,,,,,,,,,,5,0,0,0,3,0,5,,,,,,WOS:000510015700002,
J,"Fandos, Guillermo; Kery, Marc; Cano-Alonso, Luis Santiago; Carbonell, Isidoro; Telleria, Jose Luis",,,,,,,,Dynamic multistate occupancy modeling to evaluate population dynamics under a scenario of preferential sampling,,,,,,,,ECOSPHERE,,,,12,4,,,,,e03469,,,10.1002/ecs2.3469,,,,,,,Article,APR 2021,2021,,,,,,,,,,3,0,0,0,3,0,3,,,,,,WOS:000645597500016,
J,"Rahlin, Anastasia A.; Saunders, Sarah P.; Beilke, Stephanie",,,,,,,,Spatial drivers of wetland bird occupancy within an urbanized matrix in the Upper Midwestern United States,,,,,,,,ECOSPHERE,,,,13,9,,,,,e4232,,,10.1002/ecs2.4232,,,,,,,Article,SEP 2022,2022,,,,,,,,,,0,0,0,0,0,0,0,,,,,,WOS:000850469600001,
J,"Stolen, Eric D.; Oddy, Donna M.; Gann, Shanon L.; Holloway-Adkins, Karen G.; Legare, Stephanie A.; Weiss, Stephanie K.; Breininger, David R.",,,,,,,,Accounting for heterogeneity in false-positive detection rate in southeastern beach mouse habitat occupancy models,,,,,,,,ECOSPHERE,,,,10,10,,,,,e02893,,,10.1002/ecs2.2893,,,,,,,Article,OCT 2019,2019,,,,,,,,,,5,0,0,0,5,0,5,,,,,,WOS:000493528200001,
J,"Baylis, Shane M.; Sunnucks, Paul; Clarke, Rohan",,,,,,,,"A model for first-estimates of species-specific, age-specific mortality from centralized band-recovery databases",,,,,,,,ECOSPHERE,,,,9,4,,,,,e02136,,,10.1002/ecs2.2136,,,,,,,Article,APR 2018,2018,,,,,,,,,,3,0,0,0,3,0,3,,,,,,WOS:000435729400001,
J,"Holland, Angela M.; Schauber, Eric M.; Nielsen, Clayton K.; Hellgren, Eric C.",,,,,,,,"Occupancy dynamics of semi-aquatic herbivores in riparian systems in Illinois, USA",,,,,,,,ECOSPHERE,,,,10,3,,,,,e02614,,,10.1002/ecs2.2614,,,,,,,Article,MAR 2019,2019,,,,,,,,,,5,0,0,0,5,0,5,,,,,,WOS:000463977000008,
J,"Vitet, Camille; Duncan, Patrick; Gimenez, Olivier; Mabika, Cheryl; Chamaille-Jammes, Simon",,,,,,,,Plains zebras bring evidence that dilution and detection effects may not always matter behaviorally and demographically,,,,,,,,ECOSPHERE,,,,11,11,,,,,e03288,,,10.1002/ecs2.3288,,,,,,,Article,NOV 2020,2020,,,,,,,,,,0,0,0,0,0,0,0,,,,,,WOS:000598784300003,
J,"Ceradini, Joseph; Keinath, Douglas; Abernethy, Ian; Andersen, Mark; Wallace, Zach",,,,,,,,Crossing boundaries in conservation: land ownership and habitat influence the occupancy of an at-risk small mammal,,,,,,,,ECOSPHERE,,,,12,1,,,,,e03324,,,10.1002/ecs2.3324,,,,,,,Article,JAN 2021,2021,,,,,,,,,,1,0,0,0,1,0,1,,,,,,WOS:000614109800036,
J,"Evans, Bryn E.; Mortelliti, Alessio",,,,,,,,"Effects of forest disturbance, snow depth, and intraguild dynamics on American marten and fisher occupancy in Maine, USA",,,,,,,,ECOSPHERE,,,,13,4,,,,,e4027,,,10.1002/ecs2.4027,,,,,,,Article,APR 2022,2022,,,,,,,,,,3,0,0,0,1,0,3,,,,,,WOS:000781012400001,
J,"Rose, Jonathan P.; Kupferberg, Sarah J.; Wheeler, Clara A.; Kleeman, Patrick M.; Halstead, Brian J.",,,,,,,,Estimating the survival of unobservable life stages for a declining frog with a complex life history,,,,,,,,ECOSPHERE,,,,12,2,,,,,e03381,,,10.1002/ecs2.3381,,,,,,,Article,FEB 2021,2021,,,,,,,,,,6,0,0,0,6,0,6,,,,,,WOS:000623677800016,
J,"Chevalier, Mathieu; Comte, Lise; Laffaille, Pascal; Grenouillet, Gael",,,,,,,,Interactions between species attributes explain population dynamics in stream fishes under changing climate,,,,,,,,ECOSPHERE,,,,9,1,,,,,e02061,,,10.1002/ecs2.2061,,,,,,,Article,JAN 2018,2018,,,,,,,,,,11,0,0,0,9,0,11,,,,,,WOS:000425731000012,
J,"Kupferman, Caitlin A.; Crupi, Anthony P.; Waits, Lisette P.; Gilbert, Sophie L.",,,,,,,,Spatial and temporal partitioning of mustelids in Southeast Alaska,,,,,,,,ECOSPHERE,,,,12,11,,,,,e03827,,,10.1002/ecs2.3827,,,,,,,Article,NOV 2021,2021,,,,,,,,,,0,0,0,0,0,0,0,,,,,,WOS:000723142700030,
J,"Cole, Jerry S.; Siegel, Rodney B.; Loffland, Helen L.; Tingley, Morgan W.; Elsey, Erin A.; Johnson, Matthew",,,,,,,,Explaining the birds and the bees: deriving habitat restoration targets from multi-species occupancy models,,,,,,,,ECOSPHERE,,,,10,4,,,,,e02718,,,10.1002/ecs2.2718,,,,,,,Article,APR 2019,2019,,,,,,,,,,7,0,0,0,5,0,7,,,,,,WOS:000472716600052,
J,"Wilson, Ryan R.; St Martin, Michelle; Beatty, William S.",,,,,,,,A hierarchical distance sampling model to estimate spatially explicit sea otter density,,,,,,,,ECOSPHERE,,,,12,9,,,,,e03666,,,10.1002/ecs2.3666,,,,,,,Article,SEP 2021,2021,,,,,,,,,,0,0,0,0,0,0,0,,,,,,WOS:000701322700031,
J,"Horn, Robert B.; Gervais, Jennifer A.",,,,,,,,Landscape influence on the local distribution of western pond turtles,,,,,,,,ECOSPHERE,,,,9,7,,,,,e02346,,,10.1002/ecs2.2346,,,,,,,Article,JUL 2018,2018,,,,,,,,,,2,0,0,0,2,0,2,,,,,,WOS:000441526900016,
J,"Arkle, Robert S.; Pilliod, David S.; Germino, Matthew J.; Jeffries, Michelle, I; Welty, Justin L.",,,,,,,,Reestablishing a foundational species: Limitations on post-wildfire sagebrush seedling establishment,,,,,,,,ECOSPHERE,,,,13,8,,,,,e4195,,,10.1002/ecs2.4195,,,,,,,Article,AUG 2022,2022,,,,,,,,,,0,0,0,0,0,0,0,,,,,,WOS:000835282100001,
J,"Hinton, Joseph W.; Chamberlain, Michael J.",,,,,,,,"Evidence of reduced abundance, density, and survival of coyotes under federal management for red wolf recovery",,,,,,,,ECOSPHERE,,,,13,8,,,,,e4216,,,10.1002/ecs2.4216,,,,,,,Article,AUG 2022,2022,,,,,,,,,,0,0,0,0,0,0,0,,,,,,WOS:000845080300001,
J,"Holgerson, Meredith A.; Duarte, Adam; Hayes, Marc P.; Adams, Michael J.; Tyson, Julie A.; Douville, Keith A.; Strecker, Angela L.",,,,,,,,Floodplains provide important amphibian habitat despite multiple ecological threats,,,,,,,,ECOSPHERE,,,,10,9,,,,,e02853,,,10.1002/ecs2.2853,,,,,,,Article,SEP 2019,2019,,,,,,,,,,8,0,0,0,8,0,8,,,,,,WOS:000490766500004,
J,"Huysman, Allison E.; Johnson, Matthew D.",,,,,,,,Multi-year nest box occupancy and short-term resilience to wildfire disturbance by barn owls in a vineyard agroecosystem,,,,,,,,ECOSPHERE,,,,12,3,,,,,e03438,,,10.1002/ecs2.3438,,,,,,,Article,MAR 2021,2021,,,,,,,,,,3,0,0,0,2,0,3,,,,,,WOS:000636318200023,
J,"Huberman, David B.; Reich, Brian J.; Pacifici, Krishna; Collazo, Jaime A.",,,,,,,,Estimating the drivers of species distributions with opportunistic data using mediation analysis,,,,,,,,ECOSPHERE,,,,11,6,,,,,e03165,,,10.1002/ecs2.3165,,,,,,,Article,JUN 2020,2020,,,,,,,,,,0,0,0,0,0,0,0,,,,,,WOS:000550684500017,
J,"Graves, Tabitha A.; Janousek, William M.; Gaulke, Sarah M.; Nicholas, Amy C.; Keinath, Douglas A.; Bell, Christine M.; Cannings, Syd; Hatfield, Richard G.; Heron, Jennifer M.; Koch, Jonathan B.; Loffland, Helen L.; Richardson, Leif L.; Rohde, Ashley T.; Rykken, Jessica; Strange, James P.; Tronstad, Lusha M.; Sheffield, Cory S.",,,,,,,,Western bumble bee: declines in the continental United States and range-wide information gaps,,,,,,,,ECOSPHERE,,,,11,6,,,,,e03141,,,10.1002/ecs2.3141,,,,,,,Article,JUN 2020,2020,,,,,,,,,,18,0,0,0,12,0,18,,,,,,WOS:000550684500015,
J,"Parkos, Joseph J., III; Kline, Jeffrey L.; Trexler, Joel C.",,,,,,,,Signal from the noise: model-based interpretation of variable correspondence between active and passive samplers,,,,,,,,ECOSPHERE,,,,10,9,,,,,e02858,,,10.1002/ecs2.2858,,,,,,,Article,SEP 2019,2019,,,,,,,,,,2,0,0,0,2,0,2,,,,,,WOS:000490766500006,
J,"Kneitel, Jamie M.",,,,,,,,Occupancy and environmental responses of habitat specialists and generalists depend on dispersal traits,,,,,,,,ECOSPHERE,,,,9,3,,,,,e02143,,,10.1002/ecs2.2143,,,,,,,Article,MAR 2018,2018,,,,,,,,,,16,0,0,0,14,0,16,,,,,,WOS:000428071900018,
J,"Korkeamaki, Esa; Elo, Merja; Sahlen, Goran; Salmela, Jukka; Suhonen, Jukka",,,,,,,,Regional variations in occupancy frequency distribution patterns between odonate assemblages in Fennoscandia,,,,,,,,ECOSPHERE,,,,9,4,,,,,e02192,,,10.1002/ecs2.2192,,,,,,,Article,APR 2018,2018,,,,,,,,,,8,0,0,0,7,0,8,,,,,,WOS:000435729400020,
J,"Barry, Brent R.; Moriarty, Katie; Green, David; Hutchinson, Rebecca A.; Levi, Taal",,,,,,,,Integrating multi-method surveys and recovery trajectories into occupancy models,,,,,,,,ECOSPHERE,,,,12,12,,,,,e03886,,,10.1002/ecs2.3886,,,,,,,Article,DEC 2021,2021,,,,,,,,,,2,0,0,0,0,0,2,,,,,,WOS:000735437600017,
J,"Vinks, Milan A.; Creel, Scott; Schuette, Paul; Rosenblatt, Elias; Matandiko, Wigganson; Sanguinetti, Carolyn; Banda, Kambwiri; Goodheart, Ben; Becker, Matthew; Chifunte, Clive; Simukonda, Chuma",,,,,,,,Testing the effects of anthropogenic pressures on a diverse African herbivore community,,,,,,,,ECOSPHERE,,,,11,3,,,,,e03067,,,10.1002/ecs2.3067,,,,,,,Article,MAR 2020,2020,,,,,,,,,,7,0,0,0,7,0,7,,,,,,WOS:000530422900016,
J,"Sepulveda, Adam J.; Schmidt, Christian; Amberg, Jon; Hutchins, Patrick; Stratton, Christian; Mebane, Chris; Laramie, Matthew B.; Pilliod, David S.",,,,,,,,Adding invasive species biosurveillance to the US Geological Survey streamgage network,,,,,,,,ECOSPHERE,,,,10,8,,,,,e02843,,,10.1002/ecs2.2843,,,,,,,Article,AUG 2019,2019,,,,,,,,,,12,0,0,0,13,0,13,,,,,,WOS:000483832300004,
J,"Baxter, Peter W. J.; Hamilton, Grant",,,,,,,,Learning to fly: integrating spatial ecology with unmanned aerial vehicle surveys,,,,,,,,ECOSPHERE,,,,9,4,,,,,e02194,,,10.1002/ecs2.2194,,,,,,,Article,APR 2018,2018,,,,,,,,,,22,0,0,0,17,0,22,,,,,,WOS:000435729400022,
J,"Taillie, Paul J.; Moorman, Christopher E.",,,,,,,,Marsh bird occupancy along the shoreline-to-forest gradient as marshes migrate from rising sea level,,,,,,,,ECOSPHERE,,,,10,1,,,,,e02555,,,10.1002/ecs2.2555,,,,,,,Article,JAN 2019,2019,,,,,,,,,,4,0,0,0,4,0,4,,,,,,WOS:000456857400019,
J,"Kahn, J. E.; Watterson, J. C.; Hager, C. H.; Mathies, N.; Hartman, K. J.",,,,,,,,"Calculating adult sex ratios from observed breeding sex ratios for wide-ranging, intermittently breeding species",,,,,,,,ECOSPHERE,,,,12,5,,,,,e03504,,,10.1002/ecs2.3504,,,,,,,Article,MAY 2021,2021,,,,,,,,,,1,0,0,0,0,0,1,,,,,,WOS:000655473800034,
J,"Stewart, Frances E. C.; Fisher, Jason T.; Burton, A. Cole; Volpe, John P.",,,,,,,,Species occurrence data reflect the magnitude of animal movements better than the proximity of animal space use,,,,,,,,ECOSPHERE,,,,9,2,,,,,e02112,,,10.1002/ecs2.2112,,,,,,,Article,FEB 2018,2018,,,,,,,,,,30,0,0,0,29,0,30,,,,,,WOS:000427091200030,
J,"Staudenmaier, Anna R.; Shipley, Lisa A.; Bibelnieks, Andris J.; Camp, Meghan J.; Thornton, Daniel H.",,,,,,,,Habitat use and spatio-temporal interactions of mule and white-tailed deer in an area of sympatry in NE Washington,,,,,,,,ECOSPHERE,,,,12,11,,,,,e03813,,,10.1002/ecs2.3813,,,,,,,Article,NOV 2021,2021,,,,,,,,,,3,0,0,0,3,0,3,,,,,,WOS:000723142700002,
J,"Wilkins, Laetitia G. E.; Matthews, Kathleen R.; Steel, Zachary L.; Nussle, Sebastien C.; Carlson, Stephanie M.",,,,,,,,"Population dynamics of Rana sierrae at Dusy Basin: influence of non-native predators, drought, and restoration potential",,,,,,,,ECOSPHERE,,,,10,11,,,,,e02951,,,10.1002/ecs2.2951,,,,,,,Article,NOV 2019,2019,,,,,,,,,,0,0,0,0,0,0,0,,,,,,WOS:000512727700042,
J,"Parsons, Arielle W.; Kellner, Kenneth F.; Rota, Christopher T.; Schuttler, Stephanie G.; Millspaugh, Joshua J.; Kays, Roland W.",,,,,,,,The effect of urbanization on spatiotemporal interactions between gray foxes and coyotes,,,,,,,,ECOSPHERE,,,,13,3,,,,,e3993,,,10.1002/ecs2.3993,,,,,,,Article,MAR 2022,2022,,,,,,,,,,1,0,0,0,0,0,1,,,,,,WOS:000776290300042,
J,"Masseloux, Juliana; Le, Quy Tan; Burr, Jessica; Gerber, Brian D.",,,,,,,,Forest structure and seasonally inundated grassland shape tropical mammal communities under moderate disturbance,,,,,,,,ECOSPHERE,,,,13,3,,,,,e3999,,,10.1002/ecs2.3999,,,,,,,Article,MAR 2022,2022,,,,,,,,,,1,0,0,0,0,0,1,,,,,,WOS:000776290300028,
J,"Gibson, Daniel; Riecke, Thomas, V; Keyes, Tim; Depkin, Chris; Fraser, James; Catlin, Daniel H.",,,,,,,,Application of Bayesian robust design model to assess the impacts of a hurricane on shorebird demography,,,,,,,,ECOSPHERE,,,,9,8,,,,,e02334,,,10.1002/ecs2.2334,,,,,,,Article,AUG 2018,2018,,,,,,,,,,9,0,0,0,8,0,9,,,,,,WOS:000448271400005,
J,"Cogbill, Charles V.; Thurman, Andrew L.; Williams, John W.; Zhu, Jun; Mladenoff, David J.; Goring, Simon J.",,,,,,,,A retrospective on the accuracy and precision of plotless forest density estimators in ecological studies,,,,,,,,ECOSPHERE,,,,9,4,,,,,e02187,,,10.1002/ecs2.2187,,,,,,,Article,APR 2018,2018,,,,,,,,,,16,1,0,0,14,0,16,,,,,,WOS:000435729400016,
J,"Lee, Derek E.",,,,,,,,Spotted Owls and forest fire: a systematic review and meta-analysis of the evidence,,,,,,,,ECOSPHERE,,,,9,7,,,,,e02334,,,10.1002/ecs2.2354,,,,,,,Review,JUL 2018,2018,,,,,,,,,,23,0,0,0,19,0,24,,,,,,WOS:000441526900020,
J,"Fagre, Danielle A. A.; Janousek, William M. M.; Dreitz, Victoria J. J.",,,,,,,,Avian species richness and abundance show stronger responses to bison grazing intensity than to ecosystem productivity,,,,,,,,ECOSPHERE,,,,13,12,,,,,e4299,,,10.1002/ecs2.4299,,,,,,,Article,DEC 2022,2022,,,,,,,,,,0,0,0,0,0,0,0,,,,,,WOS:000898166700001,
J,"Campos-Cerqueira, Marconi; Aide, T. Mitchell",,,,,,,,Impacts of a drought and hurricane on tropical bird and frog distributions,,,,,,,,ECOSPHERE,,,,12,1,,,,,e03352,,,10.1002/ecs2.3352,,,,,,,Article,JAN 2021,2021,,,,,,,,,,6,0,0,0,5,0,6,,,,,,WOS:000614109800007,
J,"Stevens, Bryan S.; Conway, Courtney J.",,,,,,,,Predicting species distributions: unifying model selection and scale optimization for multi-scale occupancy models,,,,,,,,ECOSPHERE,,,,10,5,,,,,e02748,,,10.1002/ecs2.2748,,,,,,,Article,MAY 2019,2019,,,,,,,,,,16,0,0,0,12,0,16,,,,,,WOS:000474063600035,
J,"Cecala, Kristen K.; Maerz, John C.; Halstead, Brian J.; Frisch, John R.; Gragson, Ted L.; Hepinstall-Cymerman, Jeffrey; Leigh, David S.; Jackson, C. Rhett; Peterson, James T.; Pringle, Catherine M.",,,,,,,,"Multiple drivers, scales, and interactions influence southern Appalachian stream salamander occupancy",,,,,,,,ECOSPHERE,,,,9,3,,,,,e02150,,,10.1002/ecs2.2150,,,,,,,Article,MAR 2018,2018,,,,,,,,,,15,0,0,0,15,0,15,,,,,,WOS:000428071900022,
J,"Solbreck, Christer; Widenfalk, Olof",,,,,,,,"Time-traveling larvae ensure survival in small, synchronously fluctuating populations",,,,,,,,ECOSPHERE,,,,11,3,,,,,e03086,,,10.1002/ecs2.3086,,,,,,,Article,MAR 2020,2020,,,,,,,,,,0,0,0,0,0,0,0,,,,,,WOS:000530422900008,
J,"Eaton, Mitchell J.; Breininger, David R.; Nichols, James D.; Fackler, Paul L.; McGee, Samantha; Smurl, Michelle; DeMeyer, David; Baker, Jonny; Zondervan, Maria B.",,,,,,,,Integrated hierarchical models to inform management of transitional habitat and the recovery of a habitat specialist,,,,,,,,ECOSPHERE,,,,12,1,,,,,e03306,,,10.1002/ecs2.3306,,,,,,,Article,JAN 2021,2021,,,,,,,,,,4,0,0,0,4,0,4,,,,,,WOS:000614109800020,
J,"Cappele, Noemie; Howe, Eric J.; Boesch, Christophe; Kuehl, Hjalmar S.",,,,,,,,Estimating animal abundance and effort-precision relationship with camera trap distance sampling,,,,,,,,ECOSPHERE,,,,12,1,,,,,e03299,,,10.1002/ecs2.3299,,,,,,,Article,JAN 2021,2021,,,,,,,,,,11,1,0,0,10,0,13,,,,,,WOS:000614109800003,
J,"Amburgey, S. M.; Miller, D. A. W.; Brand, A.; Dietrich, A.; Grant, E. H. Campbell",,,,,,,,Knowing your limits: estimating range boundaries and co-occurrence zones for two competing plethodontid salamanders,,,,,,,,ECOSPHERE,,,,10,5,,,,,e02727,,,10.1002/ecs2.2727,,,,,,,Article,MAY 2019,2019,,,,,,,,,,5,0,0,0,5,0,5,,,,,,WOS:000474063600037,
J,"Warren, Paige S.; Lerman, Susannah B.; Andrade, Riley; Larson, Kelli L.; Bateman, Heather L.",,,,,,,,The more things change: species losses detected in Phoenix despite stability in bird-socioeconomic relationships,,,,,,,,ECOSPHERE,,,,10,3,,,,,e02624,,,10.1002/ecs2.2624,,,,,,,Article,MAR 2019,2019,,,,,,,,,,17,0,0,0,11,0,17,,,,,,WOS:000463977000013,
J,"Hackworth, Zachary J.; Felch, Joshua M.; Murphy, Sean M.; Cox, John J.",,,,,,,,Detectability of common ravens (Corvus corax) in the eastern USA: Rapid assessment of a recolonizing species,,,,,,,,ECOSPHERE,,,,13,6,,,,,e4148,,,10.1002/ecs2.4148,,,,,,,Article,JUN 2022,2022,,,,,,,,,,0,0,0,0,0,0,0,,,,,,WOS:000811441200001,
J,"Jo, Toshiaki; Ikeda, Saki; Fukuoka, Arisa; Inagawa, Takashi; Okitsu, Jiro; Katano, Izumi; Doi, Hideyuki; Nakai, Katsuki; Ichiyanagi, Hidetaka; Minamoto, Toshifumi",,,,,,,,Utility of environmental DNA analysis for effective monitoring of invasive fish species in reservoirs,,,,,,,,ECOSPHERE,,,,12,6,,,,,e03643,,,10.1002/ecs2.3643,,,,,,,Article,JUN 2021,2021,,,,,,,,,,4,0,0,0,1,0,4,,,,,,WOS:000667707100036,
J,"Avrin, Alexandra C.; Pekins, Charles E.; Sperry, Jinelle H.; Allen, Maximilian L.",,,,,,,,Evaluating the efficacy and decay of lures for improving carnivore detections with camera traps,,,,,,,,ECOSPHERE,,,,12,8,,,,,e03710,,,10.1002/ecs2.3710,,,,,,,Article,AUG 2021,2021,,,,,,,,,,3,0,0,0,2,0,3,,,,,,WOS:000689453800017,
J,"Toniolo, Chiara; Di Sotto, Antonella; Di Giacomo, Silvia; Ventura, Daniele; Casoli, Edoardo; Belluscio, Andrea; Nicoletti, Marcello; Ardizzone, Giandomenico",,,,,,,,Seagrass Posidonia oceanica (L.) Delile as a marine biomarker: a metabolomic and toxicological analysis,,,,,,,,ECOSPHERE,,,,9,3,,,,,e02054,,,10.1002/ecs2.2054,,,,,,,Article,MAR 2018,2018,,,,,,,,,,9,1,0,0,7,0,9,,,,,,WOS:000428071900001,
J,"Valente, Jonathon J.; McCune, Kelsey B.; Tamulonis, Rachel A.; Neipert, Elizabeth S.; Fischer, Richard A.",,,,,,,,"Removal pattern mitigates negative, short-term effects of stepwise Russian olive eradication on breeding birds",,,,,,,,ECOSPHERE,,,,10,5,,,,,e02756,,,10.1002/ecs2.2756,,,,,,,Article,MAY 2019,2019,,,,,,,,,,1,0,0,0,0,0,1,,,,,,WOS:000474063600022,
J,"Irvine, Kathryn M.; Banner, Katharine M.; Stratton, Christian; Ford, William M.; Reichert, Brian E.",,,,,,,,Statistical assessment on determining local presence of rare bat species,,,,,,,,ECOSPHERE,,,,13,6,,,,,e4142,,,10.1002/ecs2.4142,,,,,,,Article,JUN 2022,2022,,,,,,,,,,0,0,0,0,0,0,0,,,,,,WOS:000811509400001,
J,"Howell, Paige E.; Terhune, Theron M.; Martin, James A.",,,,,,,,Edge density affects demography of an exploited grassland bird,,,,,,,,ECOSPHERE,,,,12,5,,,,,e03499,,,10.1002/ecs2.3499,,,,,,,Article,MAY 2021,2021,,,,,,,,,,3,0,0,0,1,0,3,,,,,,WOS:000655473800016,
J,"Rowe, Jennifer C.; Duarte, Adam; Pearl, Christopher A.; McCreary, Brome; Galvan, Stephanie K.; Peterson, James T.; Adams, Michael J.",,,,,,,,Disentangling effects of invasive species and habitat while accounting for observer error in a long-term amphibian study,,,,,,,,ECOSPHERE,,,,10,4,,,,,e02674,,,10.1002/ecs2.2674,,,,,,,Article,APR 2019,2019,,,,,,,,,,12,0,0,0,12,0,12,,,,,,WOS:000472716600019,
J,"Bauer, Melissa L.; O'Brien, Kathleen M.; Kovach, Adrienne, I",,,,,,,,Can at-risk species serve as effective conservation surrogates? Case study in northeastern US shrublands,,,,,,,,ECOSPHERE,,,,13,5,,,,,e4081,,,10.1002/ecs2.4081,,,,,,,Article,MAY 2022,2022,,,,,,,,,,0,0,0,0,0,0,0,,,,,,WOS:000797719600001,
J,"Chevalier, Mathieu; Mod, Heidi; Broennimann, Olivier; Di Cola, Valeria; Schmid, Sarah; Niculita-Hirzel, Helene; Pradervand, Jean-Nicolas; Schmidt, Benedikt R.; Ursenbacher, Sylvain; Pellissier, Loic; Guisan, Antoine",,,,,,,,Low spatial autocorrelation in mountain biodiversity data and model residuals,,,,,,,,ECOSPHERE,,,,12,3,,,,,e03403,,,10.1002/ecs2.3403,,,,,,,Article,MAR 2021,2021,,,,,,,,,,3,0,0,0,3,0,3,,,,,,WOS:000636318200031,
J,"Moeller, Anna K.; Lukacs, Paul M.; Horne, Jon S.",,,,,,,,Three novel methods to estimate abundance of unmarked animals using remote cameras,,,,,,,,ECOSPHERE,,,,9,8,,,,,e02331,,,10.1002/ecs2.2331,,,,,,,Article,AUG 2018,2018,,,,,,,,,,66,2,1,0,54,0,71,,,,,,WOS:000448271400004,
J,"Palmeirim, Ana Filipa; Benchimol, Maira; Leal, Inara R.; Peres, Carlos A.",,,,,,,,Drivers of leafcutter ant populations and their inter-trophic relationships in Amazonian forest islands,,,,,,,,ECOSPHERE,,,,12,5,,,,,e03518,,,10.1002/ecs2.3518,,,,,,,Article,MAY 2021,2021,,,,,,,,,,0,0,0,0,0,0,0,,,,,,WOS:000655473800014,
J,"Robinson, O. J.; Ruiz-Gutierrez, V.; Meese, R. J.; Graves, E. E.; Holyoak, M.; Wilson, C. R.; Wyckoff, A. C.; Merriell, B. D.; Snyder, C.; Cooch, E. G.",,,,,,,,Multi-scale demographic analysis reveals range contraction via pseudo-source and sink population structure,,,,,,,,ECOSPHERE,,,,12,5,,,,,e03521,,,10.1002/ecs2.3521,,,,,,,Article,MAY 2021,2021,,,,,,,,,,1,0,0,0,2,0,3,,,,,,WOS:000655473800002,
J,"Swift, Rose J.; Anteau, Michael J.; Ellis, Kristen S.; Ring, Megan M.; Sherfy, Mark H.; Toy, Dustin L.; Koons, David N.",,,,,,,,Implications of habitat-driven survival and dispersal on recruitment in a spatially structured piping plover population,,,,,,,,ECOSPHERE,,,,13,7,,,,,e4190,,,10.1002/ecs2.4190,,,,,,,Article,JUL 2022,2022,,,,,,,,,,0,0,0,0,0,0,0,,,,,,WOS:000830484400001,
J,"Cooper, W. Justin; McShea, William J.; Forrester, Tavis; Luther, David A.",,,,,,,,The value of local habitat heterogeneity and productivity when estimating avian species richness and species of concern,,,,,,,,ECOSPHERE,,,,11,5,,,,,e03107,,,10.1002/ecs2.3107,,,,,,,Article,MAY 2020,2020,,,,,,,,,,8,0,0,0,8,0,8,,,,,,WOS:000538094900012,
J,"Jones, Gavin M.; Gutierrez, R. J.; Block, William M.; Carlson, Peter C.; Comfort, Emily J.; Cushman, Samuel A.; Davis, Raymond J.; Eyes, Stephanie A.; Franklin, Alan B.; Ganey, Joseph L.; Hedwall, Shaula; Keane, John J.; Kelsey, Rodd; Lesmeister, Damon B.; North, Malcolm P.; Roberts, Susan L.; Rockweit, Jeremy T.; Sanderlin, Jamie S.; Sawyer, Sarah C.; Solvesky, Ben; Tempel, Douglas J.; Wan, Ho Yi; Westerling, A. LeRoy; White, Gary C.; Peery, M. Zachariah",,,,,,,,Spotted owls and forest fire: Comment,,,,,,,,ECOSPHERE,,,,11,12,,,,,e03312,,,10.1002/ecs2.3312,,,,,,,Editorial Material,DEC 2020,2020,,,,,,,,,,9,0,0,0,8,0,9,,,,,,WOS:000603657600005,
J,"Perez-Umphrey, Anna A.; Jonsson, Colleen B.; Bonisoli-Alquati, Andrea; Snider, Allison M.; Stouffer, Philip C.; Taylor, Sabrina S.",,,,,,,,Sex and habitat drive hantavirus prevalence in marsh rice rat populations impacted by the Deepwater Horizon oil spill,,,,,,,,ECOSPHERE,,,,13,2,,,,,e3929,,,10.1002/ecs2.3929,,,,,,,Article,FEB 2022,2022,,,,,,,,,,0,0,0,0,0,0,0,,,,,,WOS:000760264100004,
J,"Dunn, Corey G.; Paukert, Craig P.",,,,,,,,Accounting for dispersal and local habitat when evaluating tributary use by riverine fishes,,,,,,,,ECOSPHERE,,,,12,8,,,,,e03711,,,10.1002/ecs2.3711,,,,,,,Article,AUG 2021,2021,,,,,,,,,,2,0,0,0,2,0,2,,,,,,WOS:000689453800025,
J,"Lee, Derek E.",,,,,,,,Spotted owls and forest fire: Reply,,,,,,,,ECOSPHERE,,,,11,12,,,,,e03310,,,10.1002/ecs2.3310,,,,,,,Editorial Material,DEC 2020,2020,,,,,,,,,,2,0,0,0,1,0,2,,,,,,WOS:000603657600003,
J,"Breininger, David R.; Carter, Geoffrey M.; Legare, Stephanie A.; Payne, William, V; Stolen, Eric D.; Breininger, Daniel J.; Lyon, James E.",,,,,,,,Multistate modeling of Florida scrub-jay adult survival and breeding transitions,,,,,,,,ECOSPHERE,,,,13,5,,,,,e3991,,,10.1002/ecs2.3991,,,,,,,Article,MAY 2022,2022,,,,,,,,,,0,0,0,0,0,0,0,,,,,,WOS:000791539800001,
J,"Mills, Peter B.; Hossie, Thomas J.; Murray, Dennis L.",,,,,,,,Niche determinants in a salamander complex: Does hybridism or reproductive parasitism explain patterns of distribution?,,,,,,,,ECOSPHERE,,,,11,10,,,,,e03265,,,10.1002/ecs2.3265,,,,,,,Article,OCT 2020,2020,,,,,,,,,,0,0,0,0,0,0,0,,,,,,WOS:000588068600007,
J,"Warrier, Rekha; Noon, Barry R.; Bailey, Larissa",,,,,,,,Agricultural lands offer seasonal habitats to tigers in a human-dominated and fragmented landscape in India,,,,,,,,ECOSPHERE,,,,11,7,,,,,e03080,,,10.1002/ecs2.3080,,,,,,,Article,JUL 2020,2020,,,,,,,,,,5,0,0,0,3,0,6,,,,,,WOS:000567408500009,
J,"Moeller, Anna K.; Nowak, J. Joshua; Neufeld, Lalenia; Bradley, Mark; Manseau, Micheline; Wilson, Paul; McFarlane, Samantha; Lukacs, Paul M.; Hebblewhite, Mark",,,,,,,,"Integrating counts, telemetry, and non-invasive DNA data to improve demographic monitoring of an endangered species",,,,,,,,ECOSPHERE,,,,12,5,,,,,e03443,,,10.1002/ecs2.3443,,,,,,,Article,MAY 2021,2021,,,,,,,,,,3,0,0,0,3,0,3,,,,,,WOS:000655473800013,
J,"Taillie, Paul J.; Burnet, Ryan D.; Roberts, Lance Jay; Campos, Brent R.; Peterson, M. Nils; Moorman, Christopher E.",,,,,,,,Interacting and non-linear avian responses to mixed-severity wildfire and time since fire,,,,,,,,ECOSPHERE,,,,9,6,,,,,e02291,,,10.1002/ecs2.2291,,,,,,,Article,JUN 2018,2018,,,,,,,,,,24,0,0,0,23,0,25,,,,,,WOS:000439997600014,
J,"Nafus, Melia G.; Adams, Amy A. Yackel; Klug, Page E.; Rodda, Gordon H.",,,,,,,,Habitat type and structure affect trap capture success of an invasive snake across variable densities,,,,,,,,ECOSPHERE,,,,9,8,,,,,e02339,,,10.1002/ecs2.2339,,,,,,,Article,AUG 2018,2018,,,,,,,,,,4,0,0,0,4,0,4,,,,,,WOS:000448271400006,
J,"Halstead, Brian J.; Rose, Jonathan P.; Clark, Denise; Kleeman, Patrick M.; Fisher, Robert N.",,,,,,,,Multi-scale patterns in the occurrence of an ephemeral pool-breeding amphibian,,,,,,,,ECOSPHERE,,,,13,3,,,,,e3960,,,10.1002/ecs2.3960,,,,,,,Article,MAR 2022,2022,,,,,,,,,,0,0,0,0,0,0,0,,,,,,WOS:000776290300013,
J,"Kral-O'Brien, Katherine C.; Karasch, Brooke M.; Hovick, Torre J.; Moranz, Raymond A.; Harmon, Jason P.",,,,,,,,Morphological traits determine detectability bias in North American grassland butterflies,,,,,,,,ECOSPHERE,,,,11,12,,,,,e03304,,,10.1002/ecs2.3304,,,,,,,Article,DEC 2020,2020,,,,,,,,,,3,0,0,0,3,0,3,,,,,,WOS:000603657600012,
J,"Oberprieler, Stefanie K.; Andersen, Alan N.; Gillespie, Graeme R.; Einoder, Luke D.",,,,,,,,Vertebrates are poor umbrellas for invertebrates: cross-taxon congruence in an Australian tropical savanna,,,,,,,,ECOSPHERE,,,,10,6,,,,,e02755,,,10.1002/ecs2.2755,,,,,,,Article,JUN 2019,2019,,,,,,,,,,11,0,0,0,9,0,11,,,,,,WOS:000483221900010,
J,"McLaren, Brian E.; MacNearney, Douglas; Siavichay, Carlos A.",,,,,,,,Livestock and the functional habitat of vicunas in Ecuador: a new puzzle,,,,,,,,ECOSPHERE,,,,9,1,,,,,e02066,,,10.1002/ecs2.2066,,,,,,,Article,JAN 2018,2018,,,,,,,,,,6,0,0,0,6,0,6,,,,,,WOS:000425731000015,
J,"Michel, Cyril J.; Henderson, Mark J.; Loomis, Christopher M.; Smith, Joseph M.; Demetras, Nicholas J.; Iglesias, Ilysa S.; Lehman, Brendan M.; Huff, David D.",,,,,,,,Fish predation on a landscape scale,,,,,,,,ECOSPHERE,,,,11,6,,,,,e03168,,,10.1002/ecs2.3168,,,,,,,Article,JUN 2020,2020,,,,,,,,,,12,0,0,0,12,0,13,,,,,,WOS:000550684500023,
J,"Obrist, Debora S.; Hanly, Patrick J.; Brown, Norah E. M.; Ernst, Christopher M.; Wickham, Sara B.; Fitzpatrick, Owen T.; Kennedy, Jeremiah C.; Nijland, Wiebe; Reshitnyk, Luba Y.; Darimont, Chris T.; Starzomski, Brian M.; Reynolds, John D.",,,,,,,,Biogeographic features mediate marine subsidies to island food webs,,,,,,,,ECOSPHERE,,,,13,7,,,,,e4171,,,10.1002/ecs2.4171,,,,,,,Article,JUL 2022,2022,,,,,,,,,,2,0,0,0,2,0,2,,,,,,WOS:000827238100001,
J,"Blum, Annalise G.; Kanno, Yoichiro; Letcher, Benjamin H.",,,,,,,,Seasonal streamflow extremes are key drivers of Brook Trout young-of-the-year abundance,,,,,,,,ECOSPHERE,,,,9,8,,,,,e02356,,,10.1002/ecs2.2356,,,,,,,Article,AUG 2018,2018,,,,,,,,,,17,0,0,0,15,0,17,,,,,,WOS:000448271400008,
J,"de Gabriel Hernando, Miguel; Roa, Isabel; Fernandez-Gil, Juan; Juan, Jara; Fuertes, Benito; Reguera, Barbara; Revilla, Eloy",,,,,,,,Trends in weather conditions favor generalist over specialist species in rear-edge alpine bird communities,,,,,,,,ECOSPHERE,,,,13,4,,,,,e3953,,,10.1002/ecs2.3953,,,,,,,Article,APR 2022,2022,,,,,,,,,,2,0,0,0,2,0,2,,,,,,WOS:000782195800001,
J,"Lewis, Jesse S.; Spaulding, Susan; Swanson, Heather; Keeley, William; Gramza, Ashley R.; VandeWoude, Sue; Crooks, Kevin R.",,,,,,,,Human activity influences wildlife populations and activity patterns: implications for spatial and temporal refuges,,,,,,,,ECOSPHERE,,,,12,5,,,,,e03487,,,10.1002/ecs2.3487,,,,,,,Article,MAY 2021,2021,,,,,,,,,,11,0,0,0,8,0,11,,,,,,WOS:000655473800012,
J,"Moss, Wynne E.; Harper, Lynsey R.; Davis, Mark A.; Goldberg, Caren S.; Smith, Matthew M.; Johnson, Pieter T. J.",,,,,,,,Navigating the trade-offs between environmental DNA and conventional field surveys for improved amphibian monitoring,,,,,,,,ECOSPHERE,,,,13,2,,,,,e3941,,,10.1002/ecs2.3941,,,,,,,Article,FEB 2022,2022,,,,,,,,,,2,0,0,0,2,0,2,,,,,,WOS:000760264100032,
J,"Warlick, Amanda J. J.; Johnson, Devin S. S.; Gelatt, Tom S. S.; Converse, Sarah J. J.",,,,,,,,Environmental drivers of demography and potential factors limiting the recovery of an endangered marine top predator,,,,,,,,ECOSPHERE,,,,13,12,,,,,e4325,,,10.1002/ecs2.4325,,,,,,,Article,DEC 2022,2022,,,,,,,,,,0,0,0,0,0,0,0,,,,,,WOS:000905377200001,
J,"Marcantonio, Matteo; Reyes, Trinidad; Barker, Christopher M.",,,,,,,,Quantifying Aedes aegypti dispersal in space and time: a modeling approach,,,,,,,,ECOSPHERE,,,,10,12,,,,,e02977,,,10.1002/ecs2.2977,,,,,,,Article,DEC 2019,2019,,,,,,,,,,12,0,0,0,11,0,12,,,,,,WOS:000510015700019,
J,"Gamelon, Marlene; Touzot, Laura; Baubet, Eric; Cachelou, Jessica; Focardi, Stefano; Franzetti, Barbara; Nivois, Eveline; Veylit, Lara; Saether, Bernt-Erik",,,,,,,,Effects of pulsed resources on the dynamics of seed consumer populations: a comparative demographic study in wild boar,,,,,,,,ECOSPHERE,,,,12,5,,,,,e03395,,,10.1002/ecs2.3395,,,,,,,Article,MAY 2021,2021,,,,,,,,,,4,0,0,0,3,0,4,,,,,,WOS:000655473800046,
J,"Parren, Molly K.; Furnas, Brett J.; Barton, Daniel C.; Nelson, Misty D.; Clucas, Barbara",,,,,,,,Drought and coyotes mediate mesopredator response to human disturbance,,,,,,,,ECOSPHERE,,,,13,10,,,,,e4258,,,10.1002/ecs2.4258,,,,,,,Article,OCT 2022,2022,,,,,,,,,,0,0,0,0,0,0,0,,,,,,WOS:000865862800001,
J,"Tielens, Elske K.; Neel, Maile N.; Leopold, Devin R.; Giardina, Christian P.; Gruner, Daniel S.",,,,,,,,Multiscale analysis of canopy arthropod diversity in a volcanically fragmented landscape,,,,,,,,ECOSPHERE,,,,10,4,,,,,e02653,,,10.1002/ecs2.2653,,,,,,,Article,APR 2019,2019,,,,,,,,,,2,0,0,0,1,0,2,,,,,,WOS:000472716600006,
J,"van Beeck Calkoen, Suzanne T.S.; Deis, Michele H.; Oeser, Julian; Kuijper, Dries P.J.; Heurich, Marco",,,,,,,,Humans rather than Eurasian lynx (Lynx lynx) shape ungulate browsing patterns in a temperate forest.,,,,,,,,ECOSPHERE,,,,13,2,,,e3931,e3931,,,,,,,,,,,Article,Feb 2022,2022,,,,,,,,,,0,0,0,0,0,0,0,,,,,,ZOOREC:ZOOR15805016549,
J,"Douglas, Caitlin M. S.; Cowlishaw, Guy; Harrison, Xavier A.; Henschel, Johr; Pettorelli, Nathalie; Mulligan, Mark",,,,,,,,Identifying the determinants of tree distributions along a large ephemeral river,,,,,,,,ECOSPHERE,,,,9,6,,,,,e02223,,,10.1002/ecs2.2223,,,,,,,Article,JUN 2018,2018,,,,,,,,,,3,0,0,0,1,0,3,,,,,,WOS:000439997600004,
J,"Matsuzaki, Shin-ichiro S.; Kohzu, Ayato; Kadoya, Taku; Watanabe, Mirai; Osawa, Takeshi; Fukaya, Keiichi; Komatsu, Kazuhiro; Kondo, Natsuko; Yamaguchi, Haruyo; Ando, Haruko; Shimotori, Koichi; Nakagawa, Megumi; Kizuka, Toshikazu; Yoshioka, Akira; Sasai, Takahiro; Saigusa, Nobuko; Matsushita, Bunkei; Takamura, Noriko",,,,,,,,Role of wetlands in mitigating the trade-off between crop production and water quality in agricultural landscapes,,,,,,,,ECOSPHERE,,,,10,11,,,,,e02918,,,10.1002/ecs2.2918,,,,,,,Article,NOV 2019,2019,,,,,,,,,,3,1,0,0,2,0,4,,,,,,WOS:000512727700002,
J,"Grider, John F.; Russell, Robin E.; Ballmann, Anne E.; Hefley, Trevor J.",,,,,,,,Long-term Pseudogymnoascus destructans surveillance data reveal factors contributing to pathogen presence,,,,,,,,ECOSPHERE,,,,12,11,,,,,e03808,,,10.1002/ecs2.3808,,,,,,,Article,NOV 2021,2021,,,,,,,,,,2,0,0,0,2,0,2,,,,,,WOS:000723142700039,
J,"Bombaci, Sara P.; Russell, Robin E.; St Germain, Michael J.; Dobony, Christopher A.; Ford, W. Mark; Loeb, Susan C.; Jachowski, David S.",,,,,,,,Context dependency of disease-mediated competitive release in bat assemblages following white-nose syndrome,,,,,,,,ECOSPHERE,,,,12,11,,,,,e03825,,,10.1002/ecs2.3825,,,,,,,Article,NOV 2021,2021,,,,,,,,,,1,0,0,0,1,0,1,,,,,,WOS:000723142700032,
J,"Poepperl, Franziska; Seidl, Rupert",,,,,,,,"Effects of stand edges on the structure, functioning, and diversity of a temperate mountain forest landscape",,,,,,,,ECOSPHERE,,,,12,8,,,,,e03692,,,10.1002/ecs2.3692,,,,,,,Article,AUG 2021,2021,,,,,,,,,,1,0,0,0,1,0,1,,,,,,WOS:000689453800046,
J,"Wilkening, Jennifer L.; Cole, Evan J.; Beever, Erik A.",,,,,,,,Evaluating mechanisms of plant-mediated effects on herbivore persistence and occupancy across an ecoregion,,,,,,,,ECOSPHERE,,,,10,6,,,,,e02764,,,10.1002/ecs2.2764,,,,,,,Article,JUN 2019,2019,,,,,,,,,,3,0,0,0,3,0,3,,,,,,WOS:000483221900017,
J,"Nur, Nadav; Bradley, Russell W.; Salas, Leo; Warzybok, Pete; Jahncke, Jaime",,,,,,,,Evaluating population impacts of predation by owls on storm petrels in relation to proposed island mouse eradication,,,,,,,,ECOSPHERE,,,,10,10,,,,,e02878,,,10.1002/ecs2.2878,,,,,,,Article,OCT 2019,2019,,,,,,,,,,6,0,0,0,6,0,6,,,,,,WOS:000493528200009,
J,"Duchac, Leila S.; Lesmeister, Damon B.; Dugger, Katie M.; Davis, Raymond J.",,,,,,,,Differential landscape use by forest owls two years after a mixed-severity wildfire,,,,,,,,ECOSPHERE,,,,12,10,,,,,e03770,,,10.1002/ecs2.3770,,,,,,,Article,OCT 2021,2021,,,,,,,,,,2,0,0,0,1,0,2,,,,,,WOS:000711630100019,
J,"Morin, Dana J.; Yackulic, Charles B.; Diffendorfer, Jay E.; Lesmeister, Damon B.; Nielsen, Clayton K.; Reid, Janice; Schauber, Eric M.",,,,,,,,Is your ad hoc model selection strategy affecting your multimodel inference?,,,,,,,,ECOSPHERE,,,,11,1,,,,,,,,10.1002/ecs2.2997,,,,,,,Article,JAN 2020,2020,,,,,,,,,,60,0,0,0,54,0,60,,,,,,WOS:000533913600009,
J,"Shryock, Daniel F.; DeFalco, Lesley A.; Esque, Todd C.",,,,,,,,Spatial decision-support tools to guide restoration and seed-sourcing in the Desert Southwest,,,,,,,,ECOSPHERE,,,,9,10,,,,,e02453,,,10.1002/ecs2.2453,,,,,,,Article,OCT 2018,2018,,,,,,,,,,11,0,0,0,10,0,11,,,,,,WOS:000449566200030,
J,"Apigo, Austen; Oono, Ryoko",,,,,,,,"Plant abundance, but not plant evolutionary history, shapes patterns of host specificity in foliar fungal endophytes",,,,,,,,ECOSPHERE,,,,13,1,,,,,e03879,,,10.1002/ecs2.3879,,,,,,,Article,JAN 2022,2022,,,,,,,,,,1,0,0,0,0,0,1,,,,,,WOS:000747491800004,
J,"Landsman, Andrew P.; Ladin, Zachary S.; Gardner, David; Bowman, Jacob L.; Shriver, Greg; D'Amico, Vince; Delaney, Deborah A.",,,,,,,,Local landscapes and microhabitat characteristics are important determinants of urban-suburban forest bee communities,,,,,,,,ECOSPHERE,,,,10,10,,,,,e02908,,,10.1002/ecs2.2908,,,,,,,Article,OCT 2019,2019,,,,,,,,,,7,0,0,0,5,0,7,,,,,,WOS:000493528200033,
J,"Martin, Patrick H.; Canham, Charles D.",,,,,,,,"Peaks in frequency, but not relative abundance, occur in the center of tree species distributions on climate gradients",,,,,,,,ECOSPHERE,,,,11,6,,,,,e03149,,,10.1002/ecs2.3149,,,,,,,Article,JUN 2020,2020,,,,,,,,,,6,0,0,0,6,0,6,,,,,,WOS:000550684500026,
J,"Roland, Carl; Schmidt, Joshua H.; Stehn, Sarah E.; Hampton-Miller, Celia J.; Nicklen, E. Fleur",,,,,,,,Borealization and its discontents: drivers of regional variation in plant diversity across scales in interior Alaska,,,,,,,,ECOSPHERE,,,,12,5,,,,,e03485,,,10.1002/ecs2.3485,,,,,,,Article,MAY 2021,2021,,,,,,,,,,1,0,0,0,0,0,1,,,,,,WOS:000655473800009,
J,"Deacy, William W.; Leacock, William B.; Stanford, Jack A.; Armstrong, Jonathan B.",,,,,,,,Variation in spawning phenology within salmon populations influences landscape-level patterns of brown bear activity,,,,,,,,ECOSPHERE,,,,10,1,,,,,e02575,,,10.1002/ecs2.2575,,,,,,,Article,JAN 2019,2019,,,,,,,,,,10,0,1,0,9,0,11,,,,,,WOS:000456857400032,
J,"Perry, Kayla, I; Sivakoff, Frances S.; Wallin, Kimberly F.; Wenzel, John W.; Herms, Daniel A.",,,,,,,,Forest disturbance and arthropods: small-scale canopy and understory disturbances alter movement of mobile arthropods,,,,,,,,ECOSPHERE,,,,12,11,,,,,e03771,,,10.1002/ecs2.3771,,,,,,,Article,NOV 2021,2021,,,,,,,,,,3,0,0,0,1,0,3,,,,,,WOS:000723142700015,
J,"Grimm-Seyfarth, Annegret; Mihoub, Jean-Baptiste; Henle, Klaus",,,,,,,,"Functional traits determine the different effects of prey, predators, and climatic extremes on desert reptiles",,,,,,,,ECOSPHERE,,,,10,9,,,,,e02865,,,10.1002/ecs2.2865,,,,,,,Article,SEP 2019,2019,,,,,,,,,,7,0,0,0,7,0,7,,,,,,WOS:000490766500016,
J,"Squies, John R.; Olson, Lucretia E.; Roberts, Elizabeth K.; Ivan, Jacob S.; Hebblewhite, Mark",,,,,,,,Winter recreation and Canada lynx: reducing conflict through niche partitioning,,,,,,,,ECOSPHERE,,,,10,10,,,,,e02876,,,10.1002/ecs2.2876,,,,,,,Article,OCT 2019,2019,,,,,,,,,,2,0,0,0,2,0,2,,,,,,WOS:000493528200012,
J,"Pease, Brent S.; Pacifici, Krishna; Kays, Roland",,,,,,,,Exploring spatial nonstationarity for four mammal species reveals regional variation in environmental relationships,,,,,,,,ECOSPHERE,,,,13,8,,,,,e4166,,,10.1002/ecs2.4166,,,,,,,Article,AUG 2022,2022,,,,,,,,,,1,0,0,0,1,0,1,,,,,,WOS:000835280400001,
J,"Kaylor, Matthew J.; Armstrong, Jonathan B.; Lemanski, Joseph T.; Justice, Casey; White, Seth M.",,,,,,,,Riverscape heterogeneity in estimated Chinook Salmon emergence phenology and implications for size and growth,,,,,,,,ECOSPHERE,,,,13,7,,,,,e4160,,,10.1002/ecs2.4160,,,,,,,Article,JUL 2022,2022,,,,,,,,,,0,0,0,0,0,0,0,,,,,,WOS:000820030600001,
J,"Young, Katherine, I; Buenemann, Michaela; Vasilakis, Nikos; Perera, David; Hanley, Kathryn A.",,,,,,,,Shifts in mosquito diversity and abundance along a gradient from oil palm plantations to conterminous forests in Borneo,,,,,,,,ECOSPHERE,,,,12,4,,,,,e03463,,,10.1002/ecs2.3463,,,,,,,Article,APR 2021,2021,,,,,,,,,,5,0,0,0,5,0,5,,,,,,WOS:000645597500024,33996190
J,"Feddern, Megan L.; Holtgrieve, Gordon W.; Perakis, Steven S.; Hart, Julia; Ro, Hyejoo; Quinn, Thomas P.",,,,,,,,Riparian soil nitrogen cycling and isotopic enrichment in response to a long-term salmon carcass manipulation experiment,,,,,,,,ECOSPHERE,,,,10,11,,,,,e02958,,,10.1002/ecs2.2958,,,,,,,Article,NOV 2019,2019,,,,,,,,,,4,0,0,0,4,0,4,,,,,,WOS:000512727700044,
J,"Squires, John R.; Olson, Lucretia E.; Wallace, Zachary P.; Oakleaf, Robert J.; Kennedy, Patricia L.",,,,,,,,Resource selection of apex raptors: implications for siting energy development in sagebrush and prairie ecosystems,,,,,,,,ECOSPHERE,,,,11,8,,,,,e03204,,,10.1002/ecs2.3204,,,,,,,Article,AUG 2020,2020,,,,,,,,,,2,0,0,0,2,0,2,,,,,,WOS:000567504400009,
J,"von Behren, Christa; Yeakley, J. Alan",,,,,,,,Hydrochorous seed dispersal in riparian forests altered by urbanization,,,,,,,,ECOSPHERE,,,,11,2,,,,,,,,10.1002/ecs2.3049,,,,,,,Article,FEB 2020,2020,,,,,,,,,,0,0,0,0,0,0,0,,,,,,WOS:000533920800031,
J,"Bugnot, Ana B.; Dafforn, Katherine A.; Coleman, Ross A.; Ramsdale, Megan; Gibbeson, Jayden T.; Erickson, Katherine; Vila-Concejo, Ana; Figueira, William F.; Gribben, Paul E.",,,,,,,,Linking habitat interactions and biodiversity within seascapes,,,,,,,,ECOSPHERE,,,,13,4,,,,,e4021,,,10.1002/ecs2.4021,,,,,,,Article,APR 2022,2022,,,,,,,,,,1,0,0,0,1,0,1,,,,,,WOS:000780868300001,
J,"Paredes-Montero, Jorge R.; Ibarra, Maria A.; Arias-Zambrano, Myriam; Peralta, Esther L.; Brown, Judith K.",,,,,,,,Phylo-biogeographical distribution of whiteflyBemisia tabaci(Insecta: Aleyrodidae) mitotypes in Ecuador,,,,,,,,ECOSPHERE,,,,11,6,,,,,e03154,,,10.1002/ecs2.3154,,,,,,,Article,JUN 2020,2020,,,,,,,,,,7,0,0,0,6,0,7,,,,,,WOS:000550684500005,
J,"Young, Truman. P.; Kimuyu, Duncan N.; LaMalfa, Eric M.; Werner, Chhaya M.; Jones, Connor; Masudi, Phyllis; Ang'ila, Robert; Sensenig, Ryan L.",,,,,,,,"Effects of large mammalian herbivory, previous fire, and year of burn on fire behavior in an African savanna",,,,,,,,ECOSPHERE,,,,13,3,,,,,e3980,,,10.1002/ecs2.3980,,,,,,,Article,MAR 2022,2022,,,,,,,,,,1,0,0,0,1,0,1,,,,,,WOS:000776290300002,
J,"van Beeck Calkoen, Suzanne T. S.; Deis, Michele H.; Oeser, Julian; Kuijper, Dries P. J.; Heurich, Marco",,,,,,,,Humans rather than Eurasian lynx (Lynx lynx) shape ungulate browsing patterns in a temperate forest,,,,,,,,ECOSPHERE,,,,13,2,,,,,e3931,,,10.1002/ecs2.3931,,,,,,,Article,FEB 2022,2022,,,,,,,,,,2,0,0,0,2,0,2,,,,,,WOS:000760264100012,
J,"Dewan, Sailendra; Sanders, Nathan J.; Acharya, Bhoj Kumar",,,,,,,,"Turnover in butterfly communities and traits along an elevational gradient in the eastern Himalaya, India",,,,,,,,ECOSPHERE,,,,13,3,,,,,e3984,,,10.1002/ecs2.3984,,,,,,,Article,MAR 2022,2022,,,,,,,,,,0,0,0,0,0,0,0,,,,,,WOS:000776290300010,
J,"Lee, Finnbar; Simon, Kevin S.; Perry, George L. W.",,,,,,,,Network topology mediates freshwater fish metacommunity response to loss of connectivity,,,,,,,,ECOSPHERE,,,,13,11,,,,,e4286,,,10.1002/ecs2.4286,,,,,,,Article,NOV 2022,2022,,,,,,,,,,0,0,0,0,0,0,0,,,,,,WOS:000890740500001,
J,"Wang, Xinting; Jiang, Chao; Yonghong Li, Frank; Tai, Yang; Liang, Cunzhu; Hou, Yali; Zhang, Weihua",,,,,,,,Population neighborhood density at different scales between grazed and ungrazed communities,,,,,,,,ECOSPHERE,,,,11,10,,,,,e03275,,,10.1002/ecs2.3275,,,,,,,Article,OCT 2020,2020,,,,,,,,,,1,1,0,0,1,0,1,,,,,,WOS:000588068600025,
J,"Wilson, Abbey E.; Kearney, Sean; Wismer, Dan; Macbeth, Bryan; Stenhouse, Gordon; Coops, Nicholas C.; Janz, David M.",,,,,,,,Population-level monitoring of stress in grizzly bears between 2004 and 2014,,,,,,,,ECOSPHERE,,,,11,7,,,,,e03181,,,10.1002/ecs2.3181,,,,,,,Article,JUL 2020,2020,,,,,,,,,,7,0,0,0,5,0,7,,,,,,WOS:000567408500010,
J,"Mueller, Peter; Ladiges, Nils; Jack, Alexander; Schmiedl, Gerhard; Kutzbach, Lars; Jensen, Kai; Nolte, Stefanie",,,,,,,,Assessing the long-term carbon-sequestration potential of the semi-natural salt marshes in the European Wadden Sea,,,,,,,,ECOSPHERE,,,,10,1,,,,,e02556,,,10.1002/ecs2.2556,,,,,,,Article,JAN 2019,2019,,,,,,,,,,27,1,0,0,22,0,27,,,,,,WOS:000456857400020,
J,"Hirakawa, Tsubasa; Yamashita, Takayoshi; Tamaki, Toru; Fujiyoshi, Hironobu; Umezu, Yuta; Takeuchi, Ichiro; Matsumoto, Sakiko; Yoda, Ken",,,,,,,,Can AI predict animal movements? Filling gaps in animal trajectories using inverse reinforcement learning,,,,,,,,ECOSPHERE,,,,9,10,,,,,e02447,,,10.1002/ecs2.2447,,,,,,,Article,OCT 2018,2018,,,,,,,,,,11,0,0,0,2,0,12,,,,,,WOS:000449566200019,
J,"Loehle, Craig",,,,,,,,Quantifying species' geographic range changes: conceptual and statistical issues,,,,,,,,ECOSPHERE,,,,11,3,,,,,e03070,,,10.1002/ecs2.3070,,,,,,,Article,MAR 2020,2020,,,,,,,,,,4,0,0,0,3,0,4,,,,,,WOS:000530422900005,
J,"Travers-Smith, Hana Z.; Lantz, Trevor C.",,,,,,,,Leading-edge disequilibrium in alder and spruce populations across the forest-tundra ecotone,,,,,,,,ECOSPHERE,,,,11,7,,,,,e03118,,,10.1002/ecs2.3118,,,,,,,Article,JUL 2020,2020,,,,,,,,,,9,0,0,0,7,0,9,,,,,,WOS:000567408500016,
J,"Herring, Garth; Eagles-Smith, Collin; Buck, Jeremy A.; Shiel, Alyssa E.; Vennum, Chris R.; Emery, Colleen; Johnson, Branden; Leal, David; Heath, Julie A.; Dudek, Benjamin; Preston, Charles; Woodbridge, Brian",,,,,,,,The lead (Pb) lining of agriculture-related subsidies: enhanced Golden Eagle growth rates tempered by Pb exposure.,,,,,,,,ECOSPHERE,,,,11,1,,,3006,3006,,,,,,,,,,,Article,Jan 2020,2020,,,,,,,,,,0,0,0,0,0,0,0,,,,,,ZOOREC:ZOOR15608055280,
J,"Behney, Adam C.",,,,,,,,Ignoring uncertainty in predictor variables leads to false confidence in results: a case study of duck habitat use,,,,,,,,ECOSPHERE,,,,11,10,,,,,e03273,,,10.1002/ecs2.3273,,,,,,,Article,OCT 2020,2020,,,,,,,,,,3,0,0,0,2,0,3,,,,,,WOS:000588068600014,
J,"Grant, Tyler J.; Flockhart, D. T. Tyler; Blader, Teresa R.; Hellmich, Richard L.; Pitman, Grace M.; Tyner, Sam; Norris, D. Ryan; Bradbury, Steven P.",,,,,,,,Estimating arthropod survival probability from field counts: a case study with monarch butterflies,,,,,,,,ECOSPHERE,,,,11,4,,,,,e03082,,,10.1002/ecs2.3082,,,,,,,Article,APR 2020,2020,,,,,,,,,,9,0,0,0,8,0,9,,,,,,WOS:000536583400012,
J,"Shakeri, Yasaman N.; White, Kevin S.; Levi, Taal",,,,,,,,"Salmon-supported bears, seed dispersal, and extensive resource subsidies to granivores",,,,,,,,ECOSPHERE,,,,9,6,,,,,e02297,,,10.1002/ecs2.2297,,,,,,,Article,JUN 2018,2018,,,,,,,,,,15,0,0,0,15,0,15,,,,,,WOS:000439997600018,
J,"Herring, Garth; Eagles-Smith, Collin; Buck, Jeremy A.; Shiel, Alyssa E.; Vennum, Chris R.; Emery, Colleen; Johnson, Branden; Leal, David; Heath, Julie A.; Dudek, Benjamin; Preston, Charles; Woodbridge, Brian",,,,,,,,The lead (Pb) lining of agriculture-related subsidies: enhanced Golden Eagle growth rates tempered by Pb exposure,,,,,,,,ECOSPHERE,,,,11,1,,,,,,,,10.1002/ecs2.3006,,,,,,,Article,JAN 2020,2020,,,,,,,,,,9,0,0,0,9,0,9,,,,,,WOS:000533913600018,
J,"Zimova, Marketa; Barnard, Lindsey; Davis, Brandon M.; Kumar, Alexander, V; Lafferty, Diana J. R.; Mills, L. Scott",,,,,,,,Using remote cameras to measure seasonal molts,,,,,,,,ECOSPHERE,,,,11,4,,,,,e03084,,,10.1002/ecs2.3084,,,,,,,Article,APR 2020,2020,,,,,,,,,,3,0,0,0,3,0,3,,,,,,WOS:000536583400015,
J,"Copeland, Stella M.; Davies, Kirk W.; Boyd, Chad S.; Bates, Jonathan D.",,,,,,,,Recovery of the herbaceous component of degraded sagebrush steppe is unimpeded by 75 years of moderate cattle grazing,,,,,,,,ECOSPHERE,,,,12,3,,,,,e03445,,,10.1002/ecs2.3445,,,,,,,Article,MAR 2021,2021,,,,,,,,,,6,0,0,0,3,0,6,,,,,,WOS:000636318200037,
J,"Pandori, Lauren L. M.; Sorte, Cascade J. B.",,,,,,,,Spatial and temporal scales of exposure and sensitivity drive mortality risk patterns across life stages,,,,,,,,ECOSPHERE,,,,12,6,,,,,e03552,,,10.1002/ecs2.3552,,,,,,,Article,JUN 2021,2021,,,,,,,,,,2,0,0,0,2,0,2,,,,,,WOS:000667707100041,
J,"Lo Cascio, Amanda; Kasel, Sabine; Ford, Greg",,,,,,,,A new method employing species-specific thresholding identifies acoustically overlapping bats,,,,,,,,ECOSPHERE,,,,13,11,,,,,e4278,,,10.1002/ecs2.4278,,,,,,,Article,NOV 2022,2022,,,,,,,,,,0,0,0,0,0,0,0,,,,,,WOS:000890727100001,
J,"Tokolyi, Jacint; Gergely, Reka; Miklos, Mate",,,,,,,,Seasonal variation in sexual readiness in a facultatively sexual freshwater cnidarian with diapausing eggs,,,,,,,,ECOSPHERE,,,,12,8,,,,,e03713,,,10.1002/ecs2.3713,,,,,,,Article,AUG 2021,2021,,,,,,,,,,4,0,0,0,3,0,4,,,,,,WOS:000689453800027,
J,"Rietl, Anthony J.; Sorrentino, Madelyn G.; Roberts, Brian J.",,,,,,,,Spatial distribution and morphological responses to predation in the salt marsh periwinkle,,,,,,,,ECOSPHERE,,,,9,6,,,,,e02316,,,10.1002/ecs2.2316,,,,,,,Article,JUN 2018,2018,,,,,,,,,,5,0,0,0,5,0,5,,,,,,WOS:000439997600028,
J,"Wagner, Benjamin; Baker, Patrick J.; Stewart, Stephen B.; Lumsden, Linda F.; Nelson, Jenny L.; Cripps, Jemma K.; Durkin, Louise K.; Scroggie, Michael P.; Nitschke, Craig R.",,,,,,,,Climate change drives habitat contraction of a nocturnal arboreal marsupial at its physiological limits,,,,,,,,ECOSPHERE,,,,11,10,,,,,e03262,,,10.1002/ecs2.3262,,,,,,,Article,OCT 2020,2020,,,,,,,,,,9,0,0,0,10,0,11,,,,,,WOS:000588068600001,
J,"McIver, James D.; Brandt, Ruth",,,,,,,,Epigaeic spider response to sagebrush steppe restoration treatments,,,,,,,,ECOSPHERE,,,,13,9,,,,,e4078,,,10.1002/ecs2.4078,,,,,,,Article,SEP 2022,2022,,,,,,,,,,0,0,0,0,0,0,0,,,,,,WOS:000853679700001,
J,"Suarez-Tangil, Bruno D.; Rodriguez, Alejandro",,,,,,,,Uniform performance of mammal detection methods under contrasting environmental conditions in Mediterranean landscapes,,,,,,,,ECOSPHERE,,,,12,3,,,,,e03349,,,10.1002/ecs2.3349,,,,,,,Article,MAR 2021,2021,,,,,,,,,,2,0,0,0,1,0,2,,,,,,WOS:000636318200010,
J,"Furniss, Tucker J.; Larson, Andrew J.; Kane, Van R.; Lutz, James A.",,,,,,,,Wildfire and drought moderate the spatial elements of tree mortality,,,,,,,,ECOSPHERE,,,,11,8,,,,,e03214,,,10.1002/ecs2.3214,,,,,,,Article,AUG 2020,2020,,,,,,,,,,23,2,0,0,18,0,25,,,,,,WOS:000567504400018,
J,"McGrady, C. M.; Strange, J. P.; Lopez-Uribe, M. M.; Fleischer, S. J.",,,,,,,,"Wild bumble bee colony abundance, scaled by field size, predicts pollination services",,,,,,,,ECOSPHERE,,,,12,9,,,,,e03735,,,10.1002/ecs2.3735,,,,,,,Article,SEP 2021,2021,,,,,,,,,,2,0,0,0,1,0,2,,,,,,WOS:000701322700008,
J,"Nealis, Vincent; Regniere, Jacques",,,,,,,,Ecology of outbreak populations of the western spruce budworm,,,,,,,,ECOSPHERE,,,,12,7,,,,,e03667,,,10.1002/ecs2.3667,,,,,,,Article,JUL 2021,2021,,,,,,,,,,2,0,0,0,1,0,2,,,,,,WOS:000678730500018,
J,"Pichler, Taylor R.; Mallinger, Elyse C.; Farmer, Morgan J.; Morrison, Megan J.; Khadka, Bijit; Matzinger, Parker J.; Kirschbaum, Alan; Goodwin, Katy R.; Route, William T.; Van Stappen, Julie; Van Deelen, Timothy R.; Olson, Erik R.",,,,,,,,Comparative biogeography of volant and nonvolant mammals in a temperate island archipelago,,,,,,,,ECOSPHERE,,,,13,1,,,,,e3911,,,10.1002/ecs2.3911,,,,,,,Article,JAN 2022,2022,,,,,,,,,,1,0,0,0,1,0,1,,,,,,WOS:000747491800003,
J,"Pepin, Kim M.; Wolfson, David W.; Miller, Ryan S.; Tabak, Michael A.; Snow, Nathan P.; VerCauteren, Kurt C.; Davis, Amy J.",,,,,,,,Accounting for heterogeneous invasion rates reveals management impacts on the spatial expansion of an invasive species,,,,,,,,ECOSPHERE,,,,10,3,,,,,e02657,,,10.1002/ecs2.2657,,,,,,,Article,MAR 2019,2019,,,,,,,,,,12,0,0,0,9,0,12,,,,,,WOS:000463977000039,
J,"Kramer, H. Anu; Jones, Gavin M.; Kane, Van R.; Bartl-Geller, Bryce; Kane, Jonathan T.; Whitmore, Sheila A.; Berigan, William J.; Dotters, Brian P.; Roberts, Kevin N.; Sawyer, Sarah C.; Keane, John J.; North, Malcolm P.; Gutierrez, R. J.; Peery, M. Zachariah",,,,,,,,Elevational gradients strongly mediate habitat selection patterns in a nocturnal predator,,,,,,,,ECOSPHERE,,,,12,5,,,,,e03500,,,10.1002/ecs2.3500,,,,,,,Article,MAY 2021,2021,,,,,,,,,,1,0,0,0,1,0,1,,,,,,WOS:000655473800029,
J,"McCullough, K.; Albanese, G.; Haukos, D. A.; Ricketts, A. M.; Stratton, S.",,,,,,,,Management regime and habitat response influence abundance of regal fritillary (Speyeria idalia) in tallgrass prairie,,,,,,,,ECOSPHERE,,,,10,8,,,,,e02845,,,10.1002/ecs2.2845,,,,,,,Article,AUG 2019,2019,,,,,,,,,,6,0,0,0,6,0,6,,,,,,WOS:000483832300009,
J,"Ivan, Jacob S.; Seglund, Amy E.; Truex, Richard L.; Newkirk, Eric S.",,,,,,,,Mammalian responses to changed forest conditions resulting from bark beetle outbreaks in the southern Rocky Mountains,,,,,,,,ECOSPHERE,,,,9,8,,,,,e02369,,,10.1002/ecs2.2369,,,,,,,Article,AUG 2018,2018,,,,,,,,,,10,0,0,0,8,0,10,,,,,,WOS:000448271400015,
J,"Fricker, Geoffrey A.; Crampton, Lisa H.; Gallerani, Erica M.; Hite, Justin M.; Inman, Richard; Gillespie, Thomas W.",,,,,,,,"Application of lidar for critical endangered bird species conservation on the island of Kauai, Hawaii",,,,,,,,ECOSPHERE,,,,12,6,,,,,e03554,,,10.1002/ecs2.3554,,,,,,,Article,JUN 2021,2021,,,,,,,,,,2,0,0,0,2,0,2,,,,,,WOS:000667707100043,
J,"Liccioli, Stefano; Stephens, Tara; Wilson, Sian C.; McPherson, Jana M.; Keating, Laura M.; Antonation, Kym S.; Bollinger, Trent K.; Corbett, Cindi R.; Gummer, David L.; Lindsay, L. Robbin; Galloway, Terry D.; Shury, Todd K.; Moehrenschlager, Axel",,,,,,,,Enzootic maintenance of sylvatic plague in Canada's threatened black-tailed prairie dog ecosystem,,,,,,,,ECOSPHERE,,,,11,5,,,,,e03138,,,10.1002/ecs2.3138,,,,,,,Article,MAY 2020,2020,,,,,,,,,,7,0,0,0,6,0,7,,,,,,WOS:000538094900037,
J,"Walsh, Jake R.; Pedersen, Eric J.; Vander Zanden, M. Jake",,,,,,,,Detecting species at low densities: a new theoretical framework and an empirical test on an invasive zooplankton,,,,,,,,ECOSPHERE,,,,9,11,,,,,e02475,,,10.1002/ecs2.2475,,,,,,,Article,NOV 2018,2018,,,,,,,,,,8,0,0,0,7,0,8,,,,,,WOS:000452621900012,
J,"Wilcox, Taylor M.; Young, Michael K.; McKelvey, Kevin S.; Isaak, Daniel J.; Horan, Dona L.; Schwartz, Michael K.",,,,,,,,Fine-scale environmental DNA sampling reveals climate-mediated interactions between native and invasive trout species,,,,,,,,ECOSPHERE,,,,9,11,,,,,e02500,,,10.1002/ecs2.2500,,,,,,,Article,NOV 2018,2018,,,,,,,,,,17,0,0,0,15,0,18,,,,,,WOS:000452621900029,
