Publication Type,Authors,Book Authors,Group Authors,Book Group Authors,Researcher Ids,ORCIDs,Book Editors,Author - Arabic,Article Title,Article Title - SciELO,Article Title - SciELO,Article Title - Chinese,Article Title - Russian,Patent Number,Patent Assignee,Source Title - Arabic,Source Title,Source Title - Korean,Book Series Title,Book Series Subtitle,Volume,Issue,Special Issue,Meeting Abstract,Start Page,End Page,Article Number,Version,Version History,DOI,Book DOI,License Name,License URI,License Description,Early Access Date,Supplement,Document Type,Publication Date,Publication Year,Abstract,Abstract - Foreign,Abstract - English Transliteration ,Abstract - Foreign,Abstract - Korean,Conference Title,Conference Date,Conference Sponsor,Conference Location,"Times Cited, WoS Core","Times Cited, CSCD ","Times Cited, RSCI","Times Cited, ARCI","Times Cited, BCI","Times Cited, SCIELO","Times Cited, All Databases",180 Day Usage Count,Since 2013 Usage Count,ISSN,eISSN,ISBN,UT (Unique ID),Pubmed Id
J,"Li, Yuanzhi; Shipley, Bill; Price, Jodi N.; Dantas, Vinicius de L.; Tamme, Riin; Westoby, Mark; Siefert, Andrew; Schamp, Brandon S.; Spasojevic, Marko J.; Jung, Vincent; Laughlin, Daniel C.; Richardson, Sarah J.; Le Bagousse-Pinguet, Yoann; Schob, Christian; Gazol, Antonio; Prentice, Honor C.; Gross, Nicolas; Overton, Jake; Cianciaruso, Marcus V.; Louault, Frederique; Kamiyama, Chiho; Nakashizuka, Tohru; Hikosaka, Kouki; Sasaki, Takehiro; Katabuchi, Masatoshi; Dussault, Cedric Frenette; Gaucherand, Stephanie; Chen, Ning; Vandewalle, Marie; Batalha, Marco Antonio",,,,,,,,Habitat filtering determines the functional niche occupancy of plant communities worldwide,,,,,,,,JOURNAL OF ECOLOGY,,,,106,3,,,1001,1009,,,,10.1111/1365-2745.12802,,,,,,,Article,MAY 2018,2018,,,,,,,,,,42,2,0,0,42,0,44,,,,,,WOS:000430123800018,
J,"Moor, Helen; Norden, Jenni; Penttila, Reijo; Siitonen, Juha; Snall, Tord",,,,,,,,Long-term effects of colonization-extinction dynamics of generalist versus specialist wood-decaying fungi,,,,,,,,JOURNAL OF ECOLOGY,,,,109,1,,,491,503,,,,10.1111/1365-2745.13526,,,,,NOV 2020,,Article,JAN 2021,2021,,,,,,,,,,9,0,0,0,10,0,11,,,,,,WOS:000583054400001,
J,"Mendez-Vigo, Belen; Castilla, Antonio R.; Gomez, Rocio; Marcer, Arnald; Alonso-Blanco, Carlos; Xavier Pico, F.",,,,,,,,Spatiotemporal dynamics of genetic variation at the quantitative and molecular levels within a natural Arabidopsis thaliana population,,,,,,,,JOURNAL OF ECOLOGY,,,,110,11,,,2701,2716,,,,10.1111/1365-2745.13981,,,,,AUG 2022,,Article,NOV 2022,2022,,,,,,,,,,0,0,0,0,0,0,0,,,,,,WOS:000841149800001,
J,"LaMalfa, Eric M.; Kimuyu, Duncan M.; Sensenig, Ryan L.; Young, Truman P.; Riginos, Corinna; Veblen, Kari E.",,,,,,,,Tree resprout dynamics following fire depend on herbivory by wild ungulate herbivores,,,,,,,,JOURNAL OF ECOLOGY,,,,107,5,,,2493,2502,,,,10.1111/1365-2745.13186,,,,,,,Article,SEP 2019,2019,,,,,,,,,,9,0,0,0,9,0,10,,,,,,WOS:000484311000036,
J,"Quintana-Ascencio, Pedro F.; Koontz, Stephanie M.; Smith, Stacy A.; Sclater, Vivienne L.; David, Aaron S.; Menges, Eric S.",,,,,,,,"Predicting landscape-level distribution and abundance: Integrating demography, fire, elevation and landscape habitat configuration",,,,,,,,JOURNAL OF ECOLOGY,,,,106,6,,,2395,2408,,,,10.1111/1365-2745.12985,,,,,,,Article,NOV 2018,2018,,,,,,,,,,16,0,0,0,16,0,16,,,,,,WOS:000447412100019,
J,"Holdo, Ricardo M.; Onderdonk, Daphne A.; Barr, Annabelle G.; Mwita, Meshak; Anderson, T. Michael",,,,,,,,"Spatial transitions in tree cover are associated with soil hydrology, but not with grass biomass, fire frequency, or herbivore biomass in Serengeti savannahs",,,,,,,,JOURNAL OF ECOLOGY,,,,108,2,,,586,597,,,,10.1111/1365-2745.13303,,,,,,,Article,MAR 2020,2020,,,,,,,,,,8,1,0,0,8,0,9,,,,,,WOS:000520163600016,
J,"Acevedo, Miguel A.; Beaudrot, Lydia; Melendez-Ackerman, Elvia J.; Tremblay, Raymond L.",,,,,,,,Local extinction risk under climate change in a neotropical asymmetrically dispersed epiphyte,,,,,,,,JOURNAL OF ECOLOGY,,,,108,4,,,1553,1564,,,,10.1111/1365-2745.13361,,,,,FEB 2020,,Article,JUL 2020,2020,,,,,,,,,,12,0,0,0,10,0,13,,,,,,WOS:000515754900001,
J,"Wasyliw, Joshua; Karst, Justine",,,,,,,,Shifts in ectomycorrhizal exploration types parallel leaf and fine root area with forest age,,,,,,,,JOURNAL OF ECOLOGY,,,,108,6,,,2270,2282,,,,10.1111/1365-2745.13484,,,,,SEP 2020,,Article,NOV 2020,2020,,,,,,,,,,10,1,0,0,8,0,10,,,,,,WOS:000568760800001,
J,"Harrison, Joshua G.; Parchman, Thomas L.; Cook, Daniel; Gardner, Dale R.; Forister, Matthew L.",,,,,,,,A heritable symbiont and host-associated factors shape fungal endophyte communities across spatial scales,,,,,,,,JOURNAL OF ECOLOGY,,,,106,6,,,2274,2286,,,,10.1111/1365-2745.12967,,,,,,,Article,NOV 2018,2018,,,,,,,,,,14,0,0,0,13,0,14,,,,,,WOS:000447412100010,
J,"Allen, Robert B.; MacKenzie, Darryl I.; Bellingham, Peter J.; Wiser, Susan K.; Arnst, Elise A.; Coomes, David A.; Hurst, Jennifer M.",,,,,,,,Tree survival and growth responses in the aftermath of a strong earthquake,,,,,,,,JOURNAL OF ECOLOGY,,,,108,1,,,107,121,,,,10.1111/1365-2745.13238,,,,,JUL 2019,,Article,JAN 2020,2020,,,,,,,,,,3,0,0,0,2,0,3,,,,,,WOS:000478480200001,
J,"Veresoglou, Stavros D.; Liu, Lei; Xu, Tianle; Rillig, Matthias C.; Wang, Meie; Wang, Juntao; Chen, Yongliang; Hu, Yajun; Hao, Zhipeng; Chen, Baodong",,,,,,,,Biogeographical constraints in Glomeromycotinan distribution across forest habitats in China,,,,,,,,JOURNAL OF ECOLOGY,,,,107,2,,,684,695,,,,10.1111/1365-2745.13060,,,,,,,Article,MAR 2019,2019,,,,,,,,,,9,3,0,0,9,0,11,,,,,,WOS:000458616400016,
J,"Merges, Dominik; Balint, Miklos; Schmitt, Imke; Boehning-Gaese, Katrin; Neuschulz, Eike Lena",,,,,,,,Spatial patterns of pathogenic and mutualistic fungi across the elevational range of a host plant,,,,,,,,JOURNAL OF ECOLOGY,,,,106,4,,,1545,1557,,,,10.1111/1365-2745.12942,,,,,,,Article,JUL 2018,2018,,,,,,,,,,20,2,0,0,16,0,22,,,,,,WOS:000435444700018,
J,"Herring, Erin M.; Gavin, Daniel G.; Dobrowski, Solomon Z.; Fernandez, Matias; Hu, Feng Sheng",,,,,,,,Ecological history of a long-lived conifer in a disjunct population,,,,,,,,JOURNAL OF ECOLOGY,,,,106,1,,,319,332,,,,10.1111/1365-2745.12826,,,,,,,Article,JAN 2018,2018,,,,,,,,,,11,0,0,0,8,0,11,,,,,,WOS:000417839700027,
J,"Garnier, Eric; Fayolle, Adeline; Navas, Marie-Laure; Damgaard, Christian; Cruz, Pablo; Hubert, Daniel; Richarte, Jean; Autran, Paul; Leurent, Corentin; Violle, Cyrille",,,,,,,,Plant demographic and functional responses to management intensification: A long-term study in a Mediterranean rangeland,,,,,,,,JOURNAL OF ECOLOGY,,,,106,4,,,1363,1376,,,,10.1111/1365-2745.12996,,,,,,,Article,JUL 2018,2018,,,,,,,,,,17,1,0,0,16,0,20,,,,,,WOS:000435444700004,
J,"Lovas-Kiss, Adam; Vizi, Balazs; Vincze, Orsolya; Molnar, Attila, V; Green, Andy J.",,,,,,,,Endozoochory of aquatic ferns and angiosperms by mallards in Central Europe,,,,,,,,JOURNAL OF ECOLOGY,,,,106,4,,,1714,1723,,,,10.1111/1365-2745.12913,,,,,,,Article,JUL 2018,2018,,,,,,,,,,38,0,0,0,35,0,41,,,,,,WOS:000435444700031,
J,"Perez-Mendez, Nestor; Jordano, Pedro; Valido, Alfredo",,,,,,,,Persisting in defaunated landscapes: Reduced plant population connectivity after seed dispersal collapse,,,,,,,,JOURNAL OF ECOLOGY,,,,106,3,,,936,947,,,,10.1111/1365-2745.12848,,,,,,,Article,MAY 2018,2018,,,,,,,,,,29,0,0,0,29,0,30,,,,,,WOS:000430123800013,
J,"Wandrag, Elizabeth M.; Catford, Jane A.; Duncan, Richard P.",,,,,,,,"Quantifying niche availability, niche overlap and competition for recruitment sites in plant populations without explicit knowledge of niche axes",,,,,,,,JOURNAL OF ECOLOGY,,,,107,4,,,1791,1803,,,,10.1111/1365-2745.13137,,,,,,,Article,JUL 2019,2019,,,,,,,,,,5,0,0,0,3,0,5,,,,,,WOS:000473096200020,
J,"Zhang, Chunhui; Cadotte, Marc W.; Chiarucci, Alessandro; Loreau, Michel; Willis, Charles G.; Si, Xingfeng; Li, Lanping; Cianciaruso, Marcus V.",,,,,,,,Scale-dependent shifts in functional and phylogenetic structure of Mediterranean island plant communities over two centuries,,,,,,,,JOURNAL OF ECOLOGY,,,,109,10,,,3513,3523,,,,10.1111/1365-2745.13733,,,,,JUL 2021,,Article,OCT 2021,2021,,,,,,,,,,2,0,0,0,1,0,2,,,,,,WOS:000674838000001,
J,"Rajala, Tuomas; Olhede, Sofia Charlotta; Murrell, David John",,,,,,,,When do we have the power to detect biological interactions in spatial point patterns?,,,,,,,,JOURNAL OF ECOLOGY,,,,107,2,,,711,721,,,,10.1111/1365-2745.13080,,,,,,,Article,MAR 2019,2019,,,,,,,,,,19,2,0,0,15,0,20,,,,,,WOS:000458616400018,31007275
J,"Carvalho, Carolina da Silva; Garcia, Cristina; Lucas, Marilia Souza; Jordano, Pedro; Cortes, Marina Correa",,,,,,,,"Extant fruit-eating birds promote genetically diverse seed rain, but disperse to fewer sites in defaunated tropical forests",,,,,,,,JOURNAL OF ECOLOGY,,,,109,2,,,1055,1067,,,,10.1111/1365-2745.13534,,,,,NOV 2020,,Article,FEB 2021,2021,,,,,,,,,,6,0,0,0,5,0,6,,,,,,WOS:000588413100001,
J,"Chen, Bin J. W.; Xu, Chi; Liu, Mao-Song; Huang, Zheng Y. X.; Zhang, Ming-Juan; Tang, Jian; Anten, Niels P. R.",,,,,,,,Neighbourhood-dependent root distributions and the consequences on root separation in arid ecosystems,,,,,,,,JOURNAL OF ECOLOGY,,,,108,4,,,1635,1648,,,,10.1111/1365-2745.13360,,,,,FEB 2020,,Article,JUL 2020,2020,,,,,,,,,,13,1,0,0,12,0,14,,,,,,WOS:000516854600001,
J,"Wu, Naicheng; Wang, Yaochun; Wang, Yixia; Sun, Xiuming; Faber, Claas; Fohrer, Nicola",,,,,,,,Environment regimes play an important role in structuring trait- and taxonomy-based temporal beta diversity of riverine diatoms,,,,,,,,JOURNAL OF ECOLOGY,,,,110,6,,,1442,1454,,,,10.1111/1365-2745.13859,,,,,FEB 2022,,Article,JUN 2022,2022,,,,,,,,,,10,0,0,0,8,0,10,,,,,,WOS:000760745300001,
J,"Segrestin, Jules; Leps, Jan",,,,,,,,Towards a better ecological understanding of metacommunity stability: A multiscale framework to disentangle population variability and synchrony effects,,,,,,,,JOURNAL OF ECOLOGY,,,,110,7,,,1632,1645,,,,10.1111/1365-2745.13898,,,,,MAY 2022,,Article,JUL 2022,2022,,,,,,,,,,0,0,0,0,0,0,0,,,,,,WOS:000794289900001,
J,"Meineke, Emily K.; Classen, Aimee T.; Sanders, Nathan J.; Davies, T. Jonathan",,,,,,,,Herbarium specimens reveal increasing herbivory over the past century,,,,,,,,JOURNAL OF ECOLOGY,,,,107,1,,,105,117,,,,10.1111/1365-2745.13057,,,,,,,Article,JAN 2019,2019,,,,,,,,,,29,0,0,0,24,0,30,,,,,,WOS:000459070600010,
J,"Lenda, Magdalena; Knops, Johannes H.; Skorka, Piotr; Moron, Dawid; Woyciechowski, Michal",,,,,,,,Cascading effects of changes in land use on the invasion of the walnut Juglans regia in forest ecosystems,,,,,,,,JOURNAL OF ECOLOGY,,,,106,2,,,671,686,,,,10.1111/1365-2745.12827,,,,,,,Article,MAR 2018,2018,,,,,,,,,,18,0,0,0,15,0,19,,,,,,WOS:000425046300018,
J,"Quintana-Ascencio, Pedro F.; Koontz, Stephanie M.; Ochocki, Brad M.; Sclater, Vivienne L.; Lopez-Borghesi, Federico; Li, Haoyu; Menges, Eric S.",,,,,,,,"Assessing the roles of seed bank, seed dispersal and historical disturbances for metapopulation persistence of a pyrogenic herb",,,,,,,,JOURNAL OF ECOLOGY,,,,107,6,,,2760,2771,,,,10.1111/1365-2745.13206,,,,,,,Article,NOV 2019,2019,,,,,,,,,,7,0,0,0,7,0,7,,,,,,WOS:000491025800021,
J,"Bagaria, Guillem; Roda, Ferran; Clotet, Maria; Miguez, Silvia; Pino, Joan",,,,,,,,Contrasting habitat and landscape effects on the fitness of a long-lived grassland plant under forest encroachment: Do they provide evidence for extinction debt?,,,,,,,,JOURNAL OF ECOLOGY,,,,106,1,,,278,288,,,,10.1111/1365-2745.12860,,,,,,,Article,JAN 2018,2018,,,,,,,,,,8,0,0,0,7,0,8,,,,,,WOS:000417839700023,
