Publication Type,Authors,Book Authors,Group Authors,Book Group Authors,Researcher Ids,ORCIDs,Book Editors,Author - Arabic,Article Title,Article Title - SciELO,Article Title - SciELO,Article Title - Chinese,Article Title - Russian,Patent Number,Patent Assignee,Source Title - Arabic,Source Title,Source Title - Korean,Book Series Title,Book Series Subtitle,Volume,Issue,Special Issue,Meeting Abstract,Start Page,End Page,Article Number,Version,Version History,DOI,Book DOI,License Name,License URI,License Description,Early Access Date,Supplement,Document Type,Publication Date,Publication Year,Abstract,Abstract - Foreign,Abstract - English Transliteration ,Abstract - Foreign,Abstract - Korean,Conference Title,Conference Date,Conference Sponsor,Conference Location,"Times Cited, WoS Core","Times Cited, CSCD ","Times Cited, RSCI","Times Cited, ARCI","Times Cited, BCI","Times Cited, SCIELO","Times Cited, All Databases",180 Day Usage Count,Since 2013 Usage Count,ISSN,eISSN,ISBN,UT (Unique ID),Pubmed Id
J,"Costa, Andrea; Oneto, Fabrizio; Salvidio, Sebastiano",,,,,,,,Time-for-space substitution in N-mixture modeling and population monitoring,,,,,,,,JOURNAL OF WILDLIFE MANAGEMENT,,,,83,3,,,737,741,,,,10.1002/jwmg.21621,,,,,,,Article,APR 2019,2019,,,,,,,,,,12,0,0,0,12,0,12,,,,,,WOS:000461892800022,
J,"Schoenecker, Kathryn A.; King, Sarah R. B.; Ekernas, L. Stefan; Oyler-McCance, Sara J.",,,,,,,,Using Fecal DNA and Closed-Capture Models to Estimate Feral Horse Population Size,,,,,,,,JOURNAL OF WILDLIFE MANAGEMENT,,,,85,6,,,1150,1161,,,,10.1002/jwmg.22056,,,,,MAY 2021,,Article,AUG 2021,2021,,,,,,,,,,3,0,0,0,1,0,3,,,,,,WOS:000648653300001,
J,"Howell, Paige E.; Wilhite, Nathan G.; Gardner, Rachel; Mohlman, Jessica L.; Chandler, Richard B.; Parnell, Ira B.; Martin, James A.",,,,,,,,The Effects of Landscape Characteristics on Northern Bobwhite Density,,,,,,,,JOURNAL OF WILDLIFE MANAGEMENT,,,,85,5,,,1001,1008,,,,10.1002/jwmg.22057,,,,,APR 2021,,Article,JUL 2021,2021,,,,,,,,,,1,0,0,0,1,0,1,,,,,,WOS:000645579200001,
J,"Stewart, Andi M.; Conner, Mary M.; McKeever, Jane S.; Ellsworth, Alisa; Crowhurst, Rachel S.; Epps, Clinton W.; Stephenson, Thomas R.",,,,,,,,Comparing fecal DNA capture-recapture to mark-resight for estimating abundance of mule deer on winter ranges,,,,,,,,JOURNAL OF WILDLIFE MANAGEMENT,,,,,,,,,,,,,10.1002/jwmg.22350,,,,,DEC 2022,,Article; Early Access,,2022,,,,,,,,,,0,0,0,0,0,0,0,,,,,,WOS:000900318200001,
J,"Halstead, Brian J.; Thompson, Michelle E.; Amarello, Melissa; Smith, Jeffrey J.; Wylie, Glenn D.; Routman, Eric J.; Casazza, Michael L.",,,,,,,,Effects of prescribed fire on San Francisco gartersnake survival and movement,,,,,,,,JOURNAL OF WILDLIFE MANAGEMENT,,,,83,1,,,231,240,,,,10.1002/jwmg.21585,,,,,,,Article,JAN 2019,2019,,,,,,,,,,5,0,0,0,5,0,5,,,,,,WOS:000453729100025,
J,"Rosenblatt, Connor J.; Matthews, Stephen N.; Gates, Robert J.; Peterman, William E.; Shumar, Matthew B.",,,,,,,,Are northern bobwhites an umbrella species for open-land birds in Ohio?,,,,,,,,JOURNAL OF WILDLIFE MANAGEMENT,,,,86,1,,,,,,,,10.1002/jwmg.22141,,,,,DEC 2021,,Article,JAN 2022,2022,,,,,,,,,,0,0,0,0,0,0,0,,,,,,WOS:000736446800001,
J,"Whiteman, John P.; Harlow, Henry J.; Durner, George M.; Regehr, Eric, V; Amstrup, Steven C.; Pagano, Anthony M.; Ben-David, Merav",,,,,,,,The acute physiological response of polar bears to helicopter capture,,,,,,,,JOURNAL OF WILDLIFE MANAGEMENT,,,,86,5,,,,,e22238,,,10.1002/jwmg.22238,,,,,APR 2022,,Article,JUL 2022,2022,,,,,,,,,,0,0,0,0,0,0,0,,,,,,WOS:000788575500001,35915725
J,"Furnas, Brett J.; Landers, Russ H.; Hill, Scott; Itoga, Stuart S.; Sacks, Benjamin N.",,,,,,,,Integrated modeling to estimate population size and composition of mule deer,,,,,,,,JOURNAL OF WILDLIFE MANAGEMENT,,,,82,7,,,1429,1441,,,,10.1002/jwmg.21507,,,,,,,Article,SEP 2018,2018,,,,,,,,,,20,1,0,0,18,0,22,,,,,,WOS:000442501700011,
J,"Bernasconi, David A.; Dixon, Wesley C.; Hamilton, Matthew T.; Helton, James L.; Chipman, Richard B.; Gilbert, Amy T.; Beasley, James C.; Rhodes, Olin E., Jr.; Dharmarajan, Guha",,,,,,,,Influence of landscape attributes on Virginia opossum density,,,,,,,,JOURNAL OF WILDLIFE MANAGEMENT,,,,86,7,,,,,e22280,,,10.1002/jwmg.22280,,,,,JUN 2022,,Article,SEP 2022,2022,,,,,,,,,,0,0,0,0,0,0,0,,,,,,WOS:000812845900001,
J,"Giroux, Jean-Francois; Patenaude-Monette, Martin; Gilliland, Scott G.; Milton, G. Randy; Parsons, Glen J.; Gloutney, Mark L.; Mehl, Katherine R.; Allen, R. Bradford; McAuley, Daniel G.; Reed, Eric T.; McLellan, Nic R.",,,,,,,,Estimating Population Growth and Recruitment Rates Across the Range of American Common Eiders,,,,,,,,JOURNAL OF WILDLIFE MANAGEMENT,,,,85,8,,,1646,1655,,,,10.1002/jwmg.22122,,,,,AUG 2021,,Article,NOV 2021,2021,,,,,,,,,,0,0,0,0,0,0,0,,,,,,WOS:000688190100001,
J,"Tolliver, James D. M.; Moore, Amanda A.; Green, M. Clay; Weckerly, Floyd W.",,,,,,,,Coastal Texas black rail population states and survey effort,,,,,,,,JOURNAL OF WILDLIFE MANAGEMENT,,,,83,2,,,312,324,,,,10.1002/jwmg.21589,,,,,,,Article,FEB 2019,2019,,,,,,,,,,9,0,0,0,8,0,9,,,,,,WOS:000455486900008,
J,"Slate, Dennis; Saidy, Brandi D.; Simmons, Ashlee; Nelson, Kathleen M.; Davis, Amy; Algeo, Timothy P.; Elmore, Stacey A.; Chipman, Richard B.",,,,,,,,Rabies Management Implications Based on Raccoon Population Density Indexes,,,,,,,,JOURNAL OF WILDLIFE MANAGEMENT,,,,84,5,,,877,890,,,,10.1002/jwmg.21869,,,,,,,Article,JUL 2020,2020,,,,,,,,,,3,0,0,0,2,0,3,,,,,,WOS:000537465000005,
J,"LaSharr, Tayler N. N.; Dwinnell, Samantha P. H.; Wagler, Brittany L. L.; Sawyer, Hall; Jakopak, Rhiannon P. P.; Ortega, Anna C. C.; Wilde, Luke R. R.; Kauffman, Matthew J. J.; Huggler, Katey S. S.; Burke, Patrick W. W.; Valdez, Miguel; Lionberger, Patrick; Brimeyer, Douglas G. G.; Scurlock, Brandon; Randall, Jill; Kaiser, Rusty C. C.; Thonhoff, Mark; Fralick, Gary L. L.; Monteith, Kevin L. L.",,,,,,,,"Evaluating risks associated with capture and handling of mule deer for individual-based, long-term research",,,,,,,,JOURNAL OF WILDLIFE MANAGEMENT,,,,87,1,,,,,,,,10.1002/jwmg.22333,,,,,NOV 2022,,Article,JAN 2023,2023,,,,,,,,,,0,0,0,0,0,0,0,,,,,,WOS:000892022000001,
J,"Henk, Makenzie; Hilson, Carrington; Bean, William T.; Barton, Daniel C.; Gunther, Micaela Szykman",,,,,,,,Noninvasive genetic sampling with a spatial capture-recapture analysis to estimate abundance of Roosevelt elk,,,,,,,,JOURNAL OF WILDLIFE MANAGEMENT,,,,86,7,,,,,e22294,,,10.1002/jwmg.22294,,,,,JUL 2022,,Article,SEP 2022,2022,,,,,,,,,,0,0,0,0,0,0,0,,,,,,WOS:000831046600001,
J,"Wagler, Brittany L.; Smiley, Rachel A.; Courtemanch, Alyson B.; Anderson, Gregory; Lutz, Daryl; McWhirter, Doug; Brimeyer, Doug; Hnilicka, Patrick; Massing, Cody P.; German, David W.; Stephenson, Thomas R.; Monteith, Kevin L.",,,,,,,,Effects of helicopter net-gunning on survival of bighorn sheep,,,,,,,,JOURNAL OF WILDLIFE MANAGEMENT,,,,86,3,,,,,,,,10.1002/jwmg.22181,,,,,JAN 2022,,Article,APR 2022,2022,,,,,,,,,,2,0,0,0,2,0,2,,,,,,WOS:000745925600001,
J,"Koitzsch, Ky B.; Anton, Colby B.; Koitzsch, Lisa O.; Tjepkes, Tessa L.; Schumann, Abby C.; Strasburg, Jared L.",,,,,,,,A noninvasive and integrative approach for improving density and abundance estimates of moose,,,,,,,,JOURNAL OF WILDLIFE MANAGEMENT,,,,86,4,,,,,e22200,,,10.1002/jwmg.22200,,,,,MAR 2022,,Article,MAY 2022,2022,,,,,,,,,,0,0,0,0,0,0,0,,,,,,WOS:000765871900001,
J,"Forsyth, David M.; Comte, Sebastien; Davis, Naomi E.; Bengsen, Andrew J.; Cote, Steeve D.; Hewitt, David G.; Morellet, Nicolas; Mysterud, Atle",,,,,,,,Methodology matters when estimating deer abundance: a global systematic review and recommendations for improvements,,,,,,,,JOURNAL OF WILDLIFE MANAGEMENT,,,,86,4,,,,,e22207,,,10.1002/jwmg.22207,,,,,MAR 2022,,Review,MAY 2022,2022,,,,,,,,,,4,0,0,0,1,0,5,,,,,,WOS:000772393700001,
J,"Batter, Thomas J.; Bush, Joshua P.; Sacks, Benjamin N.",,,,,,,,Robustness of fecal DNA spatial capture-recapture to clustered space-use by tule elk,,,,,,,,JOURNAL OF WILDLIFE MANAGEMENT,,,,86,7,,,,,e22290,,,10.1002/jwmg.22290,,,,,JUL 2022,,Article,SEP 2022,2022,,,,,,,,,,0,0,0,0,0,0,0,,,,,,WOS:000819555600001,
J,"Satter, Christopher B.; Augustine, Ben C.; Harmsen, Bart J.; Foster, Rebecca J.; Sanchez, Emma E.; Wultsch, Claudia; Davis, Miranda L.; Kelly, Marcella J.",,,,,,,,Long-term monitoring of ocelot densities in Belize,,,,,,,,JOURNAL OF WILDLIFE MANAGEMENT,,,,83,2,,,283,294,,,,10.1002/jwmg.21598,,,,,,,Article,FEB 2019,2019,,,,,,,,,,15,0,0,0,14,0,16,,,,,,WOS:000455486900005,
J,"Loonam, Kenneth E.; Ausband, David E.; Lukacs, Paul M.; Mitchell, Michael S.; Robinson, Hugh S.",,,,,,,,"Estimating Abundance of an Unmarked, Low-Density Species using Cameras",,,,,,,,JOURNAL OF WILDLIFE MANAGEMENT,,,,85,1,,,87,96,,,,10.1002/jwmg.21950,,,,,SEP 2020,,Article,JAN 2021,2021,,,,,,,,,,19,1,0,0,13,0,21,,,,,,WOS:000565381300001,
J,"Humm, Jacob; Clark, Joseph D.",,,,,,,,Estimates of Abundance and Harvest Rates of Female Black Bears Across a Large Spatial Extent,,,,,,,,JOURNAL OF WILDLIFE MANAGEMENT,,,,85,7,,,1321,1331,,,,10.1002/jwmg.22104,,,,,,,Article,SEP 2021,2021,,,,,,,,,,7,0,0,0,6,0,7,,,,,,WOS:000683502800005,
J,"Furnas, Brett J.; Landers, Russ H.; Paiste, Rhonda G.; Sacks, Benjamin N.",,,,,,,,Overabundance of Black-Tailed Deer in Urbanized Coastal California,,,,,,,,JOURNAL OF WILDLIFE MANAGEMENT,,,,84,5,,,979,988,,,,10.1002/jwmg.21849,,,,,,,Article,JUL 2020,2020,,,,,,,,,,4,0,0,0,4,0,4,,,,,,WOS:000537465000015,
J,"Mizel, Jeremy D.; Mcintyre, Carol L.; Lewis, Stephen B.; Lindberg, Mark S.; Schmidt, Joshua H.",,,,,,,,"A Multi-State, Time-Removal Model for Population Dynamics of Cliff-Nesting Raptors",,,,,,,,JOURNAL OF WILDLIFE MANAGEMENT,,,,82,8,,,1701,1710,,,,10.1002/jwmg.21526,,,,,,,Article,NOV 2018,2018,,,,,,,,,,2,0,0,0,2,0,2,,,,,,WOS:000448087300016,
J,"Lee, Derek E.",,,,,,,,Evaluating Conservation Effectiveness in a Tanzanian Community Wildlife Management Area,,,,,,,,JOURNAL OF WILDLIFE MANAGEMENT,,,,82,8,,,1767,1774,,,,10.1002/jwmg.21549,,,,,,,Article,NOV 2018,2018,,,,,,,,,,17,0,0,0,16,0,18,,,,,,WOS:000448087300022,
J,"Welfelt, Lindsay S.; Beausoleil, Richard A.; Wielgus, Robert B.",,,,,,,,Factors Associated with black bear density and implications for management,,,,,,,,JOURNAL OF WILDLIFE MANAGEMENT,,,,83,7,,,1527,1539,,,,10.1002/jwmg.21744,,,,,AUG 2019,,Article,SEP 2019,2019,,,,,,,,,,10,0,0,0,7,0,10,,,,,,WOS:000482595800001,
J,"Woodruff, Susannah P.; Eacker, Daniel R.; Waits, Lisette P.",,,,,,,,"Estimating Coyote Densities with Local, Discrete Bayesian Capture-Recapture Models",,,,,,,,JOURNAL OF WILDLIFE MANAGEMENT,,,,85,1,,,73,86,,,,10.1002/jwmg.21967,,,,,OCT 2020,,Article,JAN 2021,2021,,,,,,,,,,2,0,0,0,1,0,2,,,,,,WOS:000583508000001,
J,"Terhune, Theron M., II; Palmer, William E.; Wellendorf, Shane D.",,,,,,,,Northern Bobwhite Chick Survival and Effects of Weather,,,,,,,,JOURNAL OF WILDLIFE MANAGEMENT,,,,83,4,,,963,974,,,,10.1002/jwmg.21655,,,,,,,Article,MAY 2019,2019,,,,,,,,,,12,0,0,0,13,0,13,,,,,,WOS:000470930700021,
J,"van Harten, Emmi; Lentini, Pia E.; Eastick, Danielle L.; Bender, Robert; Lumsden, Lindy F.; Visintin, Casey; Griffiths, Stephen R.",,,,,,,,Low Rates of PIT-Tag Loss in an Insectivorous Bat Species,,,,,,,,JOURNAL OF WILDLIFE MANAGEMENT,,,,85,8,,,1739,1743,,,,10.1002/jwmg.22114,,,,,AUG 2021,,Article,NOV 2021,2021,,,,,,,,,,2,0,0,0,2,0,2,,,,,,WOS:000688190200001,
J,"Schmidt, Joshua H.; Reynolds, Joel H.; Rattenbury, Kumi L.; Phillips, Laura M.; White, Kevin S.; Schertz, Dylan; Morton, John M.; Kim, H. Sharon",,,,,,,,Integrating distance sampling with minimum counts to improve monitoring,,,,,,,,JOURNAL OF WILDLIFE MANAGEMENT,,,,83,6,,,1454,1465,,,,10.1002/jwmg.21691,,,,,,,Article,AUG 2019,2019,,,,,,,,,,5,0,0,0,5,0,5,,,,,,WOS:000478910600017,
J,"Deane, Cody E.; Rotella, Jay J.; Warren, Jeffrey M.; Garrott, Robert A.; Koons, David N.",,,,,,,,Nasal Discs and the Vital Rates of Lesser Scaup,,,,,,,,JOURNAL OF WILDLIFE MANAGEMENT,,,,85,4,,,723,739,,,,10.1002/jwmg.22025,,,,,MAR 2021,,Article,MAY 2021,2021,,,,,,,,,,0,0,0,0,0,0,0,,,,,,WOS:000625382300001,
J,"Roe, Maria T.; Anadon, Jose D.; Burke, Russell L.",,,,,,,,Survival rates of two nesting aggregations of diamondback terrapins at neighboring sites in New York City,,,,,,,,JOURNAL OF WILDLIFE MANAGEMENT,,,,86,6,,,,,e22257,,,10.1002/jwmg.22257,,,,,JUN 2022,,Article,AUG 2022,2022,,,,,,,,,,0,0,0,0,0,0,0,,,,,,WOS:000811078400001,
J,"Ramsey, David S. L.; Forsyth, David M.; Perry, Mike; Thomas, Pete; McKay, Meredith; Wright, Elaine F.",,,,,,,,Using helicopter counts to estimate the abundance of Himalayan tahr in New Zealand's Southern Alps,,,,,,,,JOURNAL OF WILDLIFE MANAGEMENT,,,,86,6,,,,,e22252,,,10.1002/jwmg.22252,,,,,MAY 2022,,Article,AUG 2022,2022,,,,,,,,,,0,0,0,0,0,0,0,,,,,,WOS:000799029800001,
J,"McCaffery, Rebecca; Russell, Robin E.; Hossack, Blake R.",,,,,,,,Enigmatic Near-Extirpation in a Boreal Toad Metapopulation in Northwestern Montana,,,,,,,,JOURNAL OF WILDLIFE MANAGEMENT,,,,85,5,,,953,963,,,,10.1002/jwmg.22054,,,,,MAY 2021,,Article,JUL 2021,2021,,,,,,,,,,3,0,0,0,3,0,3,,,,,,WOS:000647051100001,
J,"Gould, Matthew J.; Cain, James W., III; Roemer, Gary W.; Gould, William R.; Liley, Stewart G.",,,,,,,,Density of American black bears in New Mexico,,,,,,,,JOURNAL OF WILDLIFE MANAGEMENT,,,,82,4,,,775,788,,,,10.1002/jwmg.21432,,,,,,,Article,MAY 2018,2018,,,,,,,,,,10,0,0,0,9,0,10,,,,,,WOS:000430691200011,
J,"Hileman, Eric T.; King, Richard B.; Faust, Lisa J.",,,,,,,,Eastern massasauga demography and extinction risk under prescribed-fire scenarios,,,,,,,,JOURNAL OF WILDLIFE MANAGEMENT,,,,82,5,,,977,990,,,,10.1002/jwmg.21457,,,,,,,Article,JUL 2018,2018,,,,,,,,,,8,0,0,0,6,0,8,,,,,,WOS:000435816100012,
J,"Dziminski, Martin A.; Carpenter, Fiona M.; Morris, Frank",,,,,,,,Monitoring the Abundance of Wild and Reintroduced Bilby Populations,,,,,,,,JOURNAL OF WILDLIFE MANAGEMENT,,,,85,2,,,240,253,,,,10.1002/jwmg.21981,,,,,DEC 2020,,Article,FEB 2021,2021,,,,,,,,,,5,0,0,0,2,0,5,,,,,,WOS:000594478500001,
J,"Hinojo, Amael; Christe, Philippe; Moreno, Ines; Hofmeister, Robin J.; Dandliker, Gottlieb; Zimmermann, Fridolin",,,,,,,,Estimating roe deer density using motion-sensitive cameras in Switzerland,,,,,,,,JOURNAL OF WILDLIFE MANAGEMENT,,,,86,8,,,,,e22307,,,10.1002/jwmg.22307,,,,,SEP 2022,,Article,NOV 2022,2022,,,,,,,,,,0,0,0,0,0,0,0,,,,,,WOS:000849040800001,
J,"Schmidt, Joshua H.; Reynolds, Joel H.; White, Kevin S.; Schertz, Dylan T.; Morton, John M.; Kim, H. Sharon",,,,,,,,Integrating Distance Sampling and Minimum Count Data: A Reply to Becker and Herreman,,,,,,,,JOURNAL OF WILDLIFE MANAGEMENT,,,,85,3,,,411,417,,,,10.1002/jwmg.22021,,,,,FEB 2021,,Letter,APR 2021,2021,,,,,,,,,,1,0,0,0,1,0,1,,,,,,WOS:000620288400001,
J,"Major, Heather L.; Buxton, Rachel T.; Schacter, Carley R.; Conners, Melinda G.; Jones, Ian L.",,,,,,,,Habitat modification experiment failed to find evidence for crested auklet population enhancement: A response to Divoky,,,,,,,,JOURNAL OF WILDLIFE MANAGEMENT,,,,82,6,,,1096,1101,,,,10.1002/jwmg.21536,,,,,,,Letter,AUG 2018,2018,,,,,,,,,,1,0,0,0,1,0,1,,,,,,WOS:000439878200003,
J,"Roberts, Anthony J.; Royle, J. Andrew; Padding, Paul, I; Devers, Patrick K.; Lepage, Christine; Bordage, Daniel",,,,,,,,Occupancy Patterns of Breeding American Black Ducks,,,,,,,,JOURNAL OF WILDLIFE MANAGEMENT,,,,84,1,,,150,160,,,,10.1002/jwmg.21775,,,,,OCT 2019,,Article,JAN 2020,2020,,,,,,,,,,1,0,0,0,1,0,1,,,,,,WOS:000493042400001,
J,"Mowat, Garth; Clevenger, Anthony P.; Kortello, Andrea D.; Hausleitner, Doris; Barrueto, Mirjam; Smit, Laura; Lamb, Clayton; Dorsey, Benjamin; Ott, Peter K.",,,,,,,,The Sustainability of Wolverine Trapping Mortality in Southern Canada,,,,,,,,JOURNAL OF WILDLIFE MANAGEMENT,,,,84,2,,,213,226,,,,10.1002/jwmg.21787,,,,,NOV 2019,,Article,FEB 2020,2020,,,,,,,,,,7,0,0,0,6,0,7,,,,,,WOS:000497628900001,
J,"Alston, Joshua D.; Clark, Joseph D.; Gibbs, Daniel B.; Hast, John",,,,,,,,"Density, harvest rates, and growth of a reintroduced American black bear population",,,,,,,,JOURNAL OF WILDLIFE MANAGEMENT,,,,86,8,,,,,e22298,,,10.1002/jwmg.22298,,,,,AUG 2022,,Article,NOV 2022,2022,,,,,,,,,,0,0,0,0,0,0,0,,,,,,WOS:000836002400001,
J,"Poley, Lucy G.; Magoun, Audrey J.; Robards, Martin D.; Klimstra, Ryan L.",,,,,,,,"Distribution and occupancy of wolverines on tundra, northwestern Alaska",,,,,,,,JOURNAL OF WILDLIFE MANAGEMENT,,,,82,5,,,991,1002,,,,10.1002/jwmg.21439,,,,,,,Article,JUL 2018,2018,,,,,,,,,,3,0,0,0,4,0,4,,,,,,WOS:000435816100013,
J,"Becker, Earl F.; Herreman, Jason K.",,,,,,,,Comments on Integrating Distance Sampling and Minimum Count Data (Schmidt et al. 2019),,,,,,,,JOURNAL OF WILDLIFE MANAGEMENT,,,,85,3,,,407,410,,,,10.1002/jwmg.22018,,,,,FEB 2021,,Letter,APR 2021,2021,,,,,,,,,,2,0,0,0,2,0,2,,,,,,WOS:000620286300001,
J,"Bertassoni, Alessandra; Bianchi, Rita de cassia; Desbiez, Arnaud Leonard Jean",,,,,,,,Giant Anteater Population Density Estimation and Viability Analysis Through Motion-Sensitive Camera Records,,,,,,,,JOURNAL OF WILDLIFE MANAGEMENT,,,,85,8,,,1554,1562,,,,10.1002/jwmg.22123,,,,,AUG 2021,,Article,NOV 2021,2021,,,,,,,,,,0,0,0,0,0,0,0,,,,,,WOS:000688188800001,
J,"Hooker, Michael J.; Chandler, Richard B.; Bond, Bobby T.; Chamberlain, Michael J.",,,,,,,,Assessing Population Viability of Black Bears using Spatial Capture-Recapture Models,,,,,,,,JOURNAL OF WILDLIFE MANAGEMENT,,,,84,6,,,1100,1113,,,,10.1002/jwmg.21887,,,,,MAY 2020,,Article,AUG 2020,2020,,,,,,,,,,7,0,0,0,7,1,8,,,,,,WOS:000535438500001,
J,"Krohner, Jessica M.; Lukacs, Paul M.; Inman, Robert; Sauder, Joel D.; Gude, Justin A.; Mosby, Cory; Coltrane, Jessica A.; Mowry, Rebecca A.; Millspaugh, Joshua J.",,,,,,,,Finding fishers: determining fisher occupancy in the Northern Rocky Mountains,,,,,,,,JOURNAL OF WILDLIFE MANAGEMENT,,,,86,2,,,,,,,,10.1002/jwmg.22162,,,,,JAN 2022,,Article,FEB 2022,2022,,,,,,,,,,0,0,0,0,0,0,0,,,,,,WOS:000741052000001,
J,"Stauffer, Glenn E.; Roberts, Nathan M.; Macfarland, David M.; Van Deelen, Timothy R.",,,,,,,,Scaling Occupancy Estimates up to Abundance for Wolves,,,,,,,,JOURNAL OF WILDLIFE MANAGEMENT,,,,85,7,,,1410,1422,,,,10.1002/jwmg.22105,,,,,JUL 2021,,Article,SEP 2021,2021,,,,,,,,,,4,0,0,0,2,0,4,,,,,,WOS:000678224500001,
J,"Stratmann, Theresa S. M.; Floyd, Thomas M.; Barrett, Kyle",,,,,,,,Habitat and History Influence Abundance of Bog Turtles,,,,,,,,JOURNAL OF WILDLIFE MANAGEMENT,,,,84,2,,,331,343,,,,10.1002/jwmg.21793,,,,,NOV 2019,,Article,FEB 2020,2020,,,,,,,,,,3,0,0,0,3,0,3,,,,,,WOS:000498679700001,
J,"Shyvers, Jessica E.; Walker, Brett L.; Noon, Barry R.",,,,,,,,Dual-Frame Lek Surveys for Estimating Greater Sage-Grouse Populations,,,,,,,,JOURNAL OF WILDLIFE MANAGEMENT,,,,82,8,,,1689,1700,,,,10.1002/jwmg.21540,,,,,,,Article,NOV 2018,2018,,,,,,,,,,6,0,0,0,5,0,6,,,,,,WOS:000448087300015,
J,"Lyons, James E.; Winn, Bradford; Keyes, Timothy; Kalasz, Kevin S.",,,,,,,,Post-Breeding Migration and Connectivity of Red Knots in the Western Atlantic,,,,,,,,JOURNAL OF WILDLIFE MANAGEMENT,,,,82,2,,,383,396,,,,10.1002/jwmg.21389,,,,,,,Article,FEB 2018,2018,,,,,,,,,,8,0,0,0,7,0,8,,,,,,WOS:000423417700015,
J,"Mitchell, Blake J.; Terry, Catrina V.; Ringelman, Kevin M.; Kemink, Kaylan M.; Anteau, Michael J.; Janke, Adam K.",,,,,,,,Wetland occupancy by duck broods in cropland-dominated landscapes of the United States Prairie Pothole Region,,,,,,,,JOURNAL OF WILDLIFE MANAGEMENT,,,,,,,,,,,,,10.1002/jwmg.22347,,,,,DEC 2022,,Article; Early Access,,2022,,,,,,,,,,0,0,0,0,0,0,0,,,,,,WOS:000899929400001,
J,"Santostasi, Nina L.; Gimenez, Olivier; Caniglia, Romolo; Fabbri, Elena; Molinari, Luigi; Reggioni, Willy; Ciucci, Paolo",,,,,,,,Estimating Admixture at the Population Scale: Taking Imperfect Detectability and Uncertainty in Hybrid Classification Seriously,,,,,,,,JOURNAL OF WILDLIFE MANAGEMENT,,,,85,5,,,1031,1046,,,,10.1002/jwmg.22038,,,,,APR 2021,,Article,JUL 2021,2021,,,,,,,,,,3,0,0,0,3,0,3,,,,,,WOS:000635646600001,
J,"Holland, Angela M.; Schauber, Eric M.; Nielsen, Clayton K.; Hellgren, Eric C.",,,,,,,,River otter and mink occupancy dynamics in riparian systems,,,,,,,,JOURNAL OF WILDLIFE MANAGEMENT,,,,83,7,,,1552,1564,,,,10.1002/jwmg.21745,,,,,AUG 2019,,Article,SEP 2019,2019,,,,,,,,,,4,0,0,0,4,0,4,,,,,,WOS:000480506900001,
J,"Forsyth, David M.; Ramsey, David S. L.; Woodford, Luke P.",,,,,,,,"Estimating abundances, densities, and interspecific associations in a carnivore community",,,,,,,,JOURNAL OF WILDLIFE MANAGEMENT,,,,83,5,,,1090,1102,,,,10.1002/jwmg.21675,,,,,,,Article,JUL 2019,2019,,,,,,,,,,13,1,0,0,13,0,15,,,,,,WOS:000475668700008,
J,"Williamson, Lacey T.; Walter, W. David; Klinger, Scott R.; Diefenbach, Duane R.",,,,,,,,Incorporating Detection Probability to Estimate Pheasant Density,,,,,,,,JOURNAL OF WILDLIFE MANAGEMENT,,,,82,8,,,1680,1688,,,,10.1002/jwmg.21545,,,,,,,Article,NOV 2018,2018,,,,,,,,,,0,0,0,0,0,0,0,,,,,,WOS:000448087300014,
J,"Perkins-Taylor, Ian E.; Frey, Jennifer K.",,,,,,,,Ecological factors associated with site occupancy of an endemic chipmunk,,,,,,,,JOURNAL OF WILDLIFE MANAGEMENT,,,,82,7,,,1466,1477,,,,10.1002/jwmg.21506,,,,,,,Article,SEP 2018,2018,,,,,,,,,,5,0,0,0,5,0,5,,,,,,WOS:000442501700014,
J,"Schmidt, Joshua H.; Robison, Hillary L.",,,,,,,,Using Distance Sampling-Based Integrated Population Models to Identify Key Demographic Parameters,,,,,,,,JOURNAL OF WILDLIFE MANAGEMENT,,,,84,2,,,372,381,,,,10.1002/jwmg.21805,,,,,DEC 2019,,Article,FEB 2020,2020,,,,,,,,,,3,0,0,0,3,0,3,,,,,,WOS:000502066300001,
J,"Van Dyke, Fred; Harju, Seth; Hindy, Michael; Cannata, Natalie; Schmidt, Emily; Hillman, Erin; Sargent, Alyssa; Keas, Brian",,,,,,,,"Comparative detection, density, and reproductive performance of Kirtland's warbler in jack and red pine",,,,,,,,JOURNAL OF WILDLIFE MANAGEMENT,,,,86,5,,,,,e22233,,,10.1002/jwmg.22233,,,,,APR 2022,,Article,JUL 2022,2022,,,,,,,,,,1,0,0,0,0,0,1,,,,,,WOS:000782442400001,
J,"Froehly, Jennifer L.; Tegeler, Amy K.; Jachowski, Catherine M. Bodinof; Jachowski, David S.",,,,,,,,Effects of scale and land cover on loggerhead shrike occupancy,,,,,,,,JOURNAL OF WILDLIFE MANAGEMENT,,,,83,2,,,426,434,,,,10.1002/jwmg.21587,,,,,,,Article,FEB 2019,2019,,,,,,,,,,6,0,0,0,6,0,7,,,,,,WOS:000455486900017,
J,"King, Travis W.; Vynne, Carly; Miller, David; Fisher, Scott; Fitkin, Scott; Rohrer, John; Ransom, Jason I.; Thornton, Daniel",,,,,,,,Will Lynx Lose Their Edge? Canada Lynx Occupancy in Washington,,,,,,,,JOURNAL OF WILDLIFE MANAGEMENT,,,,84,4,,,705,725,,,,10.1002/jwmg.21846,,,,,MAR 2020,,Article,MAY 2020,2020,,,,,,,,,,8,0,0,0,7,0,8,,,,,,WOS:000517614100001,
J,"Camp, Richard J.; Asing, Chauncey K.; Banko, Paul C.; Berry, Lainie; Brinck, Kevin W.; Farmer, Chris; Genz, Ayesha S.",,,,,,,,Density surface and excursion sets modeling as an approach to estimating population densities,,,,,,,,JOURNAL OF WILDLIFE MANAGEMENT,,,,,,,,,,,,,10.1002/jwmg.22332,,,,,NOV 2022,,Article; Early Access,,2022,,,,,,,,,,0,0,0,0,0,0,0,,,,,,WOS:000878715800001,
J,"Green, Adam W.; Sofaer, Helen R.; Otis, David L.; van Lanen, Nicholas J.",,,,,,,,Co-Occurrence and Occupancy of Mourning Doves and Eurasian Collared-Doves,,,,,,,,JOURNAL OF WILDLIFE MANAGEMENT,,,,84,4,,,775,785,,,,10.1002/jwmg.21835,,,,,FEB 2020,,Article,MAY 2020,2020,,,,,,,,,,2,0,0,0,1,2,4,,,,,,WOS:000511447100001,
J,"Clark, Joseph D.; O'Connell-Goode, Kaitlin C.; Lowe, Carrie L.; Murphy, Sean M.; Maehr, Sutton C.; Davidson, Maria; Laufenberg, Jared S.",,,,,,,,No flood effect on recruitment in a Louisiana black bear population,,,,,,,,JOURNAL OF WILDLIFE MANAGEMENT,,,,82,3,,,566,572,,,,10.1002/jwmg.21399,,,,,,,Article,APR 2018,2018,,,,,,,,,,1,0,0,0,1,0,1,,,,,,WOS:000427600900009,
J,"Oyster, Jared H.; Keren, Ilai N.; Hansen, Sara J. K.; Harris, Richard B.",,,,,,,,Hierarchical Mark-Recapture Distance Sampling to Estimate Moose Abundance,,,,,,,,JOURNAL OF WILDLIFE MANAGEMENT,,,,82,8,,,1668,1679,,,,10.1002/jwmg.21541,,,,,,,Article,NOV 2018,2018,,,,,,,,,,11,0,0,0,12,0,13,,,,,,WOS:000448087300013,
J,"Johnson, Charles B.; Wildman, Ann M.; Prichard, Alexander K.; Rea, Caryn L.",,,,,,,,Territory occupancy by breeding yellow-billed loons near oil development,,,,,,,,JOURNAL OF WILDLIFE MANAGEMENT,,,,83,2,,,410,425,,,,10.1002/jwmg.21592,,,,,,,Article,FEB 2019,2019,,,,,,,,,,3,0,0,0,3,0,3,,,,,,WOS:000455486900016,
J,"Rich, Lindsey N.; Beissinger, Steven R.; Brashares, Justin S.; Furnas, Brett J.",,,,,,,,Artificial water catchments influence wildlife distribution in the Mojave Desert,,,,,,,,JOURNAL OF WILDLIFE MANAGEMENT,,,,83,4,,,855,865,,,,10.1002/jwmg.21654,,,,,,,Article,MAY 2019,2019,,,,,,,,,,12,0,0,0,11,1,13,,,,,,WOS:000470930700012,
J,"Epps, Clinton W.; Petro, Vanessa M.; Creech, Tyler G.; Crowhurst, Rachel S.; Weldy, Matthew J.; Taylor, Jimmy D.",,,,,,,,Landscape Genetics of American Beaver in Coastal Oregon,,,,,,,,JOURNAL OF WILDLIFE MANAGEMENT,,,,85,7,,,1462,1475,,,,10.1002/jwmg.22102,,,,,JUL 2021,,Article,SEP 2021,2021,,,,,,,,,,0,0,0,0,0,0,0,,,,,,WOS:000678223800001,
J,"Crosby, Andrew D.; Porter, William F.",,,,,,,,"A spatially explicit, multi-scale occupancy model for large-scale population monitoring",,,,,,,,JOURNAL OF WILDLIFE MANAGEMENT,,,,82,6,,,1300,1310,,,,10.1002/jwmg.21466,,,,,,,Article,AUG 2018,2018,,,,,,,,,,3,0,0,0,3,0,3,,,,,,WOS:000439878200021,
J,"Lukacs, Paul M.; Mack, Diane Evans; Inman, Robert; Gude, Justin A.; Ivan, Jacob S.; Lanka, Robert P.; Lewis, Jeffrey C.; Long, Robert A.; Sallabanks, Rex; Walker, Zack; Courville, Stacy; Jackson, Scott; Kahn, Rick; Schwartz, Michael K.; Torbit, Stephen C.; Waller, John S.; Carroll, Kathleen",,,,,,,,"Wolverine Occupancy, Spatial Distribution, and Monitoring Design",,,,,,,,JOURNAL OF WILDLIFE MANAGEMENT,,,,84,5,,,841,851,,,,10.1002/jwmg.21856,,,,,,,Article,JUL 2020,2020,,,,,,,,,,10,0,0,0,9,0,10,,,,,,WOS:000537465000002,
J,"McKee, Rebecca K.; Buhlmann, Kurt A.; Moore, Clinton T.; Hepinstall-Cymerman, Jeffrey; Tuberville, Tracey D.",,,,,,,,Waif Gopher Tortoise Survival and Site Fidelity Following Translocation,,,,,,,,JOURNAL OF WILDLIFE MANAGEMENT,,,,85,4,,,640,653,,,,10.1002/jwmg.21998,,,,,FEB 2021,,Article,MAY 2021,2021,,,,,,,,,,3,0,0,0,3,0,3,,,,,,WOS:000613353900001,
J,"Wait, Kyle R.; Ricketts, Andrew M.; Ahlers, Adam A.",,,,,,,,Land-use change structures carnivore communities in remaining tallgrass prairie,,,,,,,,JOURNAL OF WILDLIFE MANAGEMENT,,,,82,7,,,1491,1502,,,,10.1002/jwmg.21492,,,,,,,Article,SEP 2018,2018,,,,,,,,,,12,0,0,0,9,0,12,,,,,,WOS:000442501700016,
J,"Hinton, Joseph W.; Wheat, Rachel E.; Schuette, Paul; Hurst, Jeremy E.; Kramer, David W.; Stickles, James H.; Frair, Jacqueline L.",,,,,,,,Challenges and opportunities for estimating abundance of a low-density moose population,,,,,,,,JOURNAL OF WILDLIFE MANAGEMENT,,,,86,4,,,,,e22213,,,10.1002/jwmg.22213,,,,,MAR 2022,,Article,MAY 2022,2022,,,,,,,,,,0,0,0,0,0,0,0,,,,,,WOS:000776223000001,
J,"Keehn, Jade E.; Shoemaker, Kevin T.; Feldman, Chris R.",,,,,,,,Population-level effects of wind farms on a desert lizard,,,,,,,,JOURNAL OF WILDLIFE MANAGEMENT,,,,83,1,,,145,157,,,,10.1002/jwmg.21565,,,,,,,Article,JAN 2019,2019,,,,,,,,,,5,0,0,0,5,0,5,,,,,,WOS:000453729100017,
J,"Sedinger, James S.; Riecke, Thomas V.; Leach, Alan G.; Ward, David H.",,,,,,,,The black brant population is declining based on mark recapture,,,,,,,,JOURNAL OF WILDLIFE MANAGEMENT,,,,83,3,,,627,637,,,,10.1002/jwmg.21620,,,,,,,Article,APR 2019,2019,,,,,,,,,,11,0,0,0,9,0,11,,,,,,WOS:000461892800012,
J,"Bassing, Sarah B.; Ausband, David E.; Mitchell, Michael S.; Lukacs, Paul; Keever, Allison; Hale, Greg; Waits, Lisette",,,,,,,,Stable pack abundance and distribution in a harvested wolf population,,,,,,,,JOURNAL OF WILDLIFE MANAGEMENT,,,,83,3,,,577,590,,,,10.1002/jwmg.21616,,,,,,,Article,APR 2019,2019,,,,,,,,,,5,1,0,0,2,0,5,,,,,,WOS:000461892800008,
J,"Bader, Jordan C.; Van Helden, Bronte E.; Close, Paul G.; Speldewinde, Peter C.; Comer, Sarah J.",,,,,,,,Sheoak woodlands: a newly identified habitat for western ringtail possums,,,,,,,,JOURNAL OF WILDLIFE MANAGEMENT,,,,83,5,,,1254,1260,,,,10.1002/jwmg.21686,,,,,,,Article,JUL 2019,2019,,,,,,,,,,9,0,0,0,8,0,9,,,,,,WOS:000475668700022,
J,"Barker, Rachel E.; Apa, Anthony D.; Lutz, R. Scott",,,,,,,,Survival of Columbian sharp-tailed grouse chicks and juveniles in northwestern Colorado,,,,,,,,JOURNAL OF WILDLIFE MANAGEMENT,,,,86,8,,,,,e22310,,,10.1002/jwmg.22310,,,,,SEP 2022,,Article,NOV 2022,2022,,,,,,,,,,1,0,0,0,1,0,1,,,,,,WOS:000850483100001,
J,"Gaya, Heather E.; Smith, Lora L.; Moore, Clinton T.",,,,,,,,Accounting for spatial heterogeneity in visual obstruction in line-transect distance sampling of gopher tortoises,,,,,,,,JOURNAL OF WILDLIFE MANAGEMENT,,,,,,,,,,,,,10.1002/jwmg.22338,,,,,NOV 2022,,Article; Early Access,,2022,,,,,,,,,,0,0,0,0,0,0,0,,,,,,WOS:000888485800001,
J,"Happe, Patricia J.; Jenkins, Kurt J.; Mccaffery, Rebecca M.; Lewis, Jeffrey C.; Pilgrim, Kristine L.; Schwartz, Michael K.",,,,,,,,Occupancy Patterns in a Reintroduced Fisher Population during Reestablishment,,,,,,,,JOURNAL OF WILDLIFE MANAGEMENT,,,,84,2,,,344,358,,,,10.1002/jwmg.21788,,,,,NOV 2019,,Article,FEB 2020,2020,,,,,,,,,,6,0,0,0,6,0,6,,,,,,WOS:000497232500001,
J,"Tempel, Douglas J.; Kramer, H. Anu; Jones, Gavin M.; Gutierrez, R. J.; Sawyer, Sarah C.; Koltunov, Alexander; Slaton, Michele; Tanner, Richard; Hobart, Brendan K.; Peery, M. Zachariah",,,,,,,,Population decline in California spotted owls near their southern range boundary,,,,,,,,JOURNAL OF WILDLIFE MANAGEMENT,,,,86,2,,,,,,,,10.1002/jwmg.22168,,,,,JAN 2022,,Article,FEB 2022,2022,,,,,,,,,,1,0,0,0,1,0,1,,,,,,WOS:000741051500001,
J,"Hewitt, Matthew O.; Karelus, Dana L.; Harveson, Louis A.; Martin, Russell L.; Harveson, Patricia Moody",,,,,,,,"Modeling habitat use and potential distribution of kit fox in the Trans-Pecos, Texas",,,,,,,,JOURNAL OF WILDLIFE MANAGEMENT,,,,86,8,,,,,e22303,,,10.1002/jwmg.22303,,,,,AUG 2022,,Article,NOV 2022,2022,,,,,,,,,,0,0,0,0,0,0,0,,,,,,WOS:000843386700001,
J,"Eng, Robin Y. Y.; Jachowski, David S.",,,,,,,,Evaluating detection and occupancy probabilities of eastern spotted skunks,,,,,,,,JOURNAL OF WILDLIFE MANAGEMENT,,,,83,5,,,1244,1253,,,,10.1002/jwmg.21684,,,,,,,Article,JUL 2019,2019,,,,,,,,,,23,0,0,0,22,0,23,,,,,,WOS:000475668700021,
J,"Stantial, Michelle L.; Cohen, Jonathan B.; Darrah, Abigail J.; Farrell, Shannon; Maslo, Brooke",,,,,,,,Red Fox Use of Landscapes with Nesting Shorebirds,,,,,,,,JOURNAL OF WILDLIFE MANAGEMENT,,,,84,8,,,1536,1547,,,,10.1002/jwmg.21949,,,,,SEP 2020,,Article,NOV 2020,2020,,,,,,,,,,2,0,0,0,2,0,2,,,,,,WOS:000564405700001,
J,"Edworthy, Amanda B.; Trzcinski, M. Kurtis; Cockle, Kristina L.; Wiebe, Karen L.; Martin, Kathy",,,,,,,,Tree cavity occupancy by nesting vertebrates across cavity age,,,,,,,,JOURNAL OF WILDLIFE MANAGEMENT,,,,82,3,,,639,648,,,,10.1002/jwmg.21398,,,,,,,Article,APR 2018,2018,,,,,,,,,,22,0,0,0,22,0,22,,,,,,WOS:000427600900016,
J,"Amat, Clara Casabona, I; Adde, Antoine; Mazerolle, Marc J.; Lepage, Christine; Darveau, Marcel",,,,,,,,Breeding expansion of sandhill cranes in Quebec,,,,,,,,JOURNAL OF WILDLIFE MANAGEMENT,,,,86,3,,,,,,,,10.1002/jwmg.22169,,,,,JAN 2022,,Article,APR 2022,2022,,,,,,,,,,0,0,0,0,0,0,0,,,,,,WOS:000741051900001,
J,"Black, Kathleen M.; Preckler-Quisquater, Sophie; Batter, Tom J.; Anderson, Stacy; Sacks, Benjamin N.",,,,,,,,"Occupancy, habitat, and abundance of the Sacramento Valley red fox",,,,,,,,JOURNAL OF WILDLIFE MANAGEMENT,,,,83,1,,,158,166,,,,10.1002/jwmg.21556,,,,,,,Article,JAN 2019,2019,,,,,,,,,,2,0,0,0,2,0,2,,,,,,WOS:000453729100018,
J,"Schmidt, Joshua H.; Wilson, Tammy L.; Thompson, William L.; Mangipane, Buck A.",,,,,,,,Integrating distance sampling survey data with population indices to separate trends in abundance and temporary immigration,,,,,,,,JOURNAL OF WILDLIFE MANAGEMENT,,,,86,3,,,,,,,,10.1002/jwmg.22185,,,,,JAN 2022,,Article,APR 2022,2022,,,,,,,,,,1,0,0,0,1,0,1,,,,,,WOS:000744045500001,
J,"Weldy, Matthew J.; Epps, Clinton W.; Lesmeister, Damon B.; Manning, Tom; Linnell, Mark A.; Forsman, Eric D.",,,,,,,,Abundance and ecological associations of small mammals,,,,,,,,JOURNAL OF WILDLIFE MANAGEMENT,,,,83,4,,,902,915,,,,10.1002/jwmg.21641,,,,,,,Article,MAY 2019,2019,,,,,,,,,,10,0,0,0,10,0,10,,,,,,WOS:000470930700016,
J,"Morrison, Jacqueline; Omengo, Fred; Jones, Martin; Symeonakis, Elias; Walker, Susan L.; Cain, Bradley",,,,,,,,"Estimating elephant density using motion-sensitive cameras: challenges, opportunities, and parameters for consideration",,,,,,,,JOURNAL OF WILDLIFE MANAGEMENT,,,,86,4,,,,,e22203,,,10.1002/jwmg.22203,,,,,MAR 2022,,Article,MAY 2022,2022,,,,,,,,,,0,0,0,0,0,0,0,,,,,,WOS:000768333400001,
J,"Cook, Jonathan D.; Williams, David M.; Porter, William F.; Christensen, Sonja A.",,,,,,,,Improved predictions and forecasts of chronic wasting disease occurrence using multiple mechanism dynamic occupancy modeling,,,,,,,,JOURNAL OF WILDLIFE MANAGEMENT,,,,86,7,,,,,e22296,,,10.1002/jwmg.22296,,,,,AUG 2022,,Article,SEP 2022,2022,,,,,,,,,,0,0,0,0,0,0,0,,,,,,WOS:000835014000001,
J,"Ragan, Kinley; Schipper, Jan; Bateman, Heather L.; Hall, Sharon J.",,,,,,,,"Mammal use of riparian corridors in semi-arid Sonora, Mexico",,,,,,,,JOURNAL OF WILDLIFE MANAGEMENT,,,,87,1,,,,,,,,10.1002/jwmg.22322,,,,,OCT 2022,,Article,JAN 2023,2023,,,,,,,,,,0,0,0,0,0,0,0,,,,,,WOS:000869604200001,
J,"Watson, James W.; Hayes, Gerald E.; Keren, Ilai N.; Owens, Thomas E.",,,,,,,,Evidence for Depressed Reproduction of Golden Eagles in Washington,,,,,,,,JOURNAL OF WILDLIFE MANAGEMENT,,,,84,5,,,1002,1011,,,,10.1002/jwmg.21860,,,,,,,Article,JUL 2020,2020,,,,,,,,,,3,0,0,0,3,0,3,,,,,,WOS:000537465000017,
J,"Royal, Ethan J.; Greene, Daniel U.; Miller, Darren A.; Willson, John D.",,,,,,,,Influence of landscape and vegetation characteristics on herpetofaunal assemblages in Gulf Coastal Plain pine forests,,,,,,,,JOURNAL OF WILDLIFE MANAGEMENT,,,,86,3,,,,,e22199,,,10.1002/jwmg.22199,,,,,FEB 2022,,Article,APR 2022,2022,,,,,,,,,,0,0,0,0,0,0,0,,,,,,WOS:000759207600001,
J,"Edmunds, David R.; Albeke, Shannon E.; Grogan, Ronald G.; Lindzey, Frederick G.; Legg, David E.; Cook, Walter E.; Schumaker, Brant A.; Kreeger, Terry J.; Cornish, Todd E.",,,,,,,,Chronic wasting disease influences activity and behavior in white-tailed deer,,,,,,,,JOURNAL OF WILDLIFE MANAGEMENT,,,,82,1,SI,,138,154,,,,10.1002/jwmg.21341,,,,,,,Article,JAN 2018,2018,,,,,,,,,,13,0,0,0,11,0,13,,,,,,WOS:000417629600014,
J,"Yeiser, John M.; Howell, Paige E.; Wann, Gregory T.; Martin, James A.",,,,,,,,Addressing Temporal Variability in Bird Calling with Design and Estimation: A Northern Bobwhite Example,,,,,,,,JOURNAL OF WILDLIFE MANAGEMENT,,,,85,1,,,41,49,,,,10.1002/jwmg.21970,,,,,NOV 2020,,Article,JAN 2021,2021,,,,,,,,,,0,0,0,0,0,0,0,,,,,,WOS:000583195700001,
J,"Greco, Ilaria; Oberosler, Valentina; Monti, Ibra Edoardo; Augugliaro, Claudio; Barashkova, Anna; Rovero, Francesco",,,,,,,,Spatio-temporal occurrence and sensitivity to livestock husbandry of Pallas's cat in the Mongolian Altai,,,,,,,,JOURNAL OF WILDLIFE MANAGEMENT,,,,86,1,,,,,,,,10.1002/jwmg.22150,,,,,DEC 2021,,Article,JAN 2022,2022,,,,,,,,,,1,0,0,0,1,0,1,,,,,,WOS:000736471600001,
J,"Horncastle, Valerie J.; Chambers, Carol L.; Dickson, Brett G.",,,,,,,,Grazing and wildfire effects on small mammals inhabiting montane meadows,,,,,,,,JOURNAL OF WILDLIFE MANAGEMENT,,,,83,3,,,534,543,,,,10.1002/jwmg.21635,,,,,,,Article,APR 2019,2019,,,,,,,,,,10,0,0,0,9,0,10,,,,,,WOS:000461892800004,
J,"Goessling, Jeffrey M.; Stober, Jonathan M.; Gyengo, Sybil G.; Hermann, Sharon M.; Tuberville, Tracey D.; Guyer, Craig",,,,,,,,Implications from Monitoring Gopher Tortoises at Two Spatial Scales,,,,,,,,JOURNAL OF WILDLIFE MANAGEMENT,,,,85,1,,,135,144,,,,10.1002/jwmg.21966,,,,,OCT 2020,,Article,JAN 2021,2021,,,,,,,,,,8,0,0,0,8,0,8,,,,,,WOS:000580635300001,
J,"Spiller, Kimberly J.; King, David L.",,,,,,,,Breeding Habitat Associations of Eastern Whip-Poor-Wills in Managed Forests,,,,,,,,JOURNAL OF WILDLIFE MANAGEMENT,,,,85,5,,,1009,1016,,,,10.1002/jwmg.22045,,,,,APR 2021,,Article,JUL 2021,2021,,,,,,,,,,4,0,0,0,4,0,4,,,,,,WOS:000639575700001,
J,"Webb, Elisabeth B.; Hill, Evan B.; Malone, Kristen M.; Mengel, Doreen C.",,,,,,,,Secretive marsh bird habitat relationships at mid-continent spring migration stopover sites,,,,,,,,JOURNAL OF WILDLIFE MANAGEMENT,,,,86,4,,,,,e22205,,,10.1002/jwmg.22205,,,,,MAR 2022,,Article,MAY 2022,2022,,,,,,,,,,0,0,0,0,0,0,0,,,,,,WOS:000772390700001,
J,"Franceschi, Sara; Bongi, Paolo; Del Frate, Marco; Fattorini, Lorenzo; Apollonio, Marco",,,,,,,,"A sampling strategy for habitat selection, mapping, and abundance estimation of deer by pellet counts",,,,,,,,JOURNAL OF WILDLIFE MANAGEMENT,,,,,,,,,,,,,10.1002/jwmg.22345,,,,,DEC 2022,,Article; Early Access,,2022,,,,,,,,,,0,0,0,0,0,0,0,,,,,,WOS:000900430100001,
J,"Nichols, James D.",,,,,,,,Confronting uncertainty: Contributions of the wildlife profession to the broader scientific community,,,,,,,,JOURNAL OF WILDLIFE MANAGEMENT,,,,83,3,,,519,533,,,,10.1002/jwmg.21630,,,,,,,Review,APR 2019,2019,,,,,,,,,,8,0,0,0,8,0,8,,,,,,WOS:000461892800003,
J,"Hunter, Elizabeth A.; Rostal, David C.",,,,,,,,Fire Management Effects on Long-Term Gopher Tortoise Population Dynamics,,,,,,,,JOURNAL OF WILDLIFE MANAGEMENT,,,,85,4,,,654,664,,,,10.1002/jwmg.22033,,,,,MAR 2021,,Article,MAY 2021,2021,,,,,,,,,,5,0,0,0,4,0,5,,,,,,WOS:000630091800001,
J,"Mueller, James M.; Sesnie, Steven E.; Lehnen, Sarah E.; Davis, Helen T.; Giocomo, James J.; Macey, John N.; Long, Ashley M.",,,,,,,,Multi-scale species density model for conserving an endangered songbird,,,,,,,,JOURNAL OF WILDLIFE MANAGEMENT,,,,86,5,,,,,e22236,,,10.1002/jwmg.22236,,,,,MAY 2022,,Article,JUL 2022,2022,,,,,,,,,,0,0,0,0,0,0,0,,,,,,WOS:000790212400001,
J,"Augustine, David J.; Derner, Justin D.",,,,,,,,Long-Term Effects of Black-Tailed Prairie Dogs on Livestock Grazing Distribution and Mass Gain,,,,,,,,JOURNAL OF WILDLIFE MANAGEMENT,,,,85,7,,,1332,1343,,,,10.1002/jwmg.22103,,,,,JUL 2021,,Article,SEP 2021,2021,,,,,,,,,,7,0,0,0,3,0,7,,,,,,WOS:000678223500001,
J,"Wilson, Benjamin S.; Jensen, William E.; Houseman, Gregory R.; Jameson, Mary Liz; Reichenborn, Molly M.; Watson, D. Fraser; Morphew, Alex R.; Kjaer, Esben L.",,,,,,,,Cattle grazing in CRP grasslands during the nesting season: effects on avian abundance and diversity,,,,,,,,JOURNAL OF WILDLIFE MANAGEMENT,,,,86,2,,,,,,,,10.1002/jwmg.22188,,,,,JAN 2022,,Article,FEB 2022,2022,,,,,,,,,,1,0,0,0,1,0,1,,,,,,WOS:000744045600001,
J,"Macdonald, Amelia J.; Smith, Paul A.; Friis, Christian A.; Lyons, James E.; Aubry, Yves; Nol, Erica",,,,,,,,Stopover Ecology of Red Knots in Southwestern James Bay During Southbound Migration,,,,,,,,JOURNAL OF WILDLIFE MANAGEMENT,,,,85,5,,,932,944,,,,10.1002/jwmg.22059,,,,,MAY 2021,,Article,JUL 2021,2021,,,,,,,,,,0,0,0,0,0,0,0,,,,,,WOS:000647572400001,
J,"Tozer, Douglas C.; Stewart, Rebecca L. M.; Steele, Owen; Gloutney, Mark",,,,,,,,Species-Habitat Relationships and Priority Areas for Marsh-Breeding Birds in Ontario,,,,,,,,JOURNAL OF WILDLIFE MANAGEMENT,,,,84,4,,,786,801,,,,10.1002/jwmg.21840,,,,,FEB 2020,,Article,MAY 2020,2020,,,,,,,,,,5,0,0,0,4,0,5,,,,,,WOS:000514600400001,
J,"Stojanovic, Dejan; Cook, Henry C. L.; Sato, Chloe; Alves, Fernanda; Harris, Grant; McKernan, Andrew; Rayner, Laura; Webb, Matthew H.; Sutherland, William J.; Heinsohn, Robert",,,,,,,,Pre-emptive action as a measure for conserving nomadic species,,,,,,,,JOURNAL OF WILDLIFE MANAGEMENT,,,,83,1,,,64,71,,,,10.1002/jwmg.21575,,,,,,,Article,JAN 2019,2019,,,,,,,,,,21,0,0,0,18,0,21,,,,,,WOS:000453729100009,
J,"Le Moullec, Mathilde; Pedersen, Ashild Onvik; Stien, Audun; Rosvold, Jorgen; Hansen, Brage Bremset",,,,,,,,A century of conservation: The ongoing recovery of svalbard reindeer,,,,,,,,JOURNAL OF WILDLIFE MANAGEMENT,,,,83,8,,,1676,1686,,,,10.1002/jwmg.21761,,,,,,,Article,NOV 2019,2019,,,,,,,,,,17,0,0,0,13,0,17,,,,,,WOS:000489855200006,
J,"Owen, Megan A.; Pagano, Anthony M.; Wisdom, Sheyna S.; Kirschhoffer, Bj; Bowles, Ann E.; O'Neill, Caitlin",,,,,,,,Estimating the Audibility of Industrial Noise to Denning Polar Bears,,,,,,,,JOURNAL OF WILDLIFE MANAGEMENT,,,,85,2,,,384,396,,,,10.1002/jwmg.21977,,,,,DEC 2020,,Article,FEB 2021,2021,,,,,,,,,,4,0,0,0,4,0,4,,,,,,WOS:000594477800001,
J,"Long, Linda L.; Wolfe, Jared D.",,,,,,,,Review of the effects of barred owls on spotted owls,,,,,,,,JOURNAL OF WILDLIFE MANAGEMENT,,,,83,6,,,1281,1296,,,,10.1002/jwmg.21715,,,,,JUL 2019,,Review,AUG 2019,2019,,,,,,,,,,10,0,0,0,10,0,10,,,,,,WOS:000476038600001,
J,"Choresh, Yael; Burg, David; Trop, Tamar; Izhaki, Ido; Malkinson, Dan",,,,,,,,Long-term griffon vulture population dynamics at Gamla Nature Reserve,,,,,,,,JOURNAL OF WILDLIFE MANAGEMENT,,,,83,1,,,135,144,,,,10.1002/jwmg.21566,,,,,,,Article,JAN 2019,2019,,,,,,,,,,1,0,0,0,2,0,2,,,,,,WOS:000453729100016,
J,"Hileman, Eric T.; Allender, Matthew C.; Bradke, Danielle R.; Faust, Lisa J.; Moore, Jennifer A.; Ravesi, Michael J.; Tetzlaff, Sasha J.",,,,,,,,Estimation of Ophidiomyces prevalence to evaluate snake fungal disease risk,,,,,,,,JOURNAL OF WILDLIFE MANAGEMENT,,,,82,1,SI,,173,181,,,,10.1002/jwmg.21345,,,,,,,Article,JAN 2018,2018,,,,,,,,,,27,0,0,0,23,1,27,,,,,,WOS:000417629600017,
J,"Riley, Ian P.; Conway, Courtney J.; Stevens, Bryan S.; Roberts, Shane B.",,,,,,,,Aural and Visual Detection of Greater Sage-Grouse Leks: Implications for Population Trend Estimates,,,,,,,,JOURNAL OF WILDLIFE MANAGEMENT,,,,85,3,,,508,519,,,,10.1002/jwmg.21991,,,,,JAN 2021,,Article,APR 2021,2021,,,,,,,,,,0,0,0,0,0,0,0,,,,,,WOS:000608602200001,
J,"Semerdjian, Alyssa E.; Butterfield, H. Scott; Stafford, Robert; Westphal, Michael F.; Bean, William T.",,,,,,,,Combining Occurrence and Habitat Suitability Data Improve Conservation Guidance for the Giant Kangaroo Rat,,,,,,,,JOURNAL OF WILDLIFE MANAGEMENT,,,,85,5,,,855,867,,,,10.1002/jwmg.22052,,,,,APR 2021,,Article,JUL 2021,2021,,,,,,,,,,0,0,0,0,0,0,0,,,,,,WOS:000645580800001,
J,"Stauffer, Glenn E.; Miller, David A. W.; Williams, Lisa M.; Brown, Justin",,,,,,,,Ruffed grouse population declines after introduction of West Nile virus,,,,,,,,JOURNAL OF WILDLIFE MANAGEMENT,,,,82,1,SI,,165,172,,,,10.1002/jwmg.21347,,,,,,,Article,JAN 2018,2018,,,,,,,,,,17,0,0,0,15,0,17,,,,,,WOS:000417629600016,
J,"Bond, Monica L.; Koenig, Barbara; Ozgul, Arpat; Farine, Damien R.; Lee, Derek E.",,,,,,,,Socially Defined Subpopulations Reveal Demographic Variation in a Giraffe Metapopulation,,,,,,,,JOURNAL OF WILDLIFE MANAGEMENT,,,,85,5,,,920,931,,,,10.1002/jwmg.22044,,,,,APR 2021,,Article,JUL 2021,2021,,,,,,,,,,5,0,0,0,4,0,5,,,,,,WOS:000637854800001,
J,"Peterson, Mark E.; Anderson, Charles R., Jr.; Northrup, Joseph M.; Doherty, Paul F., Jr.",,,,,,,,Mortality of mule deer fawns in a natural gas development area,,,,,,,,JOURNAL OF WILDLIFE MANAGEMENT,,,,82,6,,,1135,1148,,,,10.1002/jwmg.21476,,,,,,,Article,AUG 2018,2018,,,,,,,,,,7,0,0,0,7,0,7,,,,,,WOS:000439878200007,
J,"Schlossberg, Scott; King, David I.; DeStefano, Stephen; Hartley, Mitch",,,,,,,,Effects of Early-Successional Shrubland Management on Breeding Wood Thrush Populations,,,,,,,,JOURNAL OF WILDLIFE MANAGEMENT,,,,82,8,,,1572,1581,,,,10.1002/jwmg.21559,,,,,,,Article,NOV 2018,2018,,,,,,,,,,2,0,0,0,2,0,2,,,,,,WOS:000448087300004,
J,"Caldwell, Molly R.; Klip, J. Mario K.",,,,,,,,"Mule Deer Migrations and Highway Underpass Usage in California, USA",,,,,,,,JOURNAL OF WILDLIFE MANAGEMENT,,,,85,5,,,880,886,,,,10.1002/jwmg.22043,,,,,APR 2021,,Article,JUL 2021,2021,,,,,,,,,,1,0,0,0,1,0,1,,,,,,WOS:000640608900001,
J,"Hayes, Forest P.; Millspaugh, Joshua J.; Bergman, Eric J.; Callaway, Ragan M.; Bishop, Chad J.",,,,,,,,Effects of willow nutrition and morphology on calving success of moose,,,,,,,,JOURNAL OF WILDLIFE MANAGEMENT,,,,86,2,,,,,,,,10.1002/jwmg.22175,,,,,JAN 2022,,Article,FEB 2022,2022,,,,,,,,,,1,0,0,0,1,0,1,,,,,,WOS:000739897300001,
J,"Saleeba, Kate; Phillips, Ben L.; O'Shea, Megan; Kearney, Michael R.",,,,,,,,Using Biophysical Models to Improve Survey Efficiency for Cryptic Ectotherms,,,,,,,,JOURNAL OF WILDLIFE MANAGEMENT,,,,84,6,,,1185,1195,,,,10.1002/jwmg.21890,,,,,JUN 2020,,Article,AUG 2020,2020,,,,,,,,,,3,0,0,0,3,0,3,,,,,,WOS:000539798600001,
J,"Johnson, Amy E. M.; Sillett, T. Scott; Luther, David; Herrmann, Valentine; Akre, Thomas A.; McShea, William J.",,,,,,,,Effects of grassland management on overwintering bird communities,,,,,,,,JOURNAL OF WILDLIFE MANAGEMENT,,,,83,7,,,1515,1526,,,,10.1002/jwmg.21730,,,,,AUG 2019,,Article,SEP 2019,2019,,,,,,,,,,2,0,0,0,1,0,2,,,,,,WOS:000479934500001,
J,"Caldwell, Molly R.; Klip, J. Mario K.",,,,,,,,Wildlife Interactions within Highway Underpasses,,,,,,,,JOURNAL OF WILDLIFE MANAGEMENT,,,,84,2,,,227,236,,,,10.1002/jwmg.21801,,,,,DEC 2019,,Article,FEB 2020,2020,,,,,,,,,,10,0,0,0,6,0,10,,,,,,WOS:000502063300001,
J,"White, Kevin S.; Levi, Taal; Breen, Jessica; Britt, Meghan; Merondun, Justin; Martchenko, Daria; Shakeri, Yasaman N.; Porter, Boyd; Shafer, Aaron B. A.",,,,,,,,"Integrating Genetic Data and Demographic Modeling to Facilitate Conservation of Small, Isolated Mountain Goat Populations",,,,,,,,JOURNAL OF WILDLIFE MANAGEMENT,,,,85,2,,,271,282,,,,10.1002/jwmg.21978,,,,,DEC 2020,,Article,FEB 2021,2021,,,,,,,,,,4,0,0,0,4,0,4,,,,,,WOS:000595215800001,
J,"Buchanan, Scott W.; Buffum, Bill; Puggioni, Gavino; Karraker, Nancy E.",,,,,,,,Occupancy of freshwater turtles across a gradient of altered landscapes,,,,,,,,JOURNAL OF WILDLIFE MANAGEMENT,,,,83,2,,,435,445,,,,10.1002/jwmg.21596,,,,,,,Article,FEB 2019,2019,,,,,,,,,,3,0,0,0,3,0,3,,,,,,WOS:000455486900018,
J,"Shute, Kyle E.; Loeb, Susan C.; Jachowski, David S.",,,,,,,,Seasonal Shifts in Nocturnal Habitat Use by Coastal Bat Species,,,,,,,,JOURNAL OF WILDLIFE MANAGEMENT,,,,85,5,,,964,978,,,,10.1002/jwmg.22060,,,,,MAY 2021,,Article,JUL 2021,2021,,,,,,,,,,1,0,0,0,0,0,1,,,,,,WOS:000647568000001,
J,"Irwin, Larry L.; Rock, Dennis F.; Rock, Suzanne C.; Heyerly, Amanda K.; Clark, Laurie A.",,,,,,,,Barred Owl Effects on Spotted Owl Resource Selection: A Meta-Analysis,,,,,,,,JOURNAL OF WILDLIFE MANAGEMENT,,,,84,1,,,96,117,,,,10.1002/jwmg.21784,,,,,NOV 2019,,Article,JAN 2020,2020,,,,,,,,,,3,0,0,0,2,0,3,,,,,,WOS:000497071800001,
J,"Martin, Ellen C.; Jochum, Kim A.; Bagley, Calvin F.; Doherty, Paul F.",,,,,,,,Shorebird Abundance Estimates in Interior Alaska,,,,,,,,JOURNAL OF WILDLIFE MANAGEMENT,,,,84,7,,,1283,1295,,,,10.1002/jwmg.21913,,,,,JUN 2020,,Article,SEP 2020,2020,,,,,,,,,,2,0,0,0,2,0,2,,,,,,WOS:000543990500001,
J,"Pace, Daniela Silvia; Arcangeli, Antonella; Mussi, Barbara; Vivaldi, Carlotta; Ledon, Cristina; Lagorio, Serena; Giacomini, Giancarlo; Pavan, Gianni; Ardizzone, Giandomenico",,,,,,,,Habitat suitability modeling in different sperm whale social groups,,,,,,,,JOURNAL OF WILDLIFE MANAGEMENT,,,,82,5,,,1062,1073,,,,10.1002/jwmg.21453,,,,,,,Article,JUL 2018,2018,,,,,,,,,,18,0,0,0,17,0,18,,,,,,WOS:000435816100019,
J,"Durkin, Maureen M.; Cohen, Jonathan B.",,,,,,,,Estimating avian road mortality when only a single observer is available,,,,,,,,JOURNAL OF WILDLIFE MANAGEMENT,,,,83,1,,,100,108,,,,10.1002/jwmg.21563,,,,,,,Article,JAN 2019,2019,,,,,,,,,,2,0,0,0,1,0,2,,,,,,WOS:000453729100013,
J,"Ritzell, Alec D.; Hernandez, Fidel; Edwards, John T.; Montalvo, Andrea; Wester, David B.; Grahmann, Eric D.; Rollins, Dale; Stewart, Kristyn G.; Smith, Rachel A.; Woodard, D. Abraham; Brennan, Leonard A.",,,,,,,,Quail and rain in semiarid rangelands: Does management matter?,,,,,,,,JOURNAL OF WILDLIFE MANAGEMENT,,,,86,4,,,,,e22209,,,10.1002/jwmg.22209,,,,,MAR 2022,,Article,MAY 2022,2022,,,,,,,,,,1,0,0,0,1,0,1,,,,,,WOS:000770014200001,
J,"Le Moullec, Mathilde; Pedersen, Ashild Onvik; Stien, Audun; Rosvold, Jorgen; Hansen, Brage Bremset",,,,,,,,A century of conservation: The ongoing recovery of svalbard reindeer.,,,,,,,,Journal of Wildlife Management,,,,83,8,,,21761,21761,,,,,,,,,,,Article,Nov 2019,2019,,,,,,,,,,0,0,0,0,0,0,0,,,,,,ZOOREC:ZOOR15601006400,
J,"Prichard, Alexander K.; Parrett, Lincoln S.; Lenart, Elizabeth A.; Caikoski, Jason R.; Joly, Kyle; Person, Brian T.",,,,,,,,Interchange and Overlap Among Four Adjacent Arctic Caribou Herds,,,,,,,,JOURNAL OF WILDLIFE MANAGEMENT,,,,84,8,,,1500,1514,,,,10.1002/jwmg.21934,,,,,AUG 2020,,Article,NOV 2020,2020,,,,,,,,,,9,0,0,0,6,0,9,,,,,,WOS:000555972800001,
J,"Gould, Philip R.; Gade, Meaghan R.; Wilk, Andrew J.; Peterman, William E.",,,,,,,,Short-term responses of riparian salamander populations to wildfire in the Southern Appalachians,,,,,,,,JOURNAL OF WILDLIFE MANAGEMENT,,,,86,7,,,,,e22282,,,10.1002/jwmg.22282,,,,,JUN 2022,,Article,SEP 2022,2022,,,,,,,,,,0,0,0,0,0,0,0,,,,,,WOS:000816649700001,
J,"Moulton, Colleen E.; Carlisle, Jay D.; Knetter, Sonya J.; Brenner, Kathryn; Cavallaro, Robert A.",,,,,,,,Importance of flood irrigation for foraging colonial waterbirds,,,,,,,,JOURNAL OF WILDLIFE MANAGEMENT,,,,86,7,,,,,e22288,,,10.1002/jwmg.22288,,,,,JUL 2022,,Article,SEP 2022,2022,,,,,,,,,,0,0,0,0,0,0,0,,,,,,WOS:000822815900001,
J,"Macaulay, Luke T.; Sollmann, Rahel; Barrett, Reginald H.",,,,,,,,Estimating Deer Populations Using Camera Traps and Natural Marks,,,,,,,,JOURNAL OF WILDLIFE MANAGEMENT,,,,84,2,,,301,310,,,,10.1002/jwmg.21803,,,,,DEC 2019,,Article,FEB 2020,2020,,,,,,,,,,9,0,0,0,8,0,9,,,,,,WOS:000503017100001,
J,"Zimmerman, Guthrie S.; Millsap, Brian A.; Abadi, Fitsum; Gedir, Jay, V; Kendall, William L.; Sauer, John R.",,,,,,,,Estimating allowable take for an increasing bald eagle population in the United States,,,,,,,,JOURNAL OF WILDLIFE MANAGEMENT,,,,86,2,,,,,,,,10.1002/jwmg.22158,,,,,JAN 2022,,Article,FEB 2022,2022,,,,,,,,,,1,0,0,0,1,0,1,,,,,,WOS:000743122900001,
J,"Wan, Ho Yi; Ganey, Joseph L.; Vojta, Christina D.; Cushman, Samuel A.",,,,,,,,Managing Emerging Threats to Spotted Owls,,,,,,,,JOURNAL OF WILDLIFE MANAGEMENT,,,,82,4,,,682,697,,,,10.1002/jwmg.21423,,,,,,,Review,MAY 2018,2018,,,,,,,,,,17,0,0,0,16,0,18,,,,,,WOS:000430691200003,
J,"McTee, Michael; Stone, Katharine",,,,,,,,The scavenger spyglass: how recruiting hunters to watch carrion boosts wildlife research,,,,,,,,JOURNAL OF WILDLIFE MANAGEMENT,,,,86,6,,,,,e22255,,,10.1002/jwmg.22255,,,,,MAY 2022,,Article,AUG 2022,2022,,,,,,,,,,0,0,0,0,0,0,0,,,,,,WOS:000800059500001,
J,"Heller, Erin L.; Gaff, Holly D.; Brinkerhoff, R. Jory; Walters, Eric L.",,,,,,,,Urbanization and tick parasitism in birds of coastal southeastern Virginia,,,,,,,,JOURNAL OF WILDLIFE MANAGEMENT,,,,83,4,,,975,984,,,,10.1002/jwmg.21646,,,,,,,Article,MAY 2019,2019,,,,,,,,,,3,0,0,0,3,0,3,,,,,,WOS:000470930700022,
J,"Timmer, Jennifer M.; Aldridge, Cameron L.; Fernandez-Gimenez, Maria E.",,,,,,,,Managing for multiple species: greater sage-grouse and sagebrush songbirds,,,,,,,,JOURNAL OF WILDLIFE MANAGEMENT,,,,83,5,,,1043,1056,,,,10.1002/jwmg.21663,,,,,,,Article,JUL 2019,2019,,,,,,,,,,7,0,0,0,4,0,7,,,,,,WOS:000475668700005,
J,"Thompson, Frank R., III; Roach, Melissa C.; Bonnot, Thomas W.",,,,,,,,Woodland restoration and forest structure affect nightjar abundance in the Ozark Highlands,,,,,,,,JOURNAL OF WILDLIFE MANAGEMENT,,,,86,2,,,,,,,,10.1002/jwmg.22170,,,,,JAN 2022,,Article,FEB 2022,2022,,,,,,,,,,1,0,0,0,0,0,1,,,,,,WOS:000741050700001,
J,"Vander Haegen, W. Matthew; Orth, Gene R.; Johnston, Aaron N.; Linders, Mary J.",,,,,,,,Endemic Diseases Affect Population Dynamics of Tree Squirrels in Contrasting Landscapes,,,,,,,,JOURNAL OF WILDLIFE MANAGEMENT,,,,82,2,,,328,343,,,,10.1002/jwmg.21383,,,,,,,Article,FEB 2018,2018,,,,,,,,,,5,0,0,0,5,0,5,,,,,,WOS:000423417700010,
J,"Powers, Kelly M.; Petracca, Lisanne S.; Macduff, Andrew J.; Frair, Jacqueline L.",,,,,,,,A Pragmatic Approach for Determining Otter Distribution from Disparate Occurrence Records,,,,,,,,JOURNAL OF WILDLIFE MANAGEMENT,,,,85,1,,,63,72,,,,10.1002/jwmg.21968,,,,,OCT 2020,,Article,JAN 2021,2021,,,,,,,,,,0,0,0,0,0,0,0,,,,,,WOS:000583507700001,
J,"Sovern, Stan G.; Lesmeister, Damon B.; Dugger, Katie M.; Pruett, M. Shane; Davis, Raymond J.; Jenkins, Julianna M.",,,,,,,,Activity center selection by northern spotted owls,,,,,,,,JOURNAL OF WILDLIFE MANAGEMENT,,,,83,3,,,714,727,,,,10.1002/jwmg.21632,,,,,,,Article,APR 2019,2019,,,,,,,,,,7,0,0,0,6,0,7,,,,,,WOS:000461892800020,
J,"Irwin, Larry L.; Rock, Dennis F.; Rock, Suzanne C.",,,,,,,,Barred owl habitat selection in west coast forests,,,,,,,,JOURNAL OF WILDLIFE MANAGEMENT,,,,82,1,SI,,202,216,,,,10.1002/jwmg.21339,,,,,,,Article,JAN 2018,2018,,,,,,,,,,7,0,0,0,7,0,7,,,,,,WOS:000417629600020,
