Publication Type,Authors,Book Authors,Group Authors,Book Group Authors,Researcher Ids,ORCIDs,Book Editors,Author - Arabic,Article Title,Article Title - SciELO,Article Title - SciELO,Article Title - Chinese,Article Title - Russian,Patent Number,Patent Assignee,Source Title - Arabic,Source Title,Source Title - Korean,Book Series Title,Book Series Subtitle,Volume,Issue,Special Issue,Meeting Abstract,Start Page,End Page,Article Number,Version,Version History,DOI,Book DOI,License Name,License URI,License Description,Early Access Date,Supplement,Document Type,Publication Date,Publication Year,Abstract,Abstract - Foreign,Abstract - English Transliteration ,Abstract - Foreign,Abstract - Korean,Conference Title,Conference Date,Conference Sponsor,Conference Location,"Times Cited, WoS Core","Times Cited, CSCD ","Times Cited, RSCI","Times Cited, ARCI","Times Cited, BCI","Times Cited, SCIELO","Times Cited, All Databases",180 Day Usage Count,Since 2013 Usage Count,ISSN,eISSN,ISBN,UT (Unique ID),Pubmed Id
J,"Clement, Matthew J.; Royle, J. Andrew; Mixan, Ronald J.",,,,,,,,Estimating occupancy from autonomous recording unit data in the presence of misclassifications and detection heterogeneity,,,,,,,,METHODS IN ECOLOGY AND EVOLUTION,,,,13,8,,,1719,1729,,,,10.1111/2041-210X.13895,,,,,MAY 2022,,Article,AUG 2022,2022,,,,,,,,,,0,0,0,0,0,0,0,,,,,,WOS:000802244500001,
J,"Zhao, Qing",,,,,,,,On the sampling design of spatially explicit integrated population models,,,,,,,,METHODS IN ECOLOGY AND EVOLUTION,,,,11,10,,,1207,1220,,,,10.1111/2041-210X.13457,,,,,AUG 2020,,Article,OCT 2020,2020,,,,,,,,,,6,0,0,0,5,0,6,,,,,,WOS:000565203700001,
J,"Kellner, Kenneth F.; Fowler, Nicholas L.; Petroelje, Tyler R.; Kautz, Todd M.; Beyer, Dean E., Jr.; Belant, Jerrold L.",,,,,,,,ubms: An R package for fitting hierarchical occupancy and N-mixture abundance models in a Bayesian framework,,,,,,,,METHODS IN ECOLOGY AND EVOLUTION,,,,13,3,,,577,584,,,,10.1111/2041-210X.13777,,,,,DEC 2021,,Article,MAR 2022,2022,,,,,,,,,,6,0,0,0,3,0,6,,,,,,WOS:000728596600001,
J,"Strebel, Nicolas; Fiss, Cameron J.; Kellner, Kenneth F.; Larkin, Jeffery L.; Kery, Marc; Cohen, Jonathan",,,,,,,,Estimating abundance based on time-to-detection data,,,,,,,,METHODS IN ECOLOGY AND EVOLUTION,,,,12,5,,,909,920,,,,10.1111/2041-210X.13570,,,,,FEB 2021,,Article,MAY 2021,2021,,,,,,,,,,3,0,0,0,3,0,3,,,,,,WOS:000621963100001,
J,"Gimenez, Olivier; Lebreton, Jean-Dominique; Choquet, Remi; Pradel, Roger",,,,,,,,R2ucare: An r package to perform goodness-of-fit tests for capture-recapture models,,,,,,,,METHODS IN ECOLOGY AND EVOLUTION,,,,9,7,,,1749,1754,,,,10.1111/2041-210X.13014,,,,,,,Article,JUL 2018,2018,,,,,,,,,,50,0,0,0,38,0,50,,,,,,WOS:000437838600009,
J,"Zhao, Qing; Fuller, Angela K.; Royle, Jeffrey Andrew",,,,,,,,Spatial dynamic N-mixture models with interspecific interactions,,,,,,,,METHODS IN ECOLOGY AND EVOLUTION,,,,13,10,,,2209,2221,,,,10.1111/2041-210X.13936,,,,,JUL 2022,,Article,OCT 2022,2022,,,,,,,,,,0,0,0,0,0,0,0,,,,,,WOS:000825279000001,
J,"Silk, Matthew J.; McDonald, Robbie A.; Delahay, Richard J.; Padfield, Daniel; Hodgson, David J.",,,,,,,,CMRnet: An r package to derive networks of social interactions and movement from mark-recapture data,,,,,,,,METHODS IN ECOLOGY AND EVOLUTION,,,,12,1,,,70,75,,,,10.1111/2041-210X.13502,,,,,NOV 2020,,Article,JAN 2021,2021,,,,,,,,,,4,0,0,0,4,0,4,,,,,,WOS:000584480900001,
J,"Choquet, Remi",,,,,,,,Markov-modulated Poisson processes as a new framework for analysing capture-recapture data,,,,,,,,METHODS IN ECOLOGY AND EVOLUTION,,,,9,4,,,929,935,,,,10.1111/2041-210X.12961,,,,,,,Article,APR 2018,2018,,,,,,,,,,3,0,0,0,2,0,3,,,,,,WOS:000429421800011,
J,"Hollanders, Matthijs; Royle, J. Andrew",,,,,,,,Know what you don't know: Embracing state uncertainty in disease-structured multistate models,,,,,,,,METHODS IN ECOLOGY AND EVOLUTION,,,,,,,,,,,,,10.1111/2041-210X.13993,,,,,OCT 2022,,Article; Early Access,,2022,,,,,,,,,,0,0,0,0,0,0,0,,,,,,WOS:000876251700001,
J,"Efford, Murray G.; Schofield, Matthew R.",,,,,,,,A review of movement models in open population capture-recapture,,,,,,,,METHODS IN ECOLOGY AND EVOLUTION,,,,13,10,,,2106,2118,,,,10.1111/2041-210X.13947,,,,,JUL 2022,,Review,OCT 2022,2022,,,,,,,,,,2,0,0,0,0,0,2,,,,,,WOS:000834009100001,
J,"Guelat, Jerome; Kery, Marc",,,,,,,,Effects of spatial autocorrelation and imperfect detection on species distribution models,,,,,,,,METHODS IN ECOLOGY AND EVOLUTION,,,,9,6,,,1614,1625,,,,10.1111/2041-210X.12983,,,,,,,Article,JUN 2018,2018,,,,,,,,,,42,0,0,0,38,0,42,,,,,,WOS:000434977100024,
J,"Royle, J. Andrew",,,,,,,,Modelling sound attenuation in heterogeneous environments for improved bioacoustic sampling of wildlife populations,,,,,,,,METHODS IN ECOLOGY AND EVOLUTION,,,,9,9,,,1939,1947,,,,10.1111/2041-210X.13040,,,,,,,Article,SEP 2018,2018,,,,,,,,,,11,0,0,0,10,0,11,,,,,,WOS:000443693800003,
J,"Efford, Murray G.; Boulanger, John",,,,,,,,Fast evaluation of study designs for spatially explicit capture-recapture,,,,,,,,METHODS IN ECOLOGY AND EVOLUTION,,,,10,9,,,1529,1535,,,,10.1111/2041-210X.13239,,,,,,,Article,SEP 2019,2019,,,,,,,,,,32,1,0,0,30,0,32,,,,,,WOS:000483699600014,
J,"Durbach, Ian; Borchers, David; Sutherland, Chris; Sharma, Koustubh",,,,,,,,"Fast, flexible alternatives to regular grid designs for spatial capture-recapture",,,,,,,,METHODS IN ECOLOGY AND EVOLUTION,,,,12,2,,,298,310,,,,10.1111/2041-210X.13517,,,,,NOV 2020,,Article,FEB 2021,2021,,,,,,,,,,5,0,0,0,5,0,5,,,,,,WOS:000587573800001,
J,"Stevenson, Ben C.; van Dam-Bates, Paul; Young, Callum K. Y.; Measey, John",,,,,,,,A spatial capture-recapture model to estimate call rate and population density from passive acoustic surveys,,,,,,,,METHODS IN ECOLOGY AND EVOLUTION,,,,12,3,,,432,442,,,,10.1111/2041-210X.13522,,,,,NOV 2020,,Article,MAR 2021,2021,,,,,,,,,,6,0,0,0,5,0,8,,,,,,WOS:000594050100001,
J,"Riecke, Thomas V.; Williams, Perry J.; Behnke, Tessa L.; Gibson, Daniel; Leach, Alan G.; Sedinger, Benjamin S.; Street, Phillip A.; Sedinger, James S.",,,,,,,,Integrated population models: Model assumptions and inference,,,,,,,,METHODS IN ECOLOGY AND EVOLUTION,,,,10,7,,,1072,1082,,,,10.1111/2041-210X.13195,,,,,,,Article,JUL 2019,2019,,,,,,,,,,34,0,0,0,32,0,34,,,,,,WOS:000473662700014,
J,"Dupont, Pierre; Milleret, Cyril; Gimenez, Olivier; Bischof, Richard",,,,,,,,Population closure and the bias-precision trade-off in spatial capture-recapture,,,,,,,,METHODS IN ECOLOGY AND EVOLUTION,,,,10,5,,,661,672,,,,10.1111/2041-210X.13158,,,,,,,Article,MAY 2019,2019,,,,,,,,,,27,0,0,0,25,0,27,,,,,,WOS:000471332800006,
J,"Johnston, Alison; Matechou, Eleni; Dennis, Emily B.",,,,,,,,Outstanding challenges and future directions for biodiversity monitoring using citizen science data,,,,,,,,METHODS IN ECOLOGY AND EVOLUTION,,,,,,,,,,,,,10.1111/2041-210X.13834,,,,,MAR 2022,,Article; Early Access,,2022,,,,,,,,,,7,0,0,0,4,0,7,,,,,,WOS:000770290900001,
J,"Moran-Lopez, Teresa; Ruiz-Suarez, Sofia; Aldabe, Joaquin; Manuel Morales, Juan",,,,,,,,Improving inferences and predictions of species environmental responses with occupancy data,,,,,,,,METHODS IN ECOLOGY AND EVOLUTION,,,,13,7,,,1540,1551,,,,10.1111/2041-210X.13875,,,,,MAY 2022,,Article,JUL 2022,2022,,,,,,,,,,0,0,0,0,0,0,0,,,,,,WOS:000794041100001,
J,"Mizel, Jeremy D.; Schmidt, Joshua H.; Phillips, Laura M.; Mcintyre, Carol L.",,,,,,,,A binomial N-mixture model for estimating arrival and departure timing,,,,,,,,METHODS IN ECOLOGY AND EVOLUTION,,,,10,7,,,1062,1071,,,,10.1111/2041-210X.13192,,,,,,,Article,JUL 2019,2019,,,,,,,,,,1,0,0,0,1,0,1,,,,,,WOS:000473662700013,
J,"Miller, David A. W.; Pacifici, Krishna; Sanderlin, Jamie S.; Reich, Brian J.",,,,,,,,The recent past and promising future for data integration methods to estimate species' distributions,,,,,,,,METHODS IN ECOLOGY AND EVOLUTION,,,,10,1,,,22,37,,,,10.1111/2041-210X.13110,,,,,,,Article,JAN 2019,2019,,,,,,,,,,92,0,0,0,71,0,92,,,,,,WOS:000457750600003,
J,"Chandler, Richard B.; Engebretsen, Kristin; Cherry, Michael J.; Garrison, Elina P.; Miller, Karl V.",,,,,,,,Estimating recruitment from capture-recapture data by modelling spatio-temporal variation in birth and age-specific survival rates,,,,,,,,METHODS IN ECOLOGY AND EVOLUTION,,,,9,10,,,2115,2130,,,,10.1111/2041-210X.13068,,,,,,,Article,OCT 2018,2018,,,,,,,,,,14,0,0,0,14,0,14,,,,,,WOS:000446328200007,
J,"Turlure, Camille; Pe'er, Guy; Baguette, Michel; Schtickzelle, Nicolas",,,,,,,,A simplified mark-release-recapture protocol to improve the cost effectiveness of repeated population size quantification,,,,,,,,METHODS IN ECOLOGY AND EVOLUTION,,,,9,3,,,645,656,,,,10.1111/2041-210X.12900,,,,,,,Article,MAR 2018,2018,,,,,,,,,,9,1,0,0,8,0,9,,,,,,WOS:000426867600020,
J,"Rakhimberdiev, Eldar; Karagicheva, Julia; Saveliev, Anatoly; Loonstra, A. H. Jelle; Verhoeven, Mo A.; Hooijmeijer, Jos C. E. W.; Schaub, Michael; Piersma, Theunis",,,,,,,,Misidentification errors in reencounters result in biased estimates of survival probability from CJS models: Evidence and a solution using the robust design,,,,,,,,METHODS IN ECOLOGY AND EVOLUTION,,,,13,5,,,1106,1118,,,,10.1111/2041-210X.13825,,,,,MAR 2022,,Article,MAY 2022,2022,,,,,,,,,,2,0,0,0,2,0,2,,,,,,WOS:000767119800001,
J,"Milleret, Cyril; Dupont, Pierre; Broseth, Henrik; Kindberg, Jonas; Royle, J. Andrew; Bischof, Richard",,,,,,,,Using partial aggregation in spatial capture recapture,,,,,,,,METHODS IN ECOLOGY AND EVOLUTION,,,,9,8,,,1896,1907,,,,10.1111/2041-210X.13030,,,,,,,Article,AUG 2018,2018,,,,,,,,,,14,0,0,0,12,0,14,,,,,,WOS:000440846600011,
J,"Henle, Klaus; Gruber, Bernd",,,,,,,,Performance of multistate mark-recapture models for temporary emigration in the presence of survival costs,,,,,,,,METHODS IN ECOLOGY AND EVOLUTION,,,,9,3,,,657,667,,,,10.1111/2041-210X.12891,,,,,,,Article,MAR 2018,2018,,,,,,,,,,2,0,0,0,2,0,2,,,,,,WOS:000426867600021,
J,"Knights, Kathryn; McCarthy, Michael A.; Camac, James; Guillera-Arroita, Gurutzeta",,,,,,,,"Efficient effort allocation in line-transect distance sampling of high-density species: When to walk further, measure less-often and gain precision",,,,,,,,METHODS IN ECOLOGY AND EVOLUTION,,,,12,6,,,962,970,,,,10.1111/2041-210X.13589,,,,,APR 2021,,Article,JUN 2021,2021,,,,,,,,,,1,0,0,0,1,0,1,,,,,,WOS:000636083400001,
J,"DiRenzo, Graziella, V; Miller, David A. W.; Grant, Evan H. C.",,,,,,,,Ignoring species availability biases occupancy estimates in single-scale occupancy models,,,,,,,,METHODS IN ECOLOGY AND EVOLUTION,,,,13,8,,,1790,1804,,,,10.1111/2041-210X.13881,,,,,MAY 2022,,Article,AUG 2022,2022,,,,,,,,,,1,0,0,0,0,0,1,,,,,,WOS:000796375000001,
J,"Darras, Kevin; Furnas, Brett; Fitriawan, Irfan; Mulyani, Yeni; Tscharntke, Teja",,,,,,,,Estimating bird detection distances in sound recordings for standardizing detection ranges and distance sampling,,,,,,,,METHODS IN ECOLOGY AND EVOLUTION,,,,9,9,,,1928,1938,,,,10.1111/2041-210X.13031,,,,,,,Article,SEP 2018,2018,,,,,,,,,,25,1,0,0,22,1,27,,,,,,WOS:000443693800002,
J,"Valente, Jonathon J.; Hutchinson, Rebecca A.; Betts, Matthew G.",,,,,,,,"Distinguishing distribution dynamics from temporary emigration using dynamic occupancy models (vol 8, pg 1707, 2017)",,,,,,,,METHODS IN ECOLOGY AND EVOLUTION,,,,10,10,,,1826,1826,,,,10.1111/2041-210X.13260,,,,,AUG 2019,,Correction,OCT 2019,2019,,,,,,,,,,0,0,0,0,0,0,0,,,,,,WOS:000488345000001,
J,"Jin, Tinghao; Si, Xingfeng; Liu, Juan; Ding, Ping",,,,,,,,An integrated animal tracking technology combining a GPS tracking system with a UAV,,,,,,,,METHODS IN ECOLOGY AND EVOLUTION,,,,,,,,,,,,,10.1111/2041-210X.14055,,,,,DEC 2022,,Article; Early Access,,2022,,,,,,,,,,0,0,0,0,0,0,0,,,,,,WOS:000905837400001,
J,"Stratton, Christian; Sepulveda, Adam J.; Hoegh, Andrew",,,,,,,,msocc: Fit and analyse computationally efficient multi-scale occupancy models inr,,,,,,,,METHODS IN ECOLOGY AND EVOLUTION,,,,11,9,,,1113,1120,,,,10.1111/2041-210X.13442,,,,,JUL 2020,,Article,SEP 2020,2020,,,,,,,,,,7,0,0,0,7,0,7,,,,,,WOS:000563852400001,
J,"Shirey, Vaughn; Khelifa, Rassim; M'Gonigle, Leithen K.; Guzman, Laura Melissa",,,,,,,,Occupancy-detection models with museum specimen data: Promise and pitfalls,,,,,,,,METHODS IN ECOLOGY AND EVOLUTION,,,,,,,,,,,,,10.1111/2041-210X.13896,,,,,JUN 2022,,Article; Early Access,,2022,,,,,,,,,,3,0,0,0,2,0,3,,,,,,WOS:000808308000001,
J,"Doser, Jeffrey W.; Finley, Andrew O.; Kery, Marc; Zipkin, Elise F.",,,,,,,,"spOccupancy: An R package for single-species, multi-species, and integrated spatial occupancy models",,,,,,,,METHODS IN ECOLOGY AND EVOLUTION,,,,13,8,,,1670,1678,,,,10.1111/2041-210X.13897,,,,,MAY 2022,,Article,AUG 2022,2022,,,,,,,,,,1,0,0,0,1,0,1,,,,,,WOS:000802136300001,
J,"Rhinehart, Tessa A.; Turek, Daniel; Kitzes, Justin",,,,,,,,A continuous-score occupancy model that incorporates uncertain machine learning output from autonomous biodiversity surveys,,,,,,,,METHODS IN ECOLOGY AND EVOLUTION,,,,13,8,,,1778,1789,,,,10.1111/2041-210X.13905,,,,,JUN 2022,,Article,AUG 2022,2022,,,,,,,,,,0,0,0,0,0,0,0,,,,,,WOS:000814400400001,
J,"Schmidt, Joshua H.; Rattenbury, Kumi L.",,,,,,,,An open-population distance sampling framework for assessing population dynamics in group-dwelling species,,,,,,,,METHODS IN ECOLOGY AND EVOLUTION,,,,9,4,,,936,945,,,,10.1111/2041-210X.12932,,,,,,,Article,APR 2018,2018,,,,,,,,,,12,0,0,0,12,0,12,,,,,,WOS:000429421800012,
J,"Wright, Wilson J.; Irvine, Kathryn M.; Almberg, Emily S.; Litt, Andrea R.",,,,,,,,Modelling misclassification in multi-species acoustic data when estimating occupancy and relative activity,,,,,,,,METHODS IN ECOLOGY AND EVOLUTION,,,,11,1,,,71,81,,,,10.1111/2041-210X.13315,,,,,NOV 2019,,Article,JAN 2020,2020,,,,,,,,,,12,0,0,0,9,0,12,,,,,,WOS:000493534700001,
J,"Zou, Yi; Axmacher, Jan Christoph",,,,,,,,The Chord-Normalized Expected Species Shared (CNESS)-distance represents a superior measure of species turnover patterns,,,,,,,,METHODS IN ECOLOGY AND EVOLUTION,,,,11,2,,,273,280,,,,10.1111/2041-210X.13333,,,,,DEC 2019,,Article,FEB 2020,2020,,,,,,,,,,7,1,0,0,7,0,8,,,,,,WOS:000502461700001,
J,"Crabot, Julie; Clappe, Sylvie; Dray, Stephane; Datry, Thibault",,,,,,,,Testing the Mantel statistic with a spatially-constrained permutation procedure,,,,,,,,METHODS IN ECOLOGY AND EVOLUTION,,,,10,4,,,532,540,,,,10.1111/2041-210X.13141,,,,,,,Article,APR 2019,2019,,,,,,,,,,26,1,0,0,25,1,28,,,,,,WOS:000463036400008,
J,"Chambert, Thierry; Grant, Evan H. Campbell; Miller, David A. W.; Nichols, James D.; Mulder, Kevin P.; Brand, Adrianne B.",,,,,,,,Two-species occupancy modelling accounting for species misidentification and non-detection,,,,,,,,METHODS IN ECOLOGY AND EVOLUTION,,,,9,6,,,1468,1477,,,,10.1111/2041-210X.12985,,,,,,,Article,JUN 2018,2018,,,,,,,,,,13,0,0,0,9,0,13,,,,,,WOS:000434977100011,
J,"Henry, Dominic A. W.; Lee, Alan T. K.; Altwegg, Res",,,,,,,,Can time-to-detection models with fewer survey replicates provide a robust alternative to traditional site-occupancy models?,,,,,,,,METHODS IN ECOLOGY AND EVOLUTION,,,,11,5,,,643,655,,,,10.1111/2041-210X.13379,,,,,MAR 2020,,Article,MAY 2020,2020,,,,,,,,,,6,0,0,0,5,0,6,,,,,,WOS:000520258300001,
J,"Soulsbury, Carl; Gray, Helen; Smith, Lauren; Braithwaite, Victoria; Cotter, Sheena; Elwood, Robert W.; Wilkinson, Anna; Collins, Lisa M.",,,,,,,,The welfare and ethics of research involving wild animals: A primer,,,,,,,,METHODS IN ECOLOGY AND EVOLUTION,,,,11,10,,,1164,1181,,,,10.1111/2041-210X.13435,,,,,AUG 2020,,Review,OCT 2020,2020,,,,,,,,,,31,0,0,0,22,0,32,,,,,,WOS:000560864200001,
J,"Mila, Carles; Mateu, Jorge; Pebesma, Edzer; Meyer, Hanna",,,,,,,,Nearest neighbour distance matching Leave-One-Out Cross-Validation for map validation,,,,,,,,METHODS IN ECOLOGY AND EVOLUTION,,,,13,6,,,1304,1316,,,,10.1111/2041-210X.13851,,,,,APR 2022,,Article,JUN 2022,2022,,,,,,,,,,2,0,0,0,1,0,2,,,,,,WOS:000779185100001,
J,"Spiers, Anna, I; Royle, J. Andrew; Torrens, Christa L.; Joseph, Maxwell B.",,,,,,,,"Estimating species misclassification with occupancy dynamics and encounter rates: A semi-supervised, individual-level approach",,,,,,,,METHODS IN ECOLOGY AND EVOLUTION,,,,13,7,,,1528,1539,,,,10.1111/2041-210X.13858,,,,,APR 2022,,Article,JUL 2022,2022,,,,,,,,,,0,0,0,0,0,0,0,,,,,,WOS:000785573500001,
J,"Johnston, Alison; Fink, Daniel; Hochachka, Wesley M.; Kelling, Steve",,,,,,,,Estimates of observer expertise improve species distributions from citizen science data,,,,,,,,METHODS IN ECOLOGY AND EVOLUTION,,,,9,1,,,88,97,,,,10.1111/2041-210X.12838,,,,,,,Article,JAN 2018,2018,,,,,,,,,,88,0,0,0,81,0,90,,,,,,WOS:000419821200010,
J,"Brocklehurst, Neil; Day, Michael O.; Froebisch, Joerg",,,,,,,,Accounting for differences in species frequency distributions when calculating beta diversity in the fossil record,,,,,,,,METHODS IN ECOLOGY AND EVOLUTION,,,,9,6,,,1409,1420,,,,10.1111/2041-210X.13007,,,,,,,Article,JUN 2018,2018,,,,,,,,,,14,0,0,0,10,0,14,,,,,,WOS:000434977100005,
J,"Lugg, William H.; Griffiths, Josh; van Rooyen, Anthony R.; Weeks, Andrew R.; Tingley, Reid",,,,,,,,Optimal survey designs for environmental DNA sampling,,,,,,,,METHODS IN ECOLOGY AND EVOLUTION,,,,9,4,,,1049,1059,,,,10.1111/2041-210X.12951,,,,,,,Article,APR 2018,2018,,,,,,,,,,34,4,0,0,35,0,39,,,,,,WOS:000429421800022,
J,"Boor, Gina K. Himes K.; McGuire, Tamara L.; Warlick, Amanda J.; Taylor, Rebecca L.; Converse, Sarah J.; McClung, John R.; Stephens, Amber D.",,,,,,,,Estimating reproductive and juvenile survival rates when offspring ages are uncertain: A novel multievent mark-resight model with beluga whale case study,,,,,,,,METHODS IN ECOLOGY AND EVOLUTION,,,,,,,,,,,,,10.1111/2041-210X.14032,,,,,DEC 2022,,Article; Early Access,,2022,,,,,,,,,,0,0,0,0,0,0,0,,,,,,WOS:000894053700001,
J,"Fukaya, Keiichi; Kondo, Natsuko Ito; Matsuzaki, Shin-ichiro S.; Kadoya, Taku",,,,,,,,Multispecies site occupancy modelling and study design for spatially replicated environmental DNA metabarcoding,,,,,,,,METHODS IN ECOLOGY AND EVOLUTION,,,,13,1,,,183,193,,,,10.1111/2041-210X.13732,,,,,OCT 2021,,Article,JAN 2022,2022,,,,,,,,,,5,0,0,0,3,0,5,,,,,,WOS:000707667600001,
J,"Leorna, Scott; Brinkman, Todd; Fullman, Timothy",,,,,,,,Estimating animal size or distance in camera trap images: Photogrammetry using the pinhole camera model,,,,,,,,METHODS IN ECOLOGY AND EVOLUTION,,,,13,8,,,1707,1718,,,,10.1111/2041-210X.13880,,,,,MAY 2022,,Article,AUG 2022,2022,,,,,,,,,,1,0,0,0,1,0,1,,,,,,WOS:000793565900001,
J,"Altwegg, Res; Nichols, James D.",,,,,,,,Occupancy models for citizen-science data,,,,,,,,METHODS IN ECOLOGY AND EVOLUTION,,,,10,1,,,8,21,,,,10.1111/2041-210X.13090,,,,,,,Article,JAN 2019,2019,,,,,,,,,,51,0,0,0,46,0,53,,,,,,WOS:000457750600002,
J,"Miele, Vincent; Dussert, Gaspard; Spataro, Bruno; Chamaille-Jammes, Simon; Allaine, Dominique; Bonenfant, Christophe",,,,,,,,Revisiting animal photo-identification using deep metric learning and network analysis,,,,,,,,METHODS IN ECOLOGY AND EVOLUTION,,,,12,5,,,863,873,,,,10.1111/2041-210X.13577,,,,,MAR 2021,,Article,MAY 2021,2021,,,,,,,,,,5,0,0,0,2,0,5,,,,,,WOS:000629783500001,
J,"Tingley, Morgan W.; Nadeau, Christopher P.; Sandor, Manette E.",,,,,,,,Multi-species occupancy models as robust estimators of community richness,,,,,,,,METHODS IN ECOLOGY AND EVOLUTION,,,,11,5,,,633,642,,,,10.1111/2041-210X.13378,,,,,,,Article,MAY 2020,2020,,,,,,,,,,14,0,0,0,12,0,14,,,,,,WOS:000530030400003,
J,"Riecke, Thomas V.; Leach, Alan G.; Gibson, Dan; Sedinger, James S.",,,,,,,,Parameterizing the robust design in the BUGS language: Lifetime carry-over effects of environmental conditions during growth on a long-lived bird,,,,,,,,METHODS IN ECOLOGY AND EVOLUTION,,,,9,11,,,2294,2305,,,,10.1111/2041-210X.13065,,,,,,,Article,NOV 2018,2018,,,,,,,,,,9,0,0,0,8,0,9,,,,,,WOS:000449864800012,
J,"Reich, Brian J.; Pacifici, Krishna; Stallings, Jonathan W.",,,,,,,,Integrating auxiliary data in optimal spatial design for species distribution modelling,,,,,,,,METHODS IN ECOLOGY AND EVOLUTION,,,,9,6,,,1626,1637,,,,10.1111/2041-210X.13002,,,,,,,Article,JUN 2018,2018,,,,,,,,,,14,0,0,0,13,0,14,,,,,,WOS:000434977100025,
J,"Fidino, Mason; Simonis, Juniper L.; Magle, Seth B.",,,,,,,,A multistate dynamic occupancy model to estimate local colonization-extinction rates and patterns of co-occurrence between two or more interacting species,,,,,,,,METHODS IN ECOLOGY AND EVOLUTION,,,,10,2,,,233,244,,,,10.1111/2041-210X.13117,,,,,,,Article,FEB 2019,2019,,,,,,,,,,17,0,0,0,16,0,17,,,,,,WOS:000459020800007,
J,"Kays, Roland; Arbogast, Brian S.; Baker-Whatton, Megan; Beirne, Christopher; Boone, Hailey M.; Bowler, Mark; Burneo, Santiago F.; Cove, Michael, V; Ding, Ping; Espinosa, Santiago; Sousa Goncalves, Andre Luis; Hansen, Christopher P.; Jansen, Patrick A.; Kolowski, Joseph M.; Knowles, Travis W.; Moreira Lima, Marcela Guimaraes; Millspaugh, Joshua; McShea, William; Pacifici, Krishna; Parsons, Arielle W.; Pease, Brent; Rovero, Francesco; Santos, Fernanda; Schuttler, Stephanie G.; Sheil, Douglas; Si, Xingfeng; Snider, Matt; Spironello, Wilson R.",,,,,,,,"An empirical evaluation of camera trap study design: How many, how long and when?",,,,,,,,METHODS IN ECOLOGY AND EVOLUTION,,,,11,6,,,700,713,,,,10.1111/2041-210X.13370,,,,,APR 2020,,Article,JUN 2020,2020,,,,,,,,,,64,4,0,0,60,2,71,,,,,,WOS:000523235800001,
J,"Groom, Quentin J.; Marsh, Charles J.; Gavish, Yoni; Kunin, William E.",,,,,,,,How to predict fine resolution occupancy from coarse occupancy data,,,,,,,,METHODS IN ECOLOGY AND EVOLUTION,,,,9,11,,,2273,2282,,,,10.1111/2041-210X.13078,,,,,,,Article,NOV 2018,2018,,,,,,,,,,5,0,0,0,4,0,5,,,,,,WOS:000449864800010,
J,"Howe, Eric J.; Buckland, Stephen T.; Despres-Einspenner, Marie-Lyne; Kuehl, Hjalmar S.",,,,,,,,Model selection with overdispersed distance sampling data,,,,,,,,METHODS IN ECOLOGY AND EVOLUTION,,,,10,1,,,38,47,,,,10.1111/2041-210X.13082,,,,,,,Article,JAN 2019,2019,,,,,,,,,,12,0,0,0,10,0,12,,,,,,WOS:000457750600004,
J,"Weiss, Brigitte M.; Marcillo, Andrea; Manser, Marta; Holland, Ruben; Birkemeyer, Claudia; Widdig, Anja",,,,,,,,A non-invasive method for sampling the body odour of mammals,,,,,,,,METHODS IN ECOLOGY AND EVOLUTION,,,,9,2,,,420,429,,,,10.1111/2041-210X.12888,,,,,,,Article,FEB 2018,2018,,,,,,,,,,17,1,0,0,13,0,17,,,,,,WOS:000425027700021,
J,"Bowler, Ellen; Lefebvre, Veronique; Pfeifer, Marion; Ewers, Robert M.",,,,,,,,Optimising sampling designs for habitat fragmentation studies,,,,,,,,METHODS IN ECOLOGY AND EVOLUTION,,,,13,1,,,217,229,,,,10.1111/2041-210X.13731,,,,,OCT 2021,,Article,JAN 2022,2022,,,,,,,,,,0,0,0,0,0,0,0,,,,,,WOS:000707395600001,
J,"Perret, Jan; Charpentier, Anne; Pradel, Roger; Papuga, Guillaume; Besnard, Aurelien",,,,,,,,Spatially balanced sampling methods are always more precise than random ones for estimating the size of aggregated populations,,,,,,,,METHODS IN ECOLOGY AND EVOLUTION,,,,,,,,,,,,,10.1111/2041-210X.14015,,,,,NOV 2022,,Article; Early Access,,2022,,,,,,,,,,0,0,0,0,0,0,0,,,,,,WOS:000878428100001,
J,"Faiman, Roy; Dao, Adama; Yaro, Alpha Seydou; Diallo, Moussa; Djibril, Samake; Sanogo, Zana Lamissa; Ousmane, Yossi; Sullivan, Margery; Veru, Laura; Krajacich, Benjamin J.; Krishna, Asha; Matthews, Joy; France, Christine A. M.; Hamer, Gabriel; Hobson, Keith A.; Lehmann, Tovi",,,,,,,,Marking mosquitoes in their natural larval sites using H-2-enriched water: A promising approach for tracking over extended temporal and spatial scales,,,,,,,,METHODS IN ECOLOGY AND EVOLUTION,,,,10,8,,,1274,1285,,,,10.1111/2041-210X.13210,,,,,,,Article,AUG 2019,2019,,,,,,,,,,6,0,0,0,6,0,6,,,,,,WOS:000479111100014,32855783
J,"Alberdi, Antton; Aizpurua, Ostaizka; Gilbert, M. Thomas P.; Bohmann, Kristine",,,,,,,,Scrutinizing key steps for reliable metabarcoding of environmental samples,,,,,,,,METHODS IN ECOLOGY AND EVOLUTION,,,,9,1,,,134,147,,,,10.1111/2041-210X.12849,,,,,,,Article,JAN 2018,2018,,,,,,,,,,247,1,0,0,242,0,259,,,,,,WOS:000419821200014,
J,"Hamilton, Olivia N. P.; Kincaid, Sophie E.; Constantine, Rochelle; Kozmian-Ledward, Lily; Walker, Cameron G.; Fewster, Rachel M.",,,,,,,,Accounting for uncertainty in duplicate identification and group size judgements in mark-recapture distance sampling,,,,,,,,METHODS IN ECOLOGY AND EVOLUTION,,,,9,2,,,354,362,,,,10.1111/2041-210X.12895,,,,,,,Article,FEB 2018,2018,,,,,,,,,,7,0,0,0,7,0,7,,,,,,WOS:000425027700014,
J,"Massatti, Rob; Winkler, Daniel E.",,,,,,,,Spatially explicit management of genetic diversity using ancestry probability surfaces,,,,,,,,METHODS IN ECOLOGY AND EVOLUTION,,,,,,,,,,,,,10.1111/2041-210X.13902,,,,,JUN 2022,,Article; Early Access,,2022,,,,,,,,,,0,0,0,0,0,0,0,,,,,,WOS:000808310300001,
J,"Chambert, Thierry; Waddle, J. Hardin; Miller, David A. W.; Walls, Susan C.; Nichols, James D.",,,,,,,,A new framework for analysing automated acoustic species detection data: Occupancy estimation and optimization of recordings post-processing,,,,,,,,METHODS IN ECOLOGY AND EVOLUTION,,,,9,3,,,560,570,,,,10.1111/2041-210X.12910,,,,,,,Article,MAR 2018,2018,,,,,,,,,,35,0,0,0,32,0,38,,,,,,WOS:000426867600012,
J,"Brack, Ismael V.; Kindel, Andreas; Oliveira, Luiz Flamarion B.",,,,,,,,"Detection errors in wildlife abundance estimates from Unmanned Aerial Systems (UAS) surveys: Synthesis, solutions, and challenges",,,,,,,,METHODS IN ECOLOGY AND EVOLUTION,,,,9,8,,,1864,1873,,,,10.1111/2041-210X.13026,,,,,,,Review,AUG 2018,2018,,,,,,,,,,34,0,1,0,17,0,35,,,,,,WOS:000440846600008,
J,"Doser, Jeffrey W.; Leuenberger, Wendy; Sillett, T. Scott; Hallworth, Michael T.; Zipkin, Elise F.",,,,,,,,Integrated community occupancy models: A framework to assess occurrence and biodiversity dynamics using multiple data sources,,,,,,,,METHODS IN ECOLOGY AND EVOLUTION,,,,13,4,,,919,932,,,,10.1111/2041-210X.13811,,,,,FEB 2022,,Article,APR 2022,2022,,,,,,,,,,1,0,0,0,1,0,1,,,,,,WOS:000761803600001,
J,"Cardoso, Goncalo C.",,,,,,,,Double quantile regression accurately assesses distance to boundary trade-offs,,,,,,,,METHODS IN ECOLOGY AND EVOLUTION,,,,10,8,,,1322,1331,,,,10.1111/2041-210X.13193,,,,,,,Article,AUG 2019,2019,,,,,,,,,,4,0,0,0,4,0,4,,,,,,WOS:000479111100018,
J,"He, Peng; Klarevas-Irby, James A.; Papageorgiou, Danai; Christensen, Charlotte; Strauss, Eli D.; Farine, Damien R.",,,,,,,,A guide to sampling design for GPS-based studies of animal societies,,,,,,,,METHODS IN ECOLOGY AND EVOLUTION,,,,,,,,,,,,,10.1111/2041-210X.13999,,,,,OCT 2022,,Article; Early Access,,2022,,,,,,,,,,0,0,0,0,0,0,0,,,,,,WOS:000865811200001,
J,"Bachl, Fabian E.; Lindgren, Finn; Borchers, David L.; Illian, Janine B.",,,,,,,,inlabru: an R package for Bayesian spatial modelling from ecological survey data,,,,,,,,METHODS IN ECOLOGY AND EVOLUTION,,,,10,6,,,760,766,,,,10.1111/2041-210X.13168,,,,,,,Article,JUN 2019,2019,,,,,,,,,,50,0,0,0,24,0,50,,,,,,WOS:000470017200002,
J,"Whytock, Robin C.; Swiezewski, Jedrzej; Zwerts, Joeri A.; Pambo, Aurelie Flore Koumba; Rogala, Marek; Bahaa-el-din, Laila; Boekee, Kelly; Brittain, Stephanie; Cardoso, Anabelle W.; Henschel, Philipp; Lehmann, David; Momboua, Brice; Opepa, Cisquet Kiebou; Orbell, Christopher; Pitman, Ross T.; Robinson, Hugh S.; Abernethy, Katharine A.",,,,,,,,Robust ecological analysis of camera trap data labelled by a machine learning model,,,,,,,,METHODS IN ECOLOGY AND EVOLUTION,,,,12,6,,,1080,1092,,,,10.1111/2041-210X.13576,,,,,MAR 2021,,Article,JUN 2021,2021,,,,,,,,,,15,0,0,0,7,0,15,,,,,,WOS:000627162500001,
J,"Cohen, Emily B.; Hostetler, Jeffrey A.; Hallworth, Michael T.; Rushing, Clark S.; Sillett, T. Scott; Marra, Peter P.",,,,,,,,Quantifying the strength of migratory connectivity,,,,,,,,METHODS IN ECOLOGY AND EVOLUTION,,,,9,3,,,513,524,,,,10.1111/2041-210X.12916,,,,,,,Article,MAR 2018,2018,,,,,,,,,,56,1,0,0,54,0,58,,,,,,WOS:000426867600008,
J,"Castellanos, Adrian A.; Huntley, Jerry W.; Voelker, Gary; Lawing, A. Michelle",,,,,,,,Environmental filtering improves ecological niche models across multiple scales,,,,,,,,METHODS IN ECOLOGY AND EVOLUTION,,,,10,4,,,481,492,,,,10.1111/2041-210X.13142,,,,,,,Article,APR 2019,2019,,,,,,,,,,24,0,0,0,23,0,24,,,,,,WOS:000463036400004,
J,"Doser, Jeffrey W.; Finley, Andrew O.; Weed, Aaron S.; Zipkin, Elise F.",,,,,,,,Integrating automated acoustic vocalization data and point count surveys for estimation of bird abundance,,,,,,,,METHODS IN ECOLOGY AND EVOLUTION,,,,12,6,,,1040,1049,,,,10.1111/2041-210X.13578,,,,,MAR 2021,,Article,JUN 2021,2021,,,,,,,,,,7,0,0,0,5,0,7,,,,,,WOS:000625675400001,
J,"Nunez-Penichet, Claudia; Cobos, Marlon E.; Soberon, Jorge; Gueta, Tomer; Barve, Narayani; Barve, Vijay; Navarro-Siguenza, Adolfo G.; Peterson, A. Townsend",,,,,,,,Selection of sampling sites for biodiversity inventory: Effects of environmental and geographical considerations,,,,,,,,METHODS IN ECOLOGY AND EVOLUTION,,,,13,7,,,1595,1607,,,,10.1111/2041-210X.13869,,,,,APR 2022,,Article,JUL 2022,2022,,,,,,,,,,1,0,0,0,1,0,1,,,,,,WOS:000794168000001,
J,"Dillon, Erin M.; Lafferty, Kevin D.; McCauley, Douglas J.; Bradley, Darcy; Norris, Richard D.; Caselle, Jennifer E.; DiRenzo, Graziella V.; Gardner, Jonathan P. A.; O'Dea, Aaron",,,,,,,,Dermal denticle assemblages in coral reef sediments correlate with conventional shark surveys,,,,,,,,METHODS IN ECOLOGY AND EVOLUTION,,,,11,3,,,362,375,,,,10.1111/2041-210X.13346,,,,,,,Article,MAR 2020,2020,,,,,,,,,,8,0,0,0,5,0,8,,,,,,WOS:000517173300002,
J,"Robinson, Robert A.; Gardner, Beth",,,,,,,,Advances in modelling demographic processes: The Euring 2017 Analytical Meeting,,,,,,,,METHODS IN ECOLOGY AND EVOLUTION,,,,10,1,,,4,7,,,,10.1111/2041-210X.13127,,,,,,,Editorial Material,JAN 2019,2019,,,,,,,,,,1,0,0,0,1,0,1,,,,,,WOS:000457750600001,
J,"Williams, Byron K.; Brown, Eleanor D.",,,,,,,,Sampling and analysis frameworks for inference in ecology,,,,,,,,METHODS IN ECOLOGY AND EVOLUTION,,,,10,11,,,1832,1842,,,,10.1111/2041-210X.13279,,,,,,,Review,NOV 2019,2019,,,,,,,,,,17,1,0,0,16,0,17,,,,,,WOS:000493801800001,
J,"Stratton, Christian; Irvine, Kathryn M.; Banner, Katharine M.; Wright, Wilson J.; Lausen, Cori; Rae, Jason",,,,,,,,Coupling validation effort with in situ bioacoustic data improves estimating relative activity and occupancy for multiple species with cross-species misclassifications,,,,,,,,METHODS IN ECOLOGY AND EVOLUTION,,,,13,6,,,1288,1303,,,,10.1111/2041-210X.13831,,,,,MAR 2022,,Article,JUN 2022,2022,,,,,,,,,,2,0,0,0,1,0,2,,,,,,WOS:000774015600001,
J,"Crunchant, Anne-Sophie; Borchers, David; Kuehl, Hjalmar; Piel, Alex",,,,,,,,Listening and watching: Do camera traps or acoustic sensors more efficiently detect wild chimpanzees in an open habitat?,,,,,,,,METHODS IN ECOLOGY AND EVOLUTION,,,,11,4,,,542,552,,,,10.1111/2041-210X.13362,,,,,FEB 2020,,Article,APR 2020,2020,,,,,,,,,,15,0,1,0,6,0,15,,,,,,WOS:000515554100001,
J,"Metcalf, Oliver C.; Ewen, John G.; McCready, Mhairi; Williams, Emma M.; Rowcliffe, J. Marcus",,,,,,,,A novel method for using ecoacoustics to monitor post-translocation behaviour in an endangered passerine,,,,,,,,METHODS IN ECOLOGY AND EVOLUTION,,,,10,5,,,626,636,,,,10.1111/2041-210X.13147,,,,,,,Article,MAY 2019,2019,,,,,,,,,,10,0,0,0,9,0,10,,,,,,WOS:000471332800003,
J,"Baloglu, Bilgenur; Chen, Zhewei; Elbrecht, Vasco; Braukmann, Thomas; MacDonald, Shanna; Steinke, Dirk",,,,,,,,A workflow for accurate metabarcoding using nanopore MinION sequencing,,,,,,,,METHODS IN ECOLOGY AND EVOLUTION,,,,12,5,,,794,804,,,,10.1111/2041-210X.13561,,,,,FEB 2021,,Article,MAY 2021,2021,,,,,,,,,,11,0,0,0,9,0,11,,,,,,WOS:000619081700001,
J,"Donald, Marion L.; Bolstridge, Nic; Ridden, Johnathon D.",,,,,,,,Precision glycerine jelly swab for removing pollen from small and fragile insect specimens,,,,,,,,METHODS IN ECOLOGY AND EVOLUTION,,,,,,,,,,,,,10.1111/2041-210X.13863,,,,,APR 2022,,Article; Early Access,,2022,,,,,,,,,,0,0,0,0,0,0,0,,,,,,WOS:000782998600001,
J,"Fay, Remi; Authier, Matthieu; Hamel, Sandra; Jenouvrier, Stephanie; van de Pol, Martijn; Cam, Emmanuelle; Gaillard, Jean-Michel; Yoccoz, Nigel G.; Acker, Paul; Allen, Andrew; Aubry, Lise M.; Bonenfant, Christophe; Caswell, Hal; Coste, Christophe F. D.; Larue, Benjamin; Le Coeur, Christie; Gamelon, Marlene; Macdonald, Kaitlin R.; Moiron, Maria; Nicol-Harper, Alex; Pelletier, Fanie; Rotella, Jay J.; Teplitsky, Celine; Touzot, Laura; Wells, Caitlin P.; Saether, Bernt-Erik",,,,,,,,Quantifying fixed individual heterogeneity in demographic parameters: Performance of correlated random effects for Bernoulli variables,,,,,,,,METHODS IN ECOLOGY AND EVOLUTION,,,,13,1,,,91,104,,,,10.1111/2041-210X.13728,,,,,OCT 2021,,Article,JAN 2022,2022,,,,,,,,,,3,0,0,0,3,0,3,,,,,,WOS:000711581100001,
J,"DiRenzo, Graziella V.; Hanks, Ephraim; Miller, David A. W.",,,,,,,,A practical guide to understanding and validating complex models using data simulations,,,,,,,,METHODS IN ECOLOGY AND EVOLUTION,,,,,,,,,,,,,10.1111/2041-210X.14030,,,,,NOV 2022,,Article; Early Access,,2022,,,,,,,,,,0,0,0,0,0,0,0,,,,,,WOS:000889442200001,
J,"Frans, Veronica F.; Auge, Amelie A.; Edelhoff, Hendrik; Erasmi, Stefan; Balkenhol, Niko; Engler, Jan O.",,,,,,,,Quantifying apart what belongs together: A multi-state species distribution modelling framework for species using distinct habitats,,,,,,,,METHODS IN ECOLOGY AND EVOLUTION,,,,9,1,,,98,108,,,,10.1111/2041-210X.12847,,,,,,,Article,JAN 2018,2018,,,,,,,,,,18,0,1,0,15,0,18,,,,,,WOS:000419821200011,
J,"Manuel Alvarez-Martinez, Jose; Jimenez-Alfaro, Borja; Barquin, Jose; Ondiviela, Barbara; Recio, Maria; Silio-Calzada, Ana; Antonio Juanes, Jose",,,,,,,,Modelling the area of occupancy of habitat types with remote sensing,,,,,,,,METHODS IN ECOLOGY AND EVOLUTION,,,,9,3,,,580,593,,,,10.1111/2041-210X.12925,,,,,,,Article,MAR 2018,2018,,,,,,,,,,35,0,1,0,26,0,36,,,,,,WOS:000426867600014,
J,"Fisher, Kelsey Elizabeth; Dixon, Phil M.; Han, Gang; Adelman, James Stephen; Bradbury, Steven P.",,,,,,,,Locating large insects using automated VHF radio telemetry with a multi-antennae array,,,,,,,,METHODS IN ECOLOGY AND EVOLUTION,,,,12,3,,,494,506,,,,10.1111/2041-210X.13529,,,,,DEC 2020,,Article,MAR 2021,2021,,,,,,,,,,7,0,0,0,5,0,7,,,,,,WOS:000597424500001,
J,"Bouchet, Phil J.; Miller, David L.; Roberts, Jason J.; Mannocci, Laura; Harris, Catriona M.; Thomas, Len",,,,,,,,dsmextra: Extrapolation assessment tools for density surface models,,,,,,,,METHODS IN ECOLOGY AND EVOLUTION,,,,11,11,,,1464,1469,,,,10.1111/2041-210X.13469,,,,,SEP 2020,,Article,NOV 2020,2020,,,,,,,,,,20,0,0,0,17,0,20,,,,,,WOS:000571593200001,
J,"Balbuena, Juan A.; Monlleo-Borrull, Clara; Llopis-Belenguer, Cristina; Blasco-Costa, Isabel; Sarabeev, Volodimir L.; Morand, Serge",,,,,,,,Fuzzy quantification of common and rare species in ecological communities (FuzzyQ),,,,,,,,METHODS IN ECOLOGY AND EVOLUTION,,,,12,6,,,1070,1079,,,,10.1111/2041-210X.13588,,,,,MAR 2021,,Article,JUN 2021,2021,,,,,,,,,,4,0,0,0,3,0,4,,,,,,WOS:000631658900001,
J,"Kraus, Richard T.; Holbrook, Christopher M.; Vandergoot, Christopher S.; Stewart, Taylor R.; Faust, Matthew D.; Watkinson, Douglas A.; Charles, Colin; Pegg, Mark; Enders, Eva C.; Krueger, Charles C.",,,,,,,,Evaluation of acoustic telemetry grids for determining aquatic animal movement and survival,,,,,,,,METHODS IN ECOLOGY AND EVOLUTION,,,,9,6,,,1489,1502,,,,10.1111/2041-210X.12996,,,,,,,Article,JUN 2018,2018,,,,,,,,,,35,0,0,0,28,0,34,,,,,,WOS:000434977100013,
J,"Rocchini, Duccio; Luque, Sandra; Pettorelli, Nathalie; Bastin, Lucy; Doktor, Daniel; Faedi, Nicolo; Feilhauer, Hannes; Feret, Jean-Baptiste; Foody, Giles M.; Gavish, Yoni; Godinho, Sergio; Kunin, William E.; Lausch, Angela; Leitao, Pedro J.; Marcantonio, Matteo; Neteler, Markus; Ricotta, Carlo; Schmidtlein, Sebastian; Vihervaara, Petteri; Wegmann, Martin; Nagendra, Harini",,,,,,,,Measuring beta-diversity by remote sensing: A challenge for biodiversity monitoring,,,,,,,,METHODS IN ECOLOGY AND EVOLUTION,,,,9,8,,,1787,1798,,,,10.1111/2041-210X.12941,,,,,,,Article,AUG 2018,2018,,,,,,,,,,64,2,0,0,40,0,66,,,,,,WOS:000440846600002,
J,"Hodel, Florian H.; Fieberg, John R.",,,,,,,,Circular-linear copulae for animal movement data,,,,,,,,METHODS IN ECOLOGY AND EVOLUTION,,,,13,5,,,1001,1013,,,,10.1111/2041-210X.13821,,,,,MAR 2022,,Article,MAY 2022,2022,,,,,,,,,,1,0,0,0,1,0,1,,,,,,WOS:000786417200001,35915739
J,"Renner, Ian W.; Louvrier, Julie; Gimenez, Olivier",,,,,,,,Combining multiple data sources in species distribution models while accounting for spatial dependence and overfitting with combined penalized likelihood maximization,,,,,,,,METHODS IN ECOLOGY AND EVOLUTION,,,,10,12,,,2118,2128,,,,10.1111/2041-210X.13297,,,,,,,Article,DEC 2019,2019,,,,,,,,,,6,0,0,0,4,0,6,,,,,,WOS:000500162600010,
J,"Wang, Yucheng; Korneliussen, Thorfinn Sand; Holman, Luke E.; Manica, Andrea; Pedersen, Mikkel Winther",,,,,,,,ngsLCA-A toolkit for fast and flexible lowest common ancestor inference and taxonomic profiling of metagenomic data,,,,,,,,METHODS IN ECOLOGY AND EVOLUTION,,,,,,,,,,,,,10.1111/2041-210X.14006,,,,,OCT 2022,,Article; Early Access,,2022,,,,,,,,,,0,0,0,0,0,0,0,,,,,,WOS:000866827600001,
J,"Eikelboom, Jasper A. J.; Wind, Johan; van de Ven, Eline; Kenana, Lekishon M.; Schroder, Bradley; de Knegt, Henrik J.; van Langevelde, Frank; Prins, Herbert H. T.",,,,,,,,Improving the precision and accuracy of animal population estimates with aerial image object detection,,,,,,,,METHODS IN ECOLOGY AND EVOLUTION,,,,10,11,,,1875,1887,,,,10.1111/2041-210X.13277,,,,,AUG 2019,,Article,NOV 2019,2019,,,,,,,,,,38,1,0,0,25,0,39,,,,,,WOS:000488346300001,
J,"Barber, Cristina; Zaiats, Andrii; Applestein, Cara; Rosenthal, Lisa; Caughlin, T. Trevor",,,,,,,,Bayesian models for spatially explicit interactions between neighbouring plants,,,,,,,,METHODS IN ECOLOGY AND EVOLUTION,,,,,,,,,,,,,10.1111/2041-210X.13998,,,,,OCT 2022,,Article; Early Access,,2022,,,,,,,,,,1,0,0,0,1,0,1,,,,,,WOS:000866095000001,
J,"Balantic, Cathleen; Donovan, Therese",,,,,,,,AMMonitor: Remote monitoring of biodiversity in an adaptive framework with r,,,,,,,,METHODS IN ECOLOGY AND EVOLUTION,,,,11,7,,,869,877,,,,10.1111/2041-210X.13397,,,,,MAY 2020,,Article,JUL 2020,2020,,,,,,,,,,1,0,0,0,1,0,1,,,,,,WOS:000529882700001,
J,"Brownscombe, Jacob W.; Griffin, Lucas P.; Chapman, Jacqueline M.; Morley, Danielle; Acosta, Alejandro; Crossin, Glenn T.; Iverson, Sara J.; Adams, Aaron J.; Cooke, Steven J.; Danylchuk, Andy J.",,,,,,,,A practical method to account for variation in detection range in acoustic telemetry arrays to accurately quantify the spatial ecology of aquatic animals,,,,,,,,METHODS IN ECOLOGY AND EVOLUTION,,,,11,1,,,82,94,,,,10.1111/2041-210X.13322,,,,,NOV 2019,,Article,JAN 2020,2020,,,,,,,,,,23,0,0,0,19,0,23,,,,,,WOS:000498134800001,
J,"Fleming, Christen H.; Deznabi, Iman; Alavi, Shauhin; Crofoot, Margaret C.; Hirsch, Ben T.; Medici, E. Patricia; Noonan, Michael J.; Kays, Roland; Fagan, William F.; Sheldon, Daniel; Calabrese, Justin M.",,,,,,,,Population-level inference for home-range areas,,,,,,,,METHODS IN ECOLOGY AND EVOLUTION,,,,13,5,,,1027,1041,,,,10.1111/2041-210X.13815,,,,,MAR 2022,,Article,MAY 2022,2022,,,,,,,,,,1,0,0,0,1,0,1,,,,,,WOS:000767434700001,
J,"Drake, Lorna E.; Cuff, Jordan P.; Young, Rebecca E.; Marchbank, Angela; Chadwick, Elizabeth A.; Symondson, William O. C.",,,,,,,,An assessment of minimum sequence copy thresholds for identifying and reducing the prevalence of artefacts in dietary metabarcoding data,,,,,,,,METHODS IN ECOLOGY AND EVOLUTION,,,,13,3,,,694,710,,,,10.1111/2041-210X.13780,,,,,DEC 2021,,Article,MAR 2022,2022,,,,,,,,,,12,0,0,0,8,0,12,,,,,,WOS:000730071700001,
J,"Singer, Alexander; Bradter, Ute; Fabritius, Henna; Snall, Tord",,,,,,,,Dating past colonization events to project future species distributions,,,,,,,,METHODS IN ECOLOGY AND EVOLUTION,,,,10,4,,,471,480,,,,10.1111/2041-210X.13134,,,,,,,Article,APR 2019,2019,,,,,,,,,,1,0,0,0,1,0,1,,,,,,WOS:000463036400003,
J,"Hill, Andrew P.; Prince, Peter; Covarrubias, Evelyn Pina; Doncaster, C. Patrick; Snaddon, Jake L.; Rogers, Alex",,,,,,,,AudioMoth: Evaluation of a smart open acoustic device for monitoring biodiversity and the environment,,,,,,,,METHODS IN ECOLOGY AND EVOLUTION,,,,9,5,,,1199,1211,,,,10.1111/2041-210X.12955,,,,,,,Article,MAY 2018,2018,,,,,,,,,,156,1,0,0,114,1,158,,,,,,WOS:000431666300005,
J,"Cretois, Benjamin; Rosten, Carolyn M.; Sethi, Sarab S.",,,,,,,,Voice activity detection in eco-acoustic data enables privacy protection and is a proxy for human disturbance,,,,,,,,METHODS IN ECOLOGY AND EVOLUTION,,,,,,,,,,,,,10.1111/2041-210X.14005,,,,,OCT 2022,,Article; Early Access,,2022,,,,,,,,,,0,0,0,0,0,0,0,,,,,,WOS:000869177900001,
J,"Guzzo, Matthew M.; Van Leeuwen, Travis E.; Hollins, Jack; Koeck, Barbara; Newton, Matthew; Webber, Dale M.; Smith, Frank I.; Bailey, David M.; Killen, Shaun S.",,,,,,,,Field testing a novel high residence positioning system for monitoring the fine-scale movements of aquatic organisms,,,,,,,,METHODS IN ECOLOGY AND EVOLUTION,,,,9,6,,,1478,1488,,,,10.1111/2041-210X.12993,,,,,,,Article,JUN 2018,2018,,,,,,,,,,17,0,0,0,14,0,17,,,,,,WOS:000434977100012,30008993
J,"Bradter, Ute; Mair, Louise; Jonsson, Mari; Knape, Jonas; Singer, Alexander; Snall, Tord",,,,,,,,Can opportunistically collected Citizen Science data fill a data gap for habitat suitability models of less common species?,,,,,,,,METHODS IN ECOLOGY AND EVOLUTION,,,,9,7,,,1667,1678,,,,10.1111/2041-210X.13012,,,,,,,Article,JUL 2018,2018,,,,,,,,,,45,0,0,0,40,0,44,,,,,,WOS:000437838600002,
J,"Priestley, Victoria; Allen, Robert; Binstead, Matthew; Arnold, Richard; Savolainen, Vincent",,,,,,,,Quick detection of a rare species: Forensic swabs of survey tubes for hazel dormouse Muscardinus avellanarius urine,,,,,,,,METHODS IN ECOLOGY AND EVOLUTION,,,,12,5,,,818,827,,,,10.1111/2041-210X.13573,,,,,MAR 2021,,Article,MAY 2021,2021,,,,,,,,,,4,0,0,0,3,0,4,,,,,,WOS:000624269300001,
J,"Iannarilli, Fabiola; Arnold, Todd W.; Erb, John; Fieberg, John R.",,,,,,,,Using lorelograms to measure and model correlation in binary data: Applications to ecological studies,,,,,,,,METHODS IN ECOLOGY AND EVOLUTION,,,,10,12,,,2153,2162,,,,10.1111/2041-210X.13308,,,,,OCT 2019,,Article,DEC 2019,2019,,,,,,,,,,4,0,0,0,2,0,4,,,,,,WOS:000492867700001,
J,"Beardsworth, Christine E.; Gobbens, Evy; van Maarseveen, Frank; Denissen, Bas; Dekinga, Anne; Nathan, Ran; Toledo, Sivan; Bijleveld, Allert I.",,,,,,,,Validating ATLAS: A regional-scale high-throughput tracking system,,,,,,,,METHODS IN ECOLOGY AND EVOLUTION,,,,13,9,,,1990,2004,,,,10.1111/2041-210X.13913,,,,,JUL 2022,,Article,SEP 2022,2022,,,,,,,,,,4,0,0,0,2,0,4,,,,,,WOS:000819666700001,
J,"Aben, Job; Pellikka, Petri; Travis, Justin M. J.",,,,,,,,A call for viewshed ecology: Advancing our understanding of the ecology of information through viewshed analysis,,,,,,,,METHODS IN ECOLOGY AND EVOLUTION,,,,9,3,,,624,633,,,,10.1111/2041-210X.12902,,,,,,,Article,MAR 2018,2018,,,,,,,,,,29,0,0,0,20,0,29,,,,,,WOS:000426867600018,
J,"Carotenuto, Francesco; Di Febbraro, Mirko; Mondanaro, Alessandro; Castiglione, Silvia; Serio, Carmela; Melchionna, Marina; Rook, Lorenzo; Raia, Pasquale",,,,,,,,MInOSSE: A new method to reconstruct geographic ranges of fossil species,,,,,,,,METHODS IN ECOLOGY AND EVOLUTION,,,,11,9,,,1121,1132,,,,10.1111/2041-210X.13423,,,,,JUN 2020,,Article,SEP 2020,2020,,,,,,,,,,3,0,0,0,3,0,3,,,,,,WOS:000545266700001,
J,"Van Cleemput, Elisa; Roberts, Dar A.; Honnay, Olivier; Somers, Ben",,,,,,,,A novel procedure for measuring functional traits of herbaceous species through field spectroscopy,,,,,,,,METHODS IN ECOLOGY AND EVOLUTION,,,,10,8,,,1332,1338,,,,10.1111/2041-210X.13237,,,,,,,Article,AUG 2019,2019,,,,,,,,,,5,0,0,0,4,0,5,,,,,,WOS:000479111100019,
J,"Ontiveros, Vicente J.; Capitan, Jose A.; Arthur, Rohan; Casamayor, Emilio O.; Alonso, David",,,,,,,,Colonization and extinction rates estimated from temporal dynamics of ecological communities: The island r package,,,,,,,,METHODS IN ECOLOGY AND EVOLUTION,,,,10,7,,,1108,1117,,,,10.1111/2041-210X.13176,,,,,,,Article,JUL 2019,2019,,,,,,,,,,9,0,0,0,8,0,9,,,,,,WOS:000473662700018,
J,"Sydenham, Markus A. K.; Venter, Zander S.; Reitan, Trond; Rasmussen, Claus; Skrindo, Astrid B.; Skoog, Daniel I. J.; Hanevik, Kaj-Andreas; Hegland, Stein Joar; Dupont, Yoko L.; Nielsen, Anders; Chipperfield, Joseph; Rusch, Graciela M.",,,,,,,,MetaComNet: A random forest-based framework for making spatial predictions of plant-pollinator interactions,,,,,,,,METHODS IN ECOLOGY AND EVOLUTION,,,,13,2,,,500,513,,,,10.1111/2041-210X.13762,,,,,DEC 2021,,Article,FEB 2022,2022,,,,,,,,,,2,0,0,0,1,0,2,,,,,,WOS:000726539400001,
J,"Stidsholt, Laura; Johnson, Mark; Beedholm, Kristian; Jakobsen, Lasse; Kugler, Kathrin; Brinklov, Signe; Salles, Angeles; Moss, Cynthia F.; Madsen, Peter Teglberg",,,,,,,,A 2.6-g sound and movement tag for studying the acoustic scene and kinematics of echolocating bats,,,,,,,,METHODS IN ECOLOGY AND EVOLUTION,,,,10,1,,,48,58,,,,10.1111/2041-210X.13108,,,,,,,Article,JAN 2019,2019,,,,,,,,,,15,0,0,0,10,0,15,,,,,,WOS:000457750600005,
J,"Stears, Alice E.; Adler, Peter B.; Albeke, Shannon E.; Atkins, David H.; Studyvin, Jared; Laughlin, Daniel C.",,,,,,,,plantTracker: An R package to translate maps of plant occurrence into demographic data,,,,,,,,METHODS IN ECOLOGY AND EVOLUTION,,,,13,10,,,2129,2137,,,,10.1111/2041-210X.13950,,,,,AUG 2022,,Article,OCT 2022,2022,,,,,,,,,,0,0,0,0,0,0,0,,,,,,WOS:000840025400001,
J,"Ergon, Torbjorn; Borgan, Ornulf; Nater, Chloe Rebecca; Vindenes, Yngvild",,,,,,,,The utility of mortality hazard rates in population analyses,,,,,,,,METHODS IN ECOLOGY AND EVOLUTION,,,,9,10,,,2046,2056,,,,10.1111/2041-210X.13059,,,,,,,Editorial Material,OCT 2018,2018,,,,,,,,,,27,0,0,0,23,0,27,,,,,,WOS:000446328200001,
J,"Blasco-Moreno, Anabel; Perez-Casany, Marta; Puig, Pedro; Morante, Maria; Castells, Eva",,,,,,,,"What does a zero mean? Understanding false, random and structural zeros in ecology",,,,,,,,METHODS IN ECOLOGY AND EVOLUTION,,,,10,7,,,949,959,,,,10.1111/2041-210X.13185,,,,,,,Article,JUL 2019,2019,,,,,,,,,,55,0,0,0,42,0,55,,,,,,WOS:000473662700003,
J,"Parker, Dan; Roudavski, Stanislav; Jones, Theresa M.; Bradsworth, Nick; Isaac, Bronwyn; Lockett, Martin T.; Soanes, Kylie",,,,,,,,A framework for computer-aided design and manufacturing of habitat structures for cavity-dependent animals,,,,,,,,METHODS IN ECOLOGY AND EVOLUTION,,,,13,4,,,826,841,,,,10.1111/2041-210X.13806,,,,,FEB 2022,,Article,APR 2022,2022,,,,,,,,,,1,0,0,0,0,0,1,,,,,,WOS:000762356000001,
J,"Roth, Tobias; Allan, Eric; Pearman, Peter B.; Amrhein, Valentin",,,,,,,,Functional ecology and imperfect detection of species,,,,,,,,METHODS IN ECOLOGY AND EVOLUTION,,,,9,4,,,917,928,,,,10.1111/2041-210X.12950,,,,,,,Article,APR 2018,2018,,,,,,,,,,18,0,0,0,16,1,18,,,,,,WOS:000429421800010,
J,"Irvine, Kathryn M.; Wright, Wilson J.; Shanahan, Erin K.; Rodhouse, Thomas J.",,,,,,,,Cohesive framework for modelling plant cover class data,,,,,,,,METHODS IN ECOLOGY AND EVOLUTION,,,,10,10,,,1749,1760,,,,10.1111/2041-210X.13262,,,,,AUG 2019,,Article,OCT 2019,2019,,,,,,,,,,6,0,0,0,5,0,6,,,,,,WOS:000488346400001,
J,"Boyd, Robin J.; Powney, Gary D.; Burns, Fiona; Danet, Alain; Duchenne, Francois; Grainger, Matthew J.; Jarvis, Susan G.; Martin, Gabrielle; Nilsen, Erlend B.; Porcher, Emmanuelle; Stewart, Gavin B.; Wilson, Oliver J.; Pescott, Oliver L.",,,,,,,,ROBITT: A tool for assessing the risk-of-bias in studies of temporal trends in ecology,,,,,,,,METHODS IN ECOLOGY AND EVOLUTION,,,,13,7,,,1497,1507,,,,10.1111/2041-210X.13857,,,,,APR 2022,,Article,JUL 2022,2022,,,,,,,,,,2,0,0,0,2,0,2,,,,,,WOS:000778606800001,36250156
J,"Chen, Youhua; Wu, Yongbin; Zhou, Jin; Zhang, Wenyan; Lin, Hong-Da; Liu, Xinke; Pan, Kaiwen; Shen, Tsung-Jen; Pan, Zhifen",,,,,,,,Effectively inferring overall spatial distribution pattern of species in a map when exact coordinate information is missing,,,,,,,,METHODS IN ECOLOGY AND EVOLUTION,,,,12,6,,,971,984,,,,10.1111/2041-210X.13590,,,,,APR 2021,,Article,JUN 2021,2021,,,,,,,,,,0,1,0,0,1,0,1,,,,,,WOS:000637746800001,
J,"DiRenzo, Graziella V.; Grant, Evan H. Campbell; Longo, Ana V.; Che-Castaldo, Christian; Zamudio, Kelly R.; Lips, Karen R.",,,,,,,,Imperfect pathogen detection from non-invasive skin swabs biases disease inference,,,,,,,,METHODS IN ECOLOGY AND EVOLUTION,,,,9,2,,,380,389,,,,10.1111/2041-210X.12868,,,,,,,Article,FEB 2018,2018,,,,,,,,,,33,0,0,0,25,0,33,,,,,,WOS:000425027700017,
