Publication Type,Authors,Book Authors,Group Authors,Book Group Authors,Researcher Ids,ORCIDs,Book Editors,Author - Arabic,Article Title,Article Title - SciELO,Article Title - SciELO,Article Title - Chinese,Article Title - Russian,Patent Number,Patent Assignee,Source Title - Arabic,Source Title,Source Title - Korean,Book Series Title,Book Series Subtitle,Volume,Issue,Special Issue,Meeting Abstract,Start Page,End Page,Article Number,Version,Version History,DOI,Book DOI,License Name,License URI,License Description,Early Access Date,Supplement,Document Type,Publication Date,Publication Year,Abstract,Abstract - Foreign,Abstract - English Transliteration ,Abstract - Foreign,Abstract - Korean,Conference Title,Conference Date,Conference Sponsor,Conference Location,"Times Cited, WoS Core","Times Cited, CSCD ","Times Cited, RSCI","Times Cited, ARCI","Times Cited, BCI","Times Cited, SCIELO","Times Cited, All Databases",180 Day Usage Count,Since 2013 Usage Count,ISSN,eISSN,ISBN,UT (Unique ID),Pubmed Id
J,"Azene, Zelalem Nigussie; Merid, Mehari Woldemariam; Muluneh, Atalay Goshu; Geberu, Demiss Mulatu; Kassa, Getahun Molla; Yenit, Melaku Kindie; Tilahun, Sewbesew Yitayih; Gelaye, Kassahun Alemu; Mekonnen, Habtamu Sewunet; Azagew, Abere Woretaw; Wubneh, Chalachew Adugna; Belay, Getaneh Mulualem; Asmamaw, Nega Tezera; Agegnehu, Chilot Desta; Azale, Telake; Tamiru, Animut Tagele; Rade, Bayew Kelkay; Taye, Eden Bishaw; Taddese, Asefa Adimasu; Andualem, Zewudu; Dagne, Henok; Gashaye, Kiros Terefe; Kabito, Gebisa Guyasa; Mekonnen, Tesfaye Hambisa; Daba, Sintayehu; Azanaw, Jember; Adane, Tsegaye; Alemayeyu, Mekuriaw",,,,,,,,Adherence towards COVID-19 mitigation measures and its associated factors among Gondar City residents: A community-based cross-sectional study in Northwest Ethiopia,,,,,,,,PLOS ONE,,,,15,12,,,,,e0244265,,,10.1371/journal.pone.0244265,,,,,,,Article,DEC 30 2020,2020,,,,,,,,,,21,0,0,0,8,0,21,,,,,,WOS:000605651300074,33378332
J,"Powell, Tara M.; Shin, Oe Jin; Li, Shang-Ju; Hsiao, Yuan",,,,,,,,"Post-traumatic stress, social, and physical health: A mediation and moderation analysis of Syrian refugees and Jordanians in a border community",,,,,,,,PLOS ONE,,,,15,10,,,,,e0241036,,,10.1371/journal.pone.0241036,,,,,,,Article,OCT 23 2020,2020,,,,,,,,,,5,0,0,0,1,0,5,,,,,,WOS:000586649400068,33095832
J,"Hong, Heather; Malfeld, Susan; Smit, Sheilagh; Makhathini, Lillian; Fortuin, Mirriam; Motsamai, Tshepo; Tselana, Dipolelo; Manamela, Morubula Jack; Motaze, Nkengafac Villyen; Ntshoe, Genevie; Kamupira, Mercy; Khosa-Lesola, Ester; Mokoena, Sibongile; Buthelezi, Thulasizwe; Maseti, Elizabeth; Suchard, Melinda",,,,,,,,A retrospective 5-year review of rubella in South Africa prior to the introduction of a rubella-containing vaccine,,,,,,,,PLOS ONE,,,,17,5,,,,,e0265870,,,10.1371/journal.pone.0265870,,,,,,,Article,MAY 5 2022,2022,,,,,,,,,,1,0,0,0,0,0,1,,,,,,WOS:000892294900011,35512030
J,"van der Velden, Peter G.; Hyland, Philip; Contino, Carlo; von Gaudecker, Hans-Martin; Muffels, Ruud; Das, Marcel",,,,,,,,"Anxiety and depression symptoms, the recovery from symptoms, and loneliness before and after the COVID-19 outbreak among the general population: Findings from a Dutch population-based longitudinal study",,,,,,,,PLOS ONE,,,,16,1,,,,,e0245057,,,10.1371/journal.pone.0245057,,,,,,,Article,JAN 7 2021,2021,,,,,,,,,,54,0,0,0,16,0,54,,,,,,WOS:000608044300025,33411843
J,"Doumit, Carla Abi; Haddad, Chadia; Sacre, Hala; Salameh, Pascale; Akel, Marwan; Obeid, Sahar; Akiki, Maria; Mattar, Elie; Hilal, Najla; Hallit, Souheil; Soufia, Michel",,,,,,,,"Knowledge, attitude and behaviors towards patients with mental illness: Results from a national Lebanese study",,,,,,,,PLOS ONE,,,,14,9,,,,,e0222172,,,10.1371/journal.pone.0222172,,,,,,,Article,SEP 16 2019,2019,,,,,,,,,,42,0,0,0,2,0,41,,,,,,WOS:000532225700023,31525219
J,"Dwinger, Sarah; Rezvani, Farhad; Kriston, Levente; Herbarth, Lutz; Haerter, Martin; Dirmaier, Joerg",,,,,,,,Effects of telephone-based health coaching on patient-reported outcomes and health behavior change: A randomized controlled trial,,,,,,,,PLOS ONE,,,,15,9,,,,,e0236861,,,10.1371/journal.pone.0236861,,,,,,,Article,SEP 22 2020,2020,,,,,,,,,,9,0,0,0,1,0,9,,,,,,WOS:000575109500046,32960886
J,"Benson, Frew Gerald; Levin, Jonathan; Rispel, Laetitia Charmaine",,,,,,,,Health care providers' compliance with the notifiable diseases surveillance system in South Africa,,,,,,,,PLOS ONE,,,,13,4,,,,,e0195194,,,10.1371/journal.pone.0195194,,,,,,,Article,APR 9 2018,2018,,,,,,,,,,5,0,0,0,1,1,5,,,,,,WOS:000429505000030,29630627
J,"Desalegn, Zelalem; Deyessa, Negussie; Teka, Brhanu; Shiferaw, Welelta; Hailemariam, Damen; Addissie, Adamu; Abagero, Abdulnasir; Kaba, Mirgissa; Abebe, Workeabeba; Nega, Berhanu; Ayele, Wondimu; Haile, Tewodros; Gebrehiwot, Yirgu; Amogne, Wondwossen; Kantelhardt, Eva Johanna; Abebe, Tamrat",,,,,,,,"COVID-19 and the public response: Knowledge, attitude and practice of the public in mitigating the pandemic in Addis Ababa, Ethiopia",,,,,,,,PLOS ONE,,,,16,1,,,,,e0244780,,,10.1371/journal.pone.0244780,,,,,,,Article,JAN 7 2021,2021,,,,,,,,,,27,0,0,0,7,0,27,,,,,,WOS:000608044300130,33411766
J,"Thapa, Pratima; Bhandari, Suman Lata; Pathak, Sharada",,,,,,,,Nursing students' attitude on the practice of e-learning: A cross-sectional survey amid COVID-19 in Nepal,,,,,,,,PLOS ONE,,,,16,6,,,,,e0253651,,,10.1371/journal.pone.0253651,,,,,,,Article,JUN 24 2021,2021,,,,,,,,,,24,0,0,0,2,1,25,,,,,,WOS:000671692800080,34166444
J,"Sadinski, Walt; Gallant, Alisa L.; Roth, Mark; Brown, Jesslyn; Senay, Gabriel; Brininger, Wayne; Jones, Perry M.; Stoker, Jason",,,,,,,,"Multi-year data from satellite-and ground-based sensors show details and scale matter in assessing climate's effects on wetland surface water, amphibians, and landscape conditions",,,,,,,,PLOS ONE,,,,13,9,,,,,e0201951,,,10.1371/journal.pone.0201951,,,,,,,Article,SEP 7 2018,2018,,,,,,,,,,5,0,0,0,2,0,5,,,,,,WOS:000444093600014,30192764
J,"Plough, Louis, V; Ogburn, Matthew B.; Fitzgerald, Catherine L.; Geranio, Rose; Marafino, Gabriella A.; Richie, Kimberly D.",,,,,,,,Environmental DNA analysis of river herring in Chesapeake Bay: A powerful tool for monitoring threatened keystone species,,,,,,,,PLOS ONE,,,,13,11,,,,,e0205578,,,10.1371/journal.pone.0205578,,,,,,,Article,NOV 1 2018,2018,,,,,,,,,,10,0,0,0,8,0,10,,,,,,WOS:000449027600019,30383750
J,"Mills, David; Fattebert, Julien; Hunter, Luke; Slotow, Rob",,,,,,,,Maximising camera trap data: Using attractants to improve detection of elusive species in multi-species surveys,,,,,,,,PLOS ONE,,,,14,5,,,,,e0216447,,,10.1371/journal.pone.0216447,,,,,,,Article,MAY 29 2019,2019,,,,,,,,,,30,0,0,0,24,0,30,,,,,,WOS:000469323000012,31141506
J,"Jan, Muzafar; Upadhyay, Chitra; Alcami Pertejo, Jose; Hioe, Catarina E.; Arora, Sunil K.",,,,,,,,Heterogeneity in glycan composition on the surface of HIV-1 envelope determines virus sensitivity to lectins,,,,,,,,PLOS ONE,,,,13,3,,,,,e0194498,,,10.1371/journal.pone.0194498,,,,,,,Article,MAR 26 2018,2018,,,,,,,,,,8,0,0,0,4,0,8,,,,,,WOS:000428351800032,29579062
J,"Ge, Yi; Dansokho, Selma Chipenda; Liao, Xiang-Peng",,,,,,,,Advanced neonatal medicine in China: Is newborn ward capacity associated with inpatient antibiotic usage?,,,,,,,,PLOS ONE,,,,14,8,,,,,e0219630,,,10.1371/journal.pone.0219630,,,,,,,Article,AUG 13 2019,2019,,,,,,,,,,5,0,0,0,2,0,5,,,,,,WOS:000485009500005,31408462
J,"Dehelean, Liana; Romosan, Ana-Maria; Papaya, Ion; Bredicean, Cristina Ana; Dumitrascu, Victor; Ursoniu, Sorin; Romosan, Radu-Stefan",,,,,,,,Prolactin response to antipsychotics: An inpatient study,,,,,,,,PLOS ONE,,,,15,2,,,,,e0228648,,,10.1371/journal.pone.0228648,,,,,,,Article,FEB 4 2020,2020,,,,,,,,,,12,1,1,0,1,0,14,,,,,,WOS:000534618100034,32017792
J,"Park, Sae-Hwan; Stockbridge, Erica L.; Miller, Thaddeus L.; O'Neill, Liam",,,,,,,,Private patient rooms and hospital-acquired methicillin-resistant Staphylococcus aureus: A hospital-level analysis of administrative data from the United States,,,,,,,,PLOS ONE,,,,15,7,,,,,e0235754,,,10.1371/journal.pone.0235754,,,,,,,Article,JUL 9 2020,2020,,,,,,,,,,1,0,0,0,0,0,1,,,,,,WOS:000552602700048,32645096
J,"Paterson, J. Terrill; Butler, Carson; Garrott, Robert; Proffitt, Kelly",,,,,,,,How sure are you? A web-based application to confront imperfect detection of respiratory pathogens in bighorn sheep,,,,,,,,PLOS ONE,,,,15,9,,,,,e0237309,,,10.1371/journal.pone.0237309,,,,,,,Article,SEP 8 2020,2020,,,,,,,,,,3,0,0,0,1,0,3,,,,,,WOS:000570962500004,32898140
J,"Walker, Liz J.; Codreanu, Tudor A.; Armstrong, Paul K.; Goodwin, Sam; Trewin, Abigail; Spencer, Emma; Colquhoun, Samantha M.; Stephens, Dianne M.; Baird, Rob W.; Douglas, Nicholas M.; Cribb, Danielle; Owen, Rhonda; Kelly, Paul; Kirk, Martyn D.",,,,,,,,SARS-CoV-2 infections among Australian passengers on the Diamond Princess cruise ship: A retrospective cohort study,,,,,,,,PLOS ONE,,,,16,9,,,,,e0255401,,,10.1371/journal.pone.0255401,,,,,,,Article,SEP 7 2021,2021,,,,,,,,,,3,0,0,0,2,0,3,,,,,,WOS:000707070200015,34492022
J,"Olivas-Martinez, Antonio; Luis Cardenas-Fragoso, Jose; Victor Jimenez, Jose; Arturo Lozano-Cruz, Oscar; Ortiz-Brizuela, Edgar; Hugo Tovar-Mendez, Victor; Medrano-Borromeo, Carla; Martinez-Valenzuela, Alejandra; Marina Roman-Montes, Carla; Martinez-Guerra, Bernardo; Fernanda Gonzalez-Lara, Maria; Hernandez-Gilsoul, Thierry; Gulias Herrero, Alfonso; Maria Tamez-Flores, Karla; Ochoa-Hein, Eric; Ponce-de-Leon, Alfredo; Galindo-Fraga, Arturo; Kershenobich-Stalnikowitz, David; Sifuentes-Osornio, Jose",,,,,,,,"In-hospital mortality from severe COVID-19 in a tertiary care center in Mexico City; causes of death, risk factors and the impact of hospital saturation",,,,,,,,PLOS ONE,,,,16,2,,,,,e0245772,,,10.1371/journal.pone.0245772,,,,,,,Article,FEB 3 2021,2021,,,,,,,,,,54,0,0,0,21,4,56,,,,,,WOS:000616739700022,33534813
