,DOI,Journal,Year,PlantsOrAnimals,HierarchModel,UsesR,UsePaper,Title,Authors,Volume,StartPage,EndPage,ID
1,10.1016/j.biocon.2021.109152,BIOLOGICAL CONSERVATION,2021,1,0,0,0,"Dispersal limitation, eutrophication and propagule pressure constrain the conservation value of Grassland Green Infrastructure","Hooftman, Danny; Kimberley, Adam; Cousins, Sara A. O.; Escribano-Avila, Gema; Honnay, Olivier; Krickl, Patricia; Plue, Jan; Poschlod, Peter; Traveset, Anna; Bullock, James M.",258,NA,NA,21514487a625b7ecd53972b8dab53f0c
2,10.1016/j.biocon.2021.109075,BIOLOGICAL CONSERVATION,2021,1,1,1,1,Source-sink dynamics promote wolf persistence in human-modified landscapes: Insights from long-term monitoring,"Nakamura, Monia; Rio-Maior, Helena; Godinho, Raquel; Petrucci-Fonseca, Francisco; Alvares, Francisco",256,NA,NA,5a42ec52937926c57ceab1992e1b6ff6
3,10.1016/j.biocon.2019.108268,BIOLOGICAL CONSERVATION,2020,1,0,1,0,Can invasive species replace native species as a resource for birds under climate change? A case study on bird-fruit interactions,"Gallinat, Amanda S.; Primack, Richard B.; Lloyd-Evans, Trevor L.",241,NA,NA,719bf16e435de52a6274fa75f7d2d84e
4,10.1016/j.biocon.2019.108373,BIOLOGICAL CONSERVATION,2020,1,1,1,1,Contrasting demographic responses of toad populations to regionally synchronous pathogen (Batrachochytrium dendrobatidis) dynamics,"Hossack, Blake R.; Russell, Robin E.; McCaffery, Rebecca",241,NA,NA,55686442936fcf533491e7272d63b854
5,10.1016/j.biocon.2022.109488,BIOLOGICAL CONSERVATION,2022,1,1,1,1,A novel application of hierarchical modelling to decouple sampling artifacts from socio-ecological effects on poaching intensity,"Soofi, Mahmood; Qashqaei, Ali T.; Trei, Jan-Niklas; Shokri, Shirko; Selyari, Javad; Ghasemi, Benjamin; Sepahvand, Pooriya; Egli, Lukas; Nezami, Bagher; Zamani, Navid; Yusefi, Gholam Hosein; Kiabi, Bahram H.; Balkenhol, Niko; Royle, Andrew; Pavey, Chris R.; Redpath, Steve M.; Waltert, Matthias",267,NA,NA,041eade54cf9f6eea29235b4374b7cf9
6,10.1016/j.biocon.2019.108269,BIOLOGICAL CONSERVATION,2020,1,0,0,0,Automatic standardized processing and identification of tropical bat calls using deep learning approaches,"Chen, Xing; Zhao, Jun; Chen, Yan-hua; Zhou, Wei; Hughes, Alice C.",241,NA,NA,a14914fe03a3cc3893bc92880c7e6e63
7,10.1016/j.biocon.2019.01.027,BIOLOGICAL CONSERVATION,2019,1,0,0,0,"Ramifying effects of the risk of predation on African multi-predator, multi-prey large-mammal assemblages and the conservation implications","Owen-Smith, Norman",232,51,58,35b3874b59a791aea3bfb55560d58589
8,10.1016/j.biocon.2018.11.006,BIOLOGICAL CONSERVATION,2019,1,0,0,0,Using environmental DNA methods to improve winter surveys for rare carnivores: DNA from snow and improved noninvasive techniques,"Franklin, Thomas W.; McKelvey, Kevin S.; Golding, Jessie D.; Mason, Daniel H.; Dysthe, Joseph C.; Pilgrim, Kristine L.; Squires, John R.; Aubry, Keith B.; Long, Robert A.; Greaves, Samuel E.; Raley, Catherine M.; Jackson, Scott; MacKay, Paula; Lisbon, Joshua; Sauder, Joel D.; Pruss, Michael T.; Heffington, Don; Schwartz, Michael K.",229,50,58,1a4da4d16ffe0b0d8faf75b828010d2a
9,10.1016/j.biocon.2019.05.027,BIOLOGICAL CONSERVATION,2019,1,0,0,0,Conservation research across scales in a national program: How to be relevant to local management yet general at the same time,"Adams, Michael J.; Muths, Erin",236,100,106,3afa227b71415e86bc4cbd627dfea81b
10,10.1016/j.biocon.2018.06.013,BIOLOGICAL CONSERVATION,2018,1,0,0,0,Predicting spatial factors associated with cattle depredations by the Mexican wolf (Canis lupus baileyi) with recommendations for depredation risk modeling,"Amirkhiz, Reza Goljani; Frey, Jennifer K.; Cain, James W.; Breck, Stewart W., III; Bergman, David L.",224,327,335,ae84f796731e1e4d5f651e8551e02981
11,10.1016/j.biocon.2018.01.016,BIOLOGICAL CONSERVATION,2018,1,0,1,0,"Spatial community turnover of pollinators is relaxed by semi-natural habitats, but not by mass-flowering crops in agricultural landscapes","Beduschi, Tatiane; Kormann, Urs G.; Tscharntke, Teja; Scherber, Christoph",221,59,66,f84ac1873077f75f37ac9616279b0e75
12,10.1016/j.biocon.2019.108196,BIOLOGICAL CONSERVATION,2019,1,1,1,1,Understanding the environmental and anthropogenic correlates of tiger presence in a montane conservation landscape,"Penjor, Ugyen; Tan, Cedric Kai Wei; Wangdi, Sonam; Macdonald, David Whyte",238,NA,NA,e5cec445e0d367acfe6c58f3c48e9eec
13,10.1016/j.biocon.2018.10.007,BIOLOGICAL CONSERVATION,2018,1,1,1,1,Effects of persistent energy-related brine contamination on amphibian abundance in national wildlife refuge wetlands,"Hossack, Blake R.; Smalling, Kelly L.; Anderson, Chauncey W.; Preston, Todd M.; Cozzarelli, Isabelle M.; Honeycutt, R. Ken",228,36,43,c87a9d7bac6b45c0f1e7c07cc520e5a5
14,10.1016/j.biocon.2021.109120,BIOLOGICAL CONSERVATION,2021,1,1,1,1,Leopard population density varies across habitats and management strategies in a mixed-use Tanzanian landscape,"Searle, Charlotte E.; Smit, Josephine; Strampelli, Paolo; Mkuburo, Lameck; Ikanda, Dennis; Macdonald, David W.; Loveridge, Andrew J.; Dickman, Amy J.",257,NA,NA,724083c65ad08ac8a28440c364b99848
15,10.1016/j.biocon.2017.10.017,BIOLOGICAL CONSERVATION,2018,1,0,0,0,Synthesizing multiple data types for biological conservation using integrated population models,"Zipkin, Elise F.; Saunders, Sarah P.",217,240,250,11244b0e8cff5967c70a8d0814c288f0
16,10.1016/j.biocon.2021.109028,BIOLOGICAL CONSERVATION,2021,1,1,1,1,The truth about scats and dogs: Next-generation sequencing and spatial capture-recapture models offer opportunities for conservation monitoring of an endangered social canid,"Srivathsa, Arjun; Rodrigues, Ryan G.; Toh, Kok Ben; Zachariah, Arun; Taylor, Ryan W.; Oli, Madan K.; Ramakrishnan, Uma",256,NA,NA,85e34b289f167dd0633081ba987f6442
17,10.1016/j.biocon.2017.11.023,BIOLOGICAL CONSERVATION,2018,1,1,0,0,The importance of including survival release costs when assessing viability in reptile translocations,"Bertolero, Albert; Pretus, Joan Ll.; Oro, Daniel",217,311,320,04c08af1feb0534af71b129129db89af
18,10.1016/j.biocon.2022.109649,BIOLOGICAL CONSERVATION,2022,1,0,1,0,"Geographic distance, landscape heterogeneity and migratory connectivity influence population genetic structure of farmland-dependent wintering birds and their conservation","Liu, Gang; Li, Chao; Kessler, Mimi; Flatz, Ramona; Meng, Derong; Wei, Ming; Gong, Minghao",272,NA,NA,09a59363356cd868d319c17a81e0c15d
19,10.1016/j.biocon.2017.11.008,BIOLOGICAL CONSERVATION,2018,1,1,1,1,Living on the edge: Opportunities for Amur tiger recovery in China,"Wang, Tianming; Royle, J. Andrew; Smith, James L. D.; Zou, Liang; Lu, Xinyue; Li, Tong; Yang, Haitao; Li, Zhilin; Feng, Rongna; Bian, Yajing; Feng, Limin; Ge, Jianping",217,269,279,ad2e61f124dcd51cc7889b0b6f9a5ec3
20,10.1016/j.biocon.2018.12.021,BIOLOGICAL CONSERVATION,2019,1,1,1,1,Drivers of survival in a small mammal of conservation concern: An assessment using extensive genetic non-invasive sampling in fragmented farmland,"Proenca-Ferreira, Antonio; Ferreira, Clara; Leitao, Ines; Pauperio, Joana; Sabino-Marques, Helena; Barbosa, Soraia; Lambin, Xavier; Alves, Paulo Celio; Beja, Pedro; Moreira, Francisco; Mira, Antonio; Pita, Ricardo",230,131,140,8fae594164194688545fd4b0173eae01
21,10.1016/j.biocon.2019.06.008,BIOLOGICAL CONSERVATION,2019,1,0,0,0,Conservation in human-dominated landscapes: Lessons from the distribution of the Central American squirrel monkey,"Ceballos, Gerardo; Ehrlich, Paul R.; Pacheco, Jesus; Valverde-Zuniga, Natalia; Daily, Gretchen C.",237,41,49,52cbb5a97b04bfd7827ac2a44f3f3870
22,10.1016/j.biocon.2019.108286,BIOLOGICAL CONSERVATION,2019,1,0,1,0,Robustness of simple avian population trend models for semi-structured citizen science data is species-dependent,"Boersch-Supan, Philipp H.; Trask, Amanda E.; Baillie, Stephen R.",240,NA,NA,33ef7f0b4222998f39c2df99f58af8ce
23,10.1016/j.biocon.2019.02.007,BIOLOGICAL CONSERVATION,2019,1,1,1,1,"Opportunities for biodiversity conservation outside of Gorongosa National Park, Mozambique: A multispecies approach","Easter, Tara; Bouley, Paola; Carter, Neil",232,217,227,0f2da1f18777d123d8bbc5b8cc97a8e3
24,10.1016/j.biocon.2021.109424,BIOLOGICAL CONSERVATION,2022,1,1,1,1,Integrating regional and site-level data to assess drivers of population decline in a threatened aerial insectivorous bird,"Zhao, Qing; Mitchell, Greg W.; Cadman, Michael D.; Kusack, Jackson W.; Evans, Dean R.; Bumelis, Kaelyn; Hobson, Keith A.; Weegman, Mitch D.; Salvadori, Antonio; Wilson, Scott",265,NA,NA,63a57f39ec269688296ee9ebfd4406fd
25,10.1016/j.biocon.2019.108383,BIOLOGICAL CONSERVATION,2020,1,1,1,1,Human presence and human footprint have non-equivalent effects on wildlife spatiotemporal habitat use,"Nickel, Barry A.; Suraci, Justin P.; Allen, Maximilian L.; Wilmers, Christopher C.",241,NA,NA,0b7e5a0a5dff576e543465e551ae9f56
26,10.1016/j.biocon.2019.05.028,BIOLOGICAL CONSERVATION,2019,1,0,0,0,Integrating amphibian movement studies across scales better informs conservation decisions,"Bailey, Larissa L.; Muths, Erin",236,261,268,dbd88e5059cdb25bf9d36f635b694186
27,10.1016/j.biocon.2020.108436,BIOLOGICAL CONSERVATION,2020,1,1,1,1,Spatiotemporal dynamics of wild herbivore species richness and occupancy across a savannah rangeland: Implications for conservation,"Crego, Ramiro D.; Ogutu, Joseph O.; Wells, Harry B. M.; Ojwang, Gordon O.; Martins, Dino J.; Leimgruber, Peter; Stabach, Jared A.",242,NA,NA,25487cda700c07bb76513051f8e7cab5
28,10.1016/j.biocon.2021.109433,BIOLOGICAL CONSERVATION,2022,1,1,1,1,Forest fragments prioritization based on their connectivity contribution for multiple Atlantic Forest mammals,"Iezzi, M. E.; Di Bitetti, M. S.; Pardo, J. Martinez; Paviolo, A.; Cruz, P.; De Angelo, C.",266,NA,NA,3ca356af519bf9418f05a2227b88c38d
29,10.1016/j.biocon.2022.109570,BIOLOGICAL CONSERVATION,2022,1,0,1,0,Reduced fire frequency over three decades hastens loss of the grassy forest habitat of an endangered songbird,"Stone, Zoe L.; Maron, Martine; Tasker, Elizabeth",270,NA,NA,d68d448534aa5e37083d21aa2c847b30
30,10.1016/j.biocon.2019.04.008,BIOLOGICAL CONSERVATION,2019,1,0,0,0,Conservation prioritization for seahorses (Hippocampus spp.) at broad spatial scales considering socioeconomic costs,"Zhang, Xiong; Vincent, Amanda C. J.",235,79,88,20aacdf8451b3c21e39f2747fa03e6b8
31,10.1016/j.biocon.2018.05.004,BIOLOGICAL CONSERVATION,2018,1,1,1,1,Compounding effects of human development and a natural food shortage on a black bear population along a human development-wildland interface,"Laufenberg, Jared S.; Johnson, Heather E.; Doherty, Paul F., Jr.; Breck, Stewart W.",224,188,198,5b2e18f89251980912f50bc56dbdf188
32,10.1016/j.biocon.2021.109374,BIOLOGICAL CONSERVATION,2021,1,1,1,1,Impacts of tropical selective logging on local-scale movements of understory birds,"Cosset, Cindy C. P.; Gilroy, James J.; Tomassi, Suzanne; Benedick, Suzan; Nelson, Luke; Cannon, Patrick G.; Messina, Simone; Kaputa, Mike; Fandrem, Marte; Madrid, Ramon Soto; Lello-Smith, Anna; Pavan, Lucas; King, Bethany; Fogliano, Rose; Hackney, Tanith B.; Gerald, Ezron; Chai, Jessey Yee-Wei; Cros, Emilie; Chong, Yi Yao; Tan, Chen Hong; Chai, Rayzigerson R.; Cheoh, Chuan Ong; Edwards, David P.",264,NA,NA,eb5f85f85826ee2a7ceadc7de2f45c57
33,10.1016/j.biocon.2019.108399,BIOLOGICAL CONSERVATION,2020,1,0,0,0,A stitch in time - Synergistic impacts to platypus metapopulation extinction risk,"Bino, Gilad; Kingsford, Richard T.; Wintle, Brendan A.",242,NA,NA,ac8cf106c4a3276cdcbbe87431bab9c3
34,10.1016/j.biocon.2020.108811,BIOLOGICAL CONSERVATION,2021,1,0,1,0,Lewis's woodpecker nesting habitat suitability: Predictive models for application within burned forests,"Cross, Todd B.; Latif, Quresh S.; Dudley, Jonathan G.; Saab, Victoria A.",253,NA,NA,bbde6d7790cd7bfd41137fc66e08c4b9
35,10.1016/j.biocon.2019.03.010,BIOLOGICAL CONSERVATION,2019,1,1,0,0,Validating the performance of occupancy models for estimating habitat use and predicting the distribution of highly-mobile species: A case study using the American black bear,"Gould, Matthew J.; Gould, William R.; Cain, James W., III; Roemer, Gary W.",234,28,36,222ce4c1bb2ca411ebbc856dc41c02ab
36,10.1016/j.biocon.2018.05.001,BIOLOGICAL CONSERVATION,2018,1,0,1,0,Using metapopulation models to assess species conservation ecosystem restoration trade-offs,"Wood, Connor M.; Whitmore, Sheila A.; Gutierrez, R. J.; Sawyer, Sarah C.; Keane, John J.; Peery, M. Zachariah",224,248,257,345d6ece6fa6cb89f6edc0bcce9a8495
37,10.1016/j.biocon.2020.108501,BIOLOGICAL CONSERVATION,2020,1,1,1,1,"Population status, connectivity, and conservation action for the endangered Baird's tapir","Schank, Cody J.; Cove, Michael, V; Arima, Eugenio Y.; Brandt, Laroy S. E.; Brenes-Mora, Esteban; Carver, Andrew; Diaz-Pulido, Angelica; Estrada, Nereyda; Foster, Rebecca J.; Godinez-Gomez, Oscar; Harmsen, Bart J.; Jordan, Christopher A.; Keitt, Timothy H.; Kelly, Marcella J.; Saenz Mendez, Joel; Mendoza, Eduardo; Meyer, Ninon; Pozo Montuy, Gilberto; Naranjo, Eduardo J.; Nielsen, Clayton K.; O'Farrill, Georgina; Reyna-Hurtado, Rafael; Rivero, Marina; Carvajal Sanchez, Jose Pablo; Singleton, Maggie; Antonio de la Torre, J.; Wood, Margot A.; Young, Kenneth R.; Miller, Jennifer A.",245,NA,NA,39e93ee8c86548a0caf85aae20c9211a
38,10.1016/j.biocon.2020.108413,BIOLOGICAL CONSERVATION,2020,1,0,0,0,Research trends and management options in human-snow leopard conflict,"Rashid, Wajid; Shi, Jianbin; Rahim, Inam Ur; Sultan, Hameeda; Dong, Shikui; Ahmad, Latif",242,NA,NA,2c49819321800f877450ae90bdf999c5
39,10.1016/j.biocon.2018.04.023,BIOLOGICAL CONSERVATION,2018,1,1,1,1,Stream fish colonization but not persistence varies regionally across a large North American river basin,"Wheeler, Kit; Wenger, Seth J.; Walsh, Stephen J.; Martin, Zachary P.; Jelks, Howard L.; Freeman, Mary C.",223,1,10,20c87844fca92695f643a8303efe433e
40,10.1016/j.biocon.2018.02.023,BIOLOGICAL CONSERVATION,2018,1,0,0,0,Metrics of population status for long-lived territorial birds: A case study of golden eagle demography,"Monzon, Javier D.; Friedenberg, Nicholas A.",220,280,289,9607331e9c9bb4a9ed93e8ddf42c5ce0
41,10.1016/j.biocon.2020.108649,BIOLOGICAL CONSERVATION,2020,1,1,1,1,Drivers of leopard (Panthera pardus) habitat use and relative abundance in Africa's largest transfrontier conservation area,"Searle, Charlotte E.; Bauer, Dominik T.; Kesch, M. Kristina; Hunt, Jane E.; Mandisodza-Chikerema, Roseline; Flyman, Michael, V; Macdonald, David W.; Dickman, Amy J.; Loveridge, Andrew J.",248,NA,NA,e1ea610a295bd446417c45ad95aa0127
42,10.1016/j.biocon.2018.11.015,BIOLOGICAL CONSERVATION,2019,1,1,0,0,"Effect of protection status on mammal richness and abundance in Afromontane forests of the Udzungwa Mountains, Tanzania","Jones, Trevor; Hawes, Joseph E.; Norton, Guy W.; Hawkins, Dawn M.",229,78,84,bc8576becc7854393226c2ecf613a41e
43,10.1016/j.biocon.2019.108218,BIOLOGICAL CONSERVATION,2019,1,0,1,0,Are extinction debts reflected in temporal changes of life history trait profiles? A fifteen-year reappraisal of bryophyte metacommunities in a fragmented landscape,"Sierra, Adriel M.; Toledo, Jose J.; Nascimento, Henrique E.; Pereira, Marta R.; Zartman, Charles E.",238,NA,NA,6a3e50e761329e47196a9de3263c2512
44,10.1016/j.biocon.2021.109217,BIOLOGICAL CONSERVATION,2021,1,0,0,0,"Multiple measures of biodiversity change make for the strongest analyses with historical data Reply to Guzman et al., 2021","Soroye, Peter; Newbold, Tim; Kerr, Jeremy T.",260,NA,NA,2bdd66f86bfd88d726285219b0e36f13
45,10.1016/j.biocon.2019.108287,BIOLOGICAL CONSERVATION,2019,1,1,1,1,Unexpectedly high densities of feral cats in a rugged temperate forest,"Rees, M. W.; Pascoe, J. H.; Wintle, B. A.; Le Pla, M.; Birnbaum, E. K.; Hradsky, B. A.",239,NA,NA,52071ad4039c64c51da1a992c706f3ef
46,10.1016/j.biocon.2022.109793,BIOLOGICAL CONSERVATION,2022,1,1,1,1,Developing cost-effective monitoring protocols for track-surveys: An empirical assessment using a Canada lynx Lynx canadensis dataset spanning 16 years,"Dri, Gabriela Franzoi; Blomberg, Erik J.; Hunter, Malcolm L.; Vashon, Jennifer H.; Mortelliti, Alessio",276,NA,NA,55593d580595ce1bd9e62db07dfbb1d1
47,10.1016/j.biocon.2019.108256,BIOLOGICAL CONSERVATION,2020,1,1,0,0,Livestock guarding dogs enable human-carnivore coexistence: First evidence of equivalent carnivore occupancy on guarded and unguarded farms,"Spencer, Katie; Sambrook, Melissa; Bremner-Harrison, Samantha; Cilliers, Deon; Yarnell, Richard W.; Brummer, Rox; Whitehouse-Tedd, Katherine",241,NA,NA,52721b86f481e0fde92f96e114c85511
48,10.1016/j.biocon.2021.109058,BIOLOGICAL CONSERVATION,2021,1,0,1,0,Restoration measures foster biodiversity of important primary consumers within calcareous grasslands,"Helbing, Felix; Fartmann, Thomas; Poniatowski, Dominik",256,NA,NA,a85a6cca815ec754cde4b8b243fdfbd8
49,10.1016/j.biocon.2022.109568,BIOLOGICAL CONSERVATION,2022,1,1,1,1,Land-sparing and land-sharing provide complementary benefits for conserving avian biodiversity in coffee-growing landscapes,"Valente, Jonathon J.; Bennett, Ruth E.; Gomez, Camila; Bayly, Nicholas J.; Rice, Robert A.; Marra, Peter P.; Ryder, T. Brandt; Sillett, T. Scott",270,NA,NA,6c22f6c461f06f78aaa1c23e1cb202fd
50,10.1016/j.biocon.2021.109309,BIOLOGICAL CONSERVATION,2021,1,0,1,0,Assessing fatality minimization for hoary bats amid continued wind energy development,"Friedenberg, Nicholas A.; Frick, Winifred F.",262,NA,NA,8cb0e9aac0e25705e08a21f99af4f66a
51,10.1016/j.biocon.2021.109057,BIOLOGICAL CONSERVATION,2021,1,0,0,0,The trap of hidden processes: Why 'quick & dirty' methods to estimate mortality are not always good. A comment to De Pascalis et al. (2020),"Tavecchia, G.; Gimenez, O.; Choquet, R.; Rotger, A.; Oro, D.; Tenan, S.; Sanz-Aguilar, A.",256,NA,NA,15a0062d0e85d37151a87559df1f88b4
52,10.1016/j.biocon.2019.108248,BIOLOGICAL CONSERVATION,2019,1,1,0,0,The importance of passive integrated transponder (PIT) tags for measuring life-history traits of sea turtles,"Omeyer, Lucy C. M.; Casale, Paolo; Fuller, Wayne J.; Godley, Brendan J.; Holmes, Kelle E.; Snape, Robin T. E.; Broderick, Annette C.",240,NA,NA,5752ae8379b15b41a058fd0a7f7c305c
53,10.1016/j.biocon.2019.02.018,BIOLOGICAL CONSERVATION,2019,1,1,1,1,Sampling design and analytical advances allow for simultaneous density estimation of seven sympatric carnivore species from camera trap data,"Rich, Lindsey N.; Miller, David A. W.; Munoz, David J.; Robinson, Hugh S.; McNutt, J. Weldon; Kelly, Marcella J.",233,12,20,87450da4f140a5af0788f00fce6ab565
54,10.1016/j.biocon.2019.07.004,BIOLOGICAL CONSERVATION,2019,1,0,1,0,Thermal squeeze will exacerbate declines in New Zealand's endemic forest birds,"Walker, Susan; Monks, Adrian; Innes, John",237,166,174,e741146ca59533660537e117274ef1b1
55,10.1016/j.biocon.2020.108425,BIOLOGICAL CONSERVATION,2020,1,1,0,0,"Responses of a wild ungulate assemblage to anthropogenic influences in Manas National Park, India","Lahkar, Dipankar; Ahmed, M. Firoz; Begum, Ramie H.; Das, Sunit Kumar; Harihar, Abishek",243,NA,NA,fe70894a5f30b9b85abd4c422efec2f4
56,10.1016/j.biocon.2018.01.033,BIOLOGICAL CONSERVATION,2018,1,1,1,1,Multi-species occupancy modelling of a carnivore guild in wildlife management areas in the Kalahari,"Van der Weyde, Leanne K.; Mbisana, Christopher; Klein, Rebecca",220,21,28,3f112169b078a4afcdba07abc5e78a4e
57,10.1016/j.biocon.2018.03.011,BIOLOGICAL CONSERVATION,2018,1,0,1,0,"A novel approach to estimate the distribution, density and at-sea risks of a centrally-placed mobile marine vertebrate","Pikesley, Stephen K.; Agamboue, Pierre Didier; Bayet, Jean Pierre; Bibang, Jean Noel; Bonguno, Eric Augowet; Boussamba, Francois; Broderick, Annette C.; Coyne, Michael S.; Du Plessis, Philippe; Faure, Francois Edgard; Fay, J. Michael; Formia, Angela; Godley, Brendan J.; Kema, Judicael Regis Kema; Mabert, Brice Didier Koumba; Manfoumbi, Jean Churley; Asseko, Georges Mba; Metcalfe, Kristian; Minton, Gianna; Nelms, Sarah; Ngouessono, Solange; Nzegoue, Jacob; Ogandanga, Carole; Oliwina, Carmen Karen Kouerey; Otsagha, Franck; Parnell, Richard J.; Gnandji, Micheline Schummer; Sounguet, Guy-Philippe; Wada, Mesmin; White, Lee; Witt, Matthew J.",221,246,256,584543e15bfa65f1a60d085ed95396b0
58,10.1016/j.biocon.2018.01.018,BIOLOGICAL CONSERVATION,2018,1,0,1,0,"Landscape genetics of a threatened maple, Acer miyabei: Implications for restoring riparian forest connectivity","Saeki, Ikuyo; Hirao, Akira S.; Kenta, Tanaka; Nagamitsu, Teruyoshi; Hiura, Tsutom",220,299,307,abd66a0b0167254dc18b9124c076d163
59,10.1016/j.biocon.2019.02.021,BIOLOGICAL CONSERVATION,2019,1,1,1,1,"Divergent population trends following the cessation of legal grizzly bear hunting in southwestern British Columbia, Canada","McLellan, Michelle L.; McLellan, Bruce N.; Sollmann, Rahel; Lamb, Clayton T.; Apps, Clayton D.; Wittmer, Heiko U.",233,247,254,3882be008dae64ff302f44da523d1413
60,10.1016/j.biocon.2021.109141,BIOLOGICAL CONSERVATION,2021,1,1,1,1,Using historical data to estimate bumble bee occurrence: Variable trends across species provide little support for community-level declines,"Guzman, Laura Melissa; Johnson, Sarah A.; Mooers, Arne O.; M'Gonigle, Leithen K.",257,NA,NA,1ee0c99f47e6bc1294ef2644d2180ffb
61,10.1016/j.biocon.2022.109773,BIOLOGICAL CONSERVATION,2022,1,0,1,0,Effects of fragmentation on grassland plant diversity depend on the habitat specialization of species,"Yan, Yongzhi; Jarvie, Scott; Liu, Qingfu; Zhang, Qing",275,NA,NA,159963547bc2bbd641d74b0c6428dd29
62,10.1016/j.biocon.2022.109531,BIOLOGICAL CONSERVATION,2022,1,0,1,0,Agri-environmental payments drive the conservation and forage value of semi-natural grasslands by modifying fine-scale grazing intensity,"Napoleone, Francesca; Probo, Massimiliano; Mariotte, Pierre; Enri, Simone Ravetto; Lonati, Michele; Argenti, Giovanni; Burrascano, Sabina",269,NA,NA,46c7fb6e26e91fee710a40cfb06699c2
63,10.1016/j.biocon.2019.108266,BIOLOGICAL CONSERVATION,2019,1,1,1,1,Overlooked sexual segregation of habitats exposes female migratory landbirds to threats,"Bennett, Ruth E.; Rodewald, Amanda D.; Rosenberg, Kenneth, V",240,NA,NA,dd12b80a89401fdca954a2c66a2c97fc
64,10.1016/j.biocon.2018.11.023,BIOLOGICAL CONSERVATION,2019,1,1,NA,0,Patterns of habitat use by three threatened mammals 10 years after reintroduction into a fenced reserve free of introduced predators,"Berry, L. E.; Hotellier, F. A. L'; Carter, A.; Kemp, L.; Kavanagh, R. P.; Roshier, D. A.",230,1,9,17e1e1c8f3e1f2477f121000ab44426d
65,10.1016/j.biocon.2021.109171,BIOLOGICAL CONSERVATION,2021,1,0,1,0,Connected riparian reserves retain high avian phylogenetic diversity in Amazonian oil palm,"Cardoso, Maira R.; Matos, Fabio A. R.; Almeida, Sara M.; Silva, Larissa C.; Cerqueira, Pablo V.; Santos, Marcos P. D.; Edwards, David P.",259,NA,NA,2e79b60633910ab3b3715bb862e645aa
66,10.1016/j.biocon.2020.108796,BIOLOGICAL CONSERVATION,2020,1,1,0,0,Using an occupancy approach to identify poaching hotspots in protected areas in a seasonally dry tropical forest,"Dias, Douglas de Matos; Ferreguetti, Atilla Colombo; Guimaraes Rodrigues, Flavio Henrique",251,NA,NA,0883e61a65ab9f8ab62bb8589667159a
67,10.1016/j.biocon.2018.08.008,BIOLOGICAL CONSERVATION,2018,1,0,1,0,Fair tests of the habitat amount hypothesis require appropriate metrics of patch isolation: An example with small mammals in the Brazilian Atlantic Forest,"Vieira, Marcus Vinicius; Almeida-Gomes, Mauricio; Delciellos, Aria Claudia; Cerqueira, Rui; Crouzeilles, Renato",226,264,270,07c443ce8bbcaa259778892f1dc9d47d
68,10.1016/j.biocon.2022.109588,BIOLOGICAL CONSERVATION,2022,1,1,1,1,Predicting carnivore habitat use and livestock depredation risk with false-positive multi-state occupancy models,"Kachel, Shannon; Anderson, Kaitlyn; Shokirov, Qobiljon",271,NA,NA,4c8f35b20e6ea42f85345924e6bb4129
69,10.1016/j.biocon.2018.08.017,BIOLOGICAL CONSERVATION,2018,1,1,1,1,Elevated potential for intraspecific competition in territorial carnivores occupying fragmented landscapes,"Chanchani, Pranav; Gerber, Brian D.; Noon, Barry R.",227,275,283,575446ab28e2f722cd7275e7293f6c5c
70,10.1016/j.biocon.2019.108217,BIOLOGICAL CONSERVATION,2019,1,1,NA,0,Trophic interactions mediate the response of predator populations to habitat change,"Hobart, Brendan K.; Jones, Gavin M.; Roberts, Kevin N.; Dotters, Brian P.; Whitmore, Sheila A.; Berigan, William J.; Raphael, Martin G.; Keane, John J.; Gutierrez, R. J.; Peery, M. Zachariah",238,NA,NA,7b1fa635f5694271ddb83dab075e8f16
71,10.1016/j.biocon.2020.108588,BIOLOGICAL CONSERVATION,2020,1,0,1,0,Extinction debt across three taxa in well-connected calcareous grasslands,"Loeffler, Franz; Poniatowski, Dominik; Fartmann, Thomas",246,NA,NA,30cb36dd52ee1c4d851f148dc3fa0195
72,10.1016/j.biocon.2020.108672,BIOLOGICAL CONSERVATION,2020,1,1,1,1,Addressing multiple sources of uncertainty in the estimation of global parrot abundance from roost counts: A case study with the Vinaceous-breasted Parrot (Amazona vinacea),"Zulian, Viviane; Mueller, Eliara Solange; Cockle, Kristina L.; Lesterhuis, Arne; Tomasi Junior, Roberto; Prestes, Nemora Pauletti; Martinez, Jaime; Kery, Marc; Ferraz, Goncalo",248,NA,NA,01f6955bdd6b3264689036685a6e56c2
73,10.1016/j.biocon.2019.05.057,BIOLOGICAL CONSERVATION,2019,1,0,0,0,Proactive management of amphibians: Challenges and opportunities,"Sterrett, Sean C.; Katz, Rachel A.; Brand, Adrianne B.; Fields, William R.; Dietrich, Andrew E.; Hocking, Daniel J.; Foreman, Tasha M.; Wiewel, Amber N. M.; Grant, Evan H. Campbell",236,404,410,a0bc7bc74d3a8b50addaa8ced5814fc5
74,10.1016/j.biocon.2019.108264,BIOLOGICAL CONSERVATION,2019,1,1,0,0,Living on the edge: Forest cover threshold effect on endangered maned sloth occurrence in Atlantic Forest,"Santos, Paloma Marques; Bailey, Larissa Lynn; Ribeiro, Milton Cezar; Chiarello, Adriano Garcia; Paglia, Adriano Pereira",240,NA,NA,4bc3d7bad2d1c4af4169bb69daed02c6
75,10.1016/j.biocon.2022.109754,BIOLOGICAL CONSERVATION,2022,1,0,1,0,New methods to derive sea turtle nester abundance from nest counts: Ground truthing and the bias of current approaches,"Casale, Paolo; Ceriani, Simona A.; Dodd, Mark G.; Pate, S. Michelle; Godfrey, Matthew H.; Griffin, DuBose B.; Nairn, Campbell J.; Shamblin, Brian M.",275,NA,NA,4858eab37a45cf7f15a1fba624e495e5
76,10.1016/j.biocon.2017.10.007,BIOLOGICAL CONSERVATION,2018,1,1,1,1,Robust estimation of snare prevalence within a tropical forest context using N-mixture models,"O'Kelly, Hannah J.; Rowcliffe, J. Marcus; Durant, Sarah M.; Milner-Gulland, E. J.",217,75,82,8ab2ea58a5b2470e3381c815921f12b5
77,10.1016/j.biocon.2021.109352,BIOLOGICAL CONSERVATION,2021,1,1,1,1,Resilience of native amphibian communities following catastrophic drought: Evidence from a decade of regional-scale monitoring,"Moss, Wynne E.; McDevitt-Galles, Travis; Muths, Erin; Bobzien, Steven; Purificato, Jessica; Johnson, Pieter T. J.",263,NA,NA,2ce10e45745f092105970151fd20724c
78,10.1016/j.biocon.2019.108246,BIOLOGICAL CONSERVATION,2019,1,1,1,1,Identifying habitat correlates of latent occupancy when apparent annual occupancy is confounded with availability for detection,"Harju, S. M.; Cambrin, S. M.",238,NA,NA,8098cdcebf13c90a545643a1f44d3c22
79,10.1016/j.biocon.2018.08.002,BIOLOGICAL CONSERVATION,2018,1,1,0,0,Multi-scale considerations for grassland butterfly conservation in agroecosystems,"Kral, Katherine C.; Hovick, Torre J.; Limb, Ryan F.; Harmon, Jason P.",226,196,204,4a7c35954d78c5fe1ecf4eba33c6d00c
80,10.1016/j.biocon.2018.01.030,BIOLOGICAL CONSERVATION,2018,1,0,NA,0,Concentrations of environmental DNA (eDNA) reflect spawning salmon abundance at fine spatial and temporal scales,"Tillotson, Michael D.; Kelly, Ryan P.; Duda, Jeffrey J.; Hoy, Marshal; Kralj, James; Quinn, Thomas P.",220,1,11,430d95f52576617a3e0994a276d44c5f
81,10.1016/j.biocon.2022.109682,BIOLOGICAL CONSERVATION,2022,1,0,1,0,Understanding the drivers of beta-diversity improves conservation prioritization for Central European dung beetles,"Ambrozova, Lucie; Cizek, Lukas; Sladecek, Frantisek X. J.; Thorn, Simon",273,NA,NA,c879f3cc85a509bd28a596ce91a8640d
82,10.1016/j.biocon.2019.108280,BIOLOGICAL CONSERVATION,2019,1,0,NA,0,Intense grazing of calcareous grasslands has negative consequences for the threatened marsh fritillary butterfly,"Johansson, Victor; Kindvall, Oskar; Askling, John; Franzen, Markus",239,NA,NA,526d40de2320056a53b475e9f19de115
83,10.1016/j.biocon.2017.12.011,BIOLOGICAL CONSERVATION,2018,1,1,0,0,How difficult is it to reintroduce a dragonfly? Fifteen years monitoring Leucorrhinia dubia at the receiving site,"Dolny, Ales; Sigutova, Hana; Ozana, Stanislav; Choleva, Lukas",218,110,117,a9e493dbb875b0664f08ba4306cc3dab
84,10.1016/j.biocon.2020.108510,BIOLOGICAL CONSERVATION,2020,1,1,0,0,"Cost-share conservation practices have mixed effects on priority grassland and shrubland breeding bird occupancy in the Central Hardwoods Bird Conservation Region, USA","Lituma, Christopher M.; Buehler, David A.",244,NA,NA,5aa522a8ed5536f0c4ec466a76425666
85,10.1016/j.biocon.2020.108463,BIOLOGICAL CONSERVATION,2020,1,1,1,1,Regional abundance and local breeding productivity explain occupancy of restored habitats in a migratory songbird,"McNeil, Darin J.; Rodewald, Amanda D.; Robinson, Orin J.; Fiss, Cameron J.; Rosenberg, Kenneth, V; Ruiz-Gutierrez, Viviana; Aldinger, Kyle R.; Dhondt, Andre A.; Petzinger, Sharon; Larkin, Jeffery L.",245,NA,NA,9730698ad3b9e9257083ce739c3cda28
86,10.1016/j.biocon.2017.12.030,BIOLOGICAL CONSERVATION,2018,1,0,1,0,Large negative effect of non-native trout and minnows on Pyrenean lake amphibians,"Miro, Alexandre; Sabas, Ibor; Ventura, Marc",218,144,153,b8dcac65d0f2477c6a4d620bc7bbfd14
87,10.1016/j.biocon.2020.108651,BIOLOGICAL CONSERVATION,2020,1,1,1,1,Consistent bear population DNA-based estimates regardless molecular markers type,"Lopez-Bao, J., V; Godinho, R.; Rocha, R. G.; Palomero, G.; Blanco, J. C.; Ballesteros, F.; Jimenez, J.",248,NA,NA,829ef0b0835b18f29e3219e9937d6e08
88,10.1016/j.biocon.2019.07.011,BIOLOGICAL CONSERVATION,2019,1,1,0,0,A low cost approach to estimate demographic rates using inverse modeling,"Rodriguez-Caro, Roberto C.; Wiegand, Thorsten; White, Easton R.; Sanz-Aguilar, Ana; Gimenez, Andres; Gracia, Eva; van Benthem, Koen J.; Anadon, Jose D.",237,358,365,4bfc8acd835d8510844559b445b5662a
89,10.1016/j.biocon.2018.02.015,BIOLOGICAL CONSERVATION,2018,1,1,1,1,Do responsibly managed logging concessions adequately protect jaguars and other large and medium-sized mammals? Two case studies from Guatemala and Peru,"Tobler, Mathias W.; Anleu, Rony Garcia; Carrillo-Percastegui, Samia E.; Santizo, Gabriela Ponce; Polisar, John; Hartley, Alfonso Zuniga; Goldstein, Isaac",220,245,253,b2ffd96e433f968a572544e0d08753fc
90,10.1016/j.biocon.2022.109729,BIOLOGICAL CONSERVATION,2022,1,0,1,0,The importance of negative density dependence for rare species persistence,"Scholl, Joshua P.; Urbina-Casanova, Rafael; Iler, Amy M.",274,NA,NA,452c988b4b81b1aeeb063342b06c8e0b
91,10.1016/j.biocon.2019.108376,BIOLOGICAL CONSERVATION,2020,1,1,1,1,Twenty-eight years of decline: Nesting population demographics and trajectory of the north-east Queensland endangered hawksbill turtle (Eretmochelys irnbricata),"Bell, I. P.; Meager, J. J.; Eguchi, T.; Dobbs, K. A.; Miller, J. D.; Hof, C. A. Madden",241,NA,NA,fd503a1c0748cabf04dd0d67e6fb0c6c
92,10.1016/j.biocon.2019.108349,BIOLOGICAL CONSERVATION,2020,1,1,1,1,Estimating the density of a globally important tiger (Panthera tigris) population: Using simulations to evaluate survey design in Eastern Thailand,"Ash, Eric; Hallam, Chris; Chanteap, Prawatsart; Kaszta, Zaneta; Macdonald, David W.; Rojanachinda, Wiroj; Redford, Tim; Harihar, Abishek",241,NA,NA,f8efa92cd293dbbecc4757bf2fdcd6ab
93,10.1016/j.biocon.2022.109704,BIOLOGICAL CONSERVATION,2022,1,0,NA,0,On the feasibility of estimating contemporary effective population size (N-e) for genetic conservation and monitoring of forest trees,"Santos-del-Blanco, Luis; Olsson, Sanna; Budde, Katharina B.; Grivet, Delphine; Gonzalez-Martinez, Santiago C.; Alia, Ricardo; Robledo-Arnuncio, Juan J.",273,NA,NA,1c670a546b7757d33fea3934961b855f
94,10.1016/j.biocon.2020.108787,BIOLOGICAL CONSERVATION,2020,1,1,1,1,Integrating species distribution and occupancy modeling to study hellbender (Cryptobranchus alleganiensis) occurrence based on eDNA surveys,"Neto, Jeronimo G. Da Silva; Sutton, William B.; Spear, Stephen F.; Freake, Michael J.; Kery, Marc; Schmidt, Benedikt R.",251,NA,NA,e17cee0f9342bd2319740f645ccbb821
95,10.1016/j.biocon.2021.109294,BIOLOGICAL CONSERVATION,2021,1,1,1,1,"Co-occurrence of snow leopard, wolf and Siberian ibex under livestock encroachment into protected areas across the Mongolian Altai","Salvatori, Marco; Tenan, Simone; Oberosler, Valentina; Augugliaro, Claudio; Christe, Philippe; Groff, Claudio; Krofel, Miha; Zimmermann, Fridolin; Rovero, Francesco",261,NA,NA,f927916ab206b31290277f5d534a6b4d
96,10.1016/j.biocon.2022.109678,BIOLOGICAL CONSERVATION,2022,1,0,NA,0,DNA metabarcoding reveals the threat of rapidly expanding barred owl populations to native wildlife in western North America,"Kryshak, Nicholas F.; Fountain, Emily D.; Hofstadter, Daniel F.; Dotters, Brian P.; Roberts, Kevin N.; Wood, Connor M.; Kelly, Kevin G.; Schwarcz, Isabel F.; Kulzer, Paige J.; Wray, Amy K.; Kramer, H. Anu; Dumbacher, John P.; Keane, John J.; Shaklee, Paula A.; Gutierrez, R. J.; Peery, M. Zachariah",273,NA,NA,9fa2269c9e74ed54a9a60b6b8f305519
97,10.1016/j.biocon.2021.109299,BIOLOGICAL CONSERVATION,2021,1,0,0,0,Is it an omnivore's world? A comment on dietary traits in multispecies hierarchical models,"Cove, V. Michael; Pease, S. Brent",261,NA,NA,b3eacb0b1ba4fb529266dd5f8a470f06
98,10.1016/j.biocon.2020.108529,BIOLOGICAL CONSERVATION,2020,1,0,1,0,Consistent effects of wind turbines on habitat selection of capercaillie across Europe,"Coppes, Joy; Kaemmerle, Jim-Lino; Gruenschachner-Berger, Veronika; Braunisch, Veronika; Bollmann, Kurt; Mollet, Pierre; Suchant, Rudi; Nopp-Mayr, Ursula",244,NA,NA,3377022b86431b324b7ab8d5a8eb8d99
99,10.1016/j.biocon.2020.108846,BIOLOGICAL CONSERVATION,2020,1,0,0,0,Tigers against the odds: Applying macro-ecology to species recovery in India,"Karanth, K. Ullas; Kumar, N. Samba; Karanth, Krithi K.",252,NA,NA,e1fe4bdd16da899cf0e1ae46317c3a64
100,10.1016/j.biocon.2020.108489,BIOLOGICAL CONSERVATION,2020,1,1,1,1,Estimating population persistence for at-risk species using citizen science data,"Crawford, Brian A.; Olds, Melanie J.; Maerz, John C.; Moore, Clinton T.",243,NA,NA,c61440fea4f5ebfe00abe4f938a57e6f
101,10.1016/j.biocon.2018.09.009,BIOLOGICAL CONSERVATION,2018,1,1,1,1,One step ahead to predict potential poaching hotspots: Modeling occupancy and detectability of poachers in a neotropical rainforest,"Ferreguetti, Atilla Colombo; Pereira-Ribeiro, Juliane; Prevedello, Jayme Augusto; Tomas, Walfrido Moraes; Duarte Rocha, Carlos Frederico; Bergallo, Helena Godoy",227,133,140,dd0d081efd42914ba9d2e4da7494d233
102,10.1016/j.biocon.2018.07.018,BIOLOGICAL CONSERVATION,2018,1,0,1,0,Patch occupancy of grassland specialists: Habitat quality matters more than habitat connectivity,"Poniatowski, Dominik; Stuhldreher, Gregor; Loeffler, Franz; Fartmann, Thomas",225,237,244,45dfed03bbc135031af288ebbd1bfdfe
103,10.1016/j.biocon.2021.108984,BIOLOGICAL CONSERVATION,2021,1,0,0,0,Review: COVID-19 highlights the importance of camera traps for wildlife conservation research and management,"Blount, J. David; Chynoweth, Mark W.; Green, Austin M.; Sekercioglu, Cagan H.",256,NA,NA,c081ca57db2647e3fe8e296d1fc3e854
104,10.1016/j.biocon.2021.109168,BIOLOGICAL CONSERVATION,2021,1,0,NA,0,Range-wide declines of northern spotted owl populations in the Pacific Northwest: A meta-analysis,"Franklin, Alan B.; Dugger, Katie M.; Lesmeister, Damon B.; Davis, Raymond J.; Wiens, J. David; White, Gary C.; Nichols, James D.; Hines, James E.; Yackulic, Charles B.; Schwarz, Carl J.; Ackers, Steven H.; Andrews, L. Steven; Bailey, Larissa L.; Bown, Robin; Burgher, Jesse; Burnham, Kenneth P.; Carlson, Peter C.; Chestnut, Tara; Conner, Mary M.; Herter, Krista E.; Forsman, Eric D.; Glenn, Elizabeth M.; Gremel, Scott A.; Hamm, Keith A.; Herter, Dale R.; Higley, J. Mark; Horn, Rob B.; Jenkins, Julianna M.; Kendall, William L.; Lamphear, David W.; McCafferty, Christopher; McDonald, Trent L.; Reid, Janice A.; Rockweit, Jeremy T.; Simon, David C.; Sovern, Stan G.; Swingle, James K.; Wise, Heather",259,NA,NA,05a4c26a5707274b6bfe24b9b9ea7d82
105,10.1016/j.biocon.2021.109444,BIOLOGICAL CONSERVATION,2022,1,0,NA,0,"Interweaving local, expert, and Indigenous knowledge into quantitative wildlife analyses: A systematic review","Stern, Eleanor R.; Humphries, Murray M.",266,NA,NA,758f830e2dabbbc252552d874950b349
106,10.1016/j.biocon.2020.108819,BIOLOGICAL CONSERVATION,2020,1,0,NA,0,Prioritising conservation actions for biodiversity: Lessening the impact from habitat fragmentation and climate change,"Synes, Nicholas W.; Ponchon, Aurore; Palmer, Stephen C. F.; Osborne, Patrick E.; Bocedi, Greta; Travis, Justin M. J.; Watts, Kevin",252,NA,NA,4f4a561d5c738633c8ab088c41027c03
107,10.1016/j.biocon.2021.109254,BIOLOGICAL CONSERVATION,2021,1,0,0,0,Response to: Multiple measures of biodiversity change make for the strongest analyses with historical data,"Guzman, Laura Melissa; Johnson, Sarah A.; Mooers, Arne O.; M'Gonigle, Leithen K.",260,NA,NA,1c4a6834761f2cb8e5e031891a43d8d2
108,10.1016/j.biocon.2021.109423,BIOLOGICAL CONSERVATION,2022,1,0,NA,0,The incursion of free-ranging dogs into protected areas: A spatio-temporal analysis in a network of giant panda reserves,"Weng, Yue; McShea, William; Diao, Yixin; Yang, Hongbo; Zhang, Xiaofeng; Gu, Bojian; Bu, Hongliang; Wang, Fang",265,NA,NA,68712007b80ebc57c25e61b3edf29815
109,10.1016/j.biocon.2020.108635,BIOLOGICAL CONSERVATION,2020,1,0,1,0,Conservation trade-offs: Island introduction of a threatened predator suppresses invasive mesopredators but eliminates a seabird colony,"Scoleri, Vincent P.; Johnson, Christopher N.; Vertigan, Peter; Jones, Menna E.",248,NA,NA,508801c123dcb7bdaf83c1ed7949cdb5
110,10.1016/j.biocon.2019.05.017,BIOLOGICAL CONSERVATION,2019,1,1,1,1,Effect of amphibian chytrid fungus (Batrachochytrium dendrobatidis) on apparent survival of frogs and toads in the western USA,"Russell, Robin E.; Halstead, Brian J.; Mosher, Brittany A.; Muths, Erin; Adams, Michael J.; Grant, Evan H. C.; Fisher, Robert N.; Kleeman, Patrick M.; Backlin, Adam R.; Pearl, Christopher A.; Honeycutt, R. Ken; Hossack, Blake R.",236,296,304,57598925f142f894056a0bd12a05eefd
111,10.1016/j.biocon.2021.109073,BIOLOGICAL CONSERVATION,2021,1,0,NA,0,A demographic model to support an impact financing mechanism for black rhino metapopulations,"Barichievy, Chris; Altwegg, Res; Balfour, Dave; Brett, Rob; Gordon, Chris; Henry, Dominic A. W.; Jeffries, Glen; Khayale, Cedric; Wanyama, Horris; Withers, Oliver",257,NA,NA,b046546211cc7d111facd27dec7e7670
112,10.1016/j.biocon.2021.109290,BIOLOGICAL CONSERVATION,2021,1,1,1,1,Native mammals lack resilience to invasive generalist predator,"Taillie, P. J.; Hart, K. M.; Sovie, A. R.; McCleery, R. A.",261,NA,NA,cb06bce61394c2ea9933ebb228755115
113,10.1016/j.biocon.2022.109567,BIOLOGICAL CONSERVATION,2022,1,1,0,0,Combining spatial dependence occupancy models and conservation gap analyses to promote species conservation: A case study with a threatened semi-aquatic mammal,"Charbonnel, Anais; Blanc, Frederic; Laffaille, Pascal; Nemoz, Melanie; Buisson, Laetitia",270,NA,NA,381af39c8e1df06430f6edd8119cb546
114,10.1016/j.biocon.2022.109593,BIOLOGICAL CONSERVATION,2022,1,1,1,1,Repeated burning undermines the value of regenerating cattle pastures for tropical forest birds,"Lello-Smith, Anna; Rodewald, Amanda D.; Ramos, Victor Hugo; Rosenberg, Kenneth, V; Ruiz-Gutierrez, Viviana",271,NA,NA,3283bce03551851dae877a12c68a2a6e
115,10.1016/j.biocon.2018.02.016,BIOLOGICAL CONSERVATION,2018,1,1,1,1,Counting bears in the Iranian Caucasus: Remarkable mismatch between scientifically-sound population estimates and perceptions,"Moqanaki, Ehsan M.; Jimenez, Jose; Bensch, Staffan; Vicente Lopez-Bao, Jose",220,182,191,af7a133451ee83102fbc76bbd142b305
116,10.1016/j.biocon.2021.109125,BIOLOGICAL CONSERVATION,2021,1,0,NA,0,Designing effective protected area networks for multiple species,"Donaldson, Lynda; Bennie, Jonathan J.; Wilson, Robert J.; Maclean, Ilya M. D.",258,NA,NA,951807600b090735203204c9e2bf117e
117,10.1016/j.biocon.2021.109362,BIOLOGICAL CONSERVATION,2021,1,1,1,1,Using biological records to infer long-term occupancy trends of mammals in the UK,"Coomber, Frazer G.; Smith, Bethany R.; August, Tom A.; Harrower, Colin A.; Powney, Gary D.; Mathews, Fiona",264,NA,NA,9a46550e696cb1eeb5d192c340b400eb
118,10.1016/j.biocon.2021.109094,BIOLOGICAL CONSERVATION,2021,1,1,0,0,Demographic responses to protection from harvesting in a long-lived marine species,"Fernandez-Chacon, Albert; Buttay, Lucie; Moland, Even; Knutsen, Halvor; Olsen, Esben Moland",257,NA,NA,67024fbd21d72ba7f5b6fc62f09ab105
119,10.1016/j.biocon.2018.04.007,BIOLOGICAL CONSERVATION,2018,1,0,NA,0,Tests of predictions associated with temporal changes in Australian bird populations,"Lindenmayer, David B.; Lane, Peter; Westgate, Martin; Scheele, Ben C.; Foster, Claire; Sato, Chloe; Ikin, Karen; Crane, Mason; Michael, Damian; Florance, Dan; Barton, Philip; O'Loughlin, Luke S.; Robinson, Natasha",222,212,221,d4a8e46127823ae171d748531bba1db6
120,10.1016/j.biocon.2019.01.003,BIOLOGICAL CONSERVATION,2019,1,0,NA,0,An experimental test of a compensatory nest predation model following lethal control of an overabundant native species,"Beggs, Richard; Pierson, Jennifer; Tulloch, Ayesha I. T.; Blanchard, Wade; Westgate, Martin J.; Lindenmayer, David",231,122,132,a56caecdbf822015051afddcb0a39548
121,10.1016/j.biocon.2019.05.050,BIOLOGICAL CONSERVATION,2019,1,1,1,1,Biodiversity loss in deforestation frontiers: Linking occupancy modelling and physiological stress indicators to understand local extinctions,"Semper-Pascual, Asuncion; Decarre, Julieta; Baumann, Matthias; Busso, Juan M.; Camino, Micaela; Gomez-Valencia, Bibiana; Kuemmerle, Tobias",236,281,288,fe348c84e623bc4ba2a046db5b933afb
122,10.1016/j.biocon.2019.108234,BIOLOGICAL CONSERVATION,2019,1,1,1,1,Restoring apex predators can reduce mesopredator abundances,"Jimenez, Jose; Carlos Nunez-Arjona, Juan; Mougeot, Francois; Ferreras, Pablo; Mariano Gonzalez, Luis; Garcia-Dominguez, Francisco; Munoz-Igualada, Jaime; Jesus Palacios, Maria; Pla, Samuel; Rueda, Carmen; Villaespesa, Francisco; Najera, Fernando; Palomares, Francisco; Vicente Lopez-Bao, Jose",238,NA,NA,5b9c16ff5ff02aec40a7ec629d693f44
123,10.1016/j.biocon.2017.11.020,BIOLOGICAL CONSERVATION,2018,1,1,1,1,"Livestock grazing in protected areas and its effects on large mammals in the Hyrcanian forest, Iran","Soofi, Mahmood; Ghoddousi, Arash; Zeppenfeld, Thorsten; Shokri, Shirko; Soufi, Mobin; Jafari, Abbas; Ahmadpour, Mohsen; Qashqaei, Ali T.; Egli, Lukas; Ghadirian, Taher; Chahartaghi, Niloufar Raeesi; Zehzad, Bahram; Kiabi, Bahram H.; Khorozyan, Igor; Balkenhol, Niko; Waltert, Matthias",217,377,382,6b2d63add2e87f147e7ca1f07aaa86aa
124,10.1016/j.biocon.2019.01.015,BIOLOGICAL CONSERVATION,2019,1,0,NA,0,Pothole wetlands provide reservoir habitat for native bees in prairie croplands,"Vickruck, Jess L.; Best, Lincoln R.; Gavin, Michael P.; Devries, James H.; Galpern, Paul",232,43,50,5f2bddb1a8e8ed05efa7069361bf9fce
125,10.1016/j.biocon.2018.09.032,BIOLOGICAL CONSERVATION,2018,1,0,NA,0,Little owls in big landscapes: Informing conservation using multi-level resource selection functions,"Fattebert, Julien; Michel, Vanja; Scherler, Patrick; Naef-Daenzer, Beat; Milanesi, Pietro; Gruebler, Martin U.",228,1,9,f87307b76f624df51f433cb48274d15a
126,10.1016/j.biocon.2020.108731,BIOLOGICAL CONSERVATION,2020,1,1,0,0,"The past, present and future impacts of climate and land use change on snowshoe hares along their southern range boundary","Wilson, Evan C.; Zuckerberg, Benjamin; Peery, M. Zachariah; Pauli, Jonathan N.",249,NA,NA,79226034758469de5e580b24e6dff453
127,10.1016/j.biocon.2018.10.012,BIOLOGICAL CONSERVATION,2018,1,0,NA,0,"Functional and geographic components of risk for climate sensitive vertebrates in the Pacific Northwest, USA","Mims, Meryl C.; Olson, Deanna H.; Pilliod, David S.; Dunham, Jason B.",228,183,194,544b6e75b9df5aa64128e06d6184c456
128,10.1016/j.biocon.2018.04.026,BIOLOGICAL CONSERVATION,2018,1,0,NA,0,Ecological neighborhoods as a framework for umbrella species selection,"Stuber, Erica F.; Fontaine, Joseph J.",223,112,119,42477488ef7817dfcadd8f32b075c24b
129,10.1016/j.biocon.2018.04.027,BIOLOGICAL CONSERVATION,2018,1,1,0,0,"Can trackers count free-ranging wildlife as effectively and efficiently as conventional aerial survey and distance sampling? Implications for citizen science in the Kalahari, Botswana","Keeping, Derek; Burger, Julia H.; Keitsile, Amo O.; Gielen, Marie-Charlotte; Mudongo, Edwin; Wallgren, Martha; Skarpe, Christina; Foote, A. Lee",223,156,169,668326be50598a340bcb6775855fbc1a
130,10.1016/j.biocon.2020.108848,BIOLOGICAL CONSERVATION,2020,1,1,0,0,Demographic and ecological correlates of a recovering tiger (Panthera tigris) population: Lessons learnt from 13-years of monitoring,"Harihar, Abishek; Pandav, Bivash; Ghosh-Harihar, Mousumi; Goodrich, John",252,NA,NA,09b0d75dd0677707f92664aa33195343
131,10.1016/j.biocon.2021.109128,BIOLOGICAL CONSERVATION,2021,1,1,1,1,Incorporating climate change in a harvest risk assessment for polar bears Ursus maritimus in Southern Hudson Bay,"Regehr, Eric, V; Dyck, Markus; Iverson, Samuel; Lee, David S.; Lunn, Nicholas J.; Northrup, Joseph M.; Richer, Marie-Claude; Szor, Guillaume; Runge, Michael C.",258,NA,NA,4a73df251f6397fd7bb8e8ca435aa4fb
132,10.1016/j.biocon.2022.109600,BIOLOGICAL CONSERVATION,2022,1,1,0,0,Predicting poaching hotspots in the largest remnant of the Atlantic Forest by combining passive acoustic monitoring and occupancy models,"Pardo, Julia Martinez; Cruz, Paula; Moya, Sergio; Pizzio, Esteban; Foletto, Fernando; Robino, Facundo; Aquino, Jesica; Costa, Sebastian; Barros, Yara; Cleo, Falcao; Di Bitetti, Mario S.; Iezzi, Maria Eugenia; Paviolo, Agustin; De Angelo, Carlos",272,NA,NA,649cb4edff0287694ce77227dff7aa25
133,10.1016/j.biocon.2022.109590,BIOLOGICAL CONSERVATION,2022,1,0,NA,0,"Road encroachment mediates species occupancy, trait filtering and dissimilarity of passerine communities","Ascensao, Fernando; D'Amico, Marcello; Revilla, Eloy; Pereira, Henrique M.",270,NA,NA,59a67ee10d1581748ab10bed9e5a1b59
134,10.1016/j.biocon.2019.04.002,BIOLOGICAL CONSERVATION,2019,1,0,NA,0,Major roads have important negative effects on insectivorous bat activity,"Claireau, Fabien; Bas, Yves; Pauwels, Julie; Barre, Kevin; Machon, Nathalie; Allegrini, Benjamin; Puechmaille, Sebastien J.; Kerbiriou, Christian",235,53,62,f77b4009b95195dec120720d11ec2575
135,10.1016/j.biocon.2020.108742,BIOLOGICAL CONSERVATION,2020,1,0,NA,0,High fidelity of sea turtles to their foraging grounds revealed by satellite tracking and capture-mark-recapture: New insights for the establishment of key marine conservation areas,"Siegwalt, Flora; Benhamou, Simon; Girondot, Marc; Jeantet, Lorene; Martin, Jordan; Bonola, Marc; Lelong, Pierre; Grand, Clement; Chambault, Philippine; Benhalilou, Abdelwahab; Murgale, Celine; Maillet, Thomas; Andreani, Lucas; Campistron, Guilhem; Jacaria, Francois; Hielard, Gaelle; Arque, Alexandre; Etienne, Denis; Gresser, Julie; Regis, Sidney; Lecerf, Nicolas; Frouin, Cedric; Lefebvre, Fabien; Aubert, Nathalie; Vedie, Fabien; Barnerias, Cyrille; Thieulle, Laurent; Guimera, Christelle; Bouaziz, Myriam; Pinson, Adrien; Flora, Frederic; George, Francis; Eggenspieler, Joffrey; Woignier, Thierry; Allenou, Jean-Pierre; Louis-Jean, Laurent; Chanteur, Benedicte; Beranger, Christelle; Crillon, Jessica; Brador, Aude; Habold, Caroline; Le Maho, Yvon; Robin, Jean-Patrice; Chevallier, Damien",250,NA,NA,ad31e857276d4fef672ac1f933b47103
136,10.1016/j.biocon.2020.108598,BIOLOGICAL CONSERVATION,2020,1,0,NA,0,When you can't see the koalas for the trees: Using drones and machine learning in complex environments,"Hamilton, Grant; Corcoran, Evangeline; Denman, Simon; Hennekam, Molly Ellis; Koh, Lian Pin",247,NA,NA,a300e81951d39962c90bd52ba74cc85c
137,10.1016/j.biocon.2019.01.030,BIOLOGICAL CONSERVATION,2019,1,1,1,1,"Richness, diversity, and factors influencing occupancy of mammal communities across human-modified landscapes in Colombia","Boron, Valeria; Deere, Nicolas J.; Xofis, Panteleimon; Link, Andres; Quinones-Guerrero, Andres; Payan, Esteban; Tzanopoulos, Joseph",232,108,116,e5c339657614de83146ec780b9682189
138,10.1016/j.biocon.2020.108593,BIOLOGICAL CONSERVATION,2020,1,1,0,0,The relative contribution of camera trap technology and citizen science for estimating survival of an endangered African vulture,"Santangeli, Andrea; Pakanen, Veli-Matti; Bridgeford, Peter; Boorman, Mark; Kolberg, Holger; Sanz-Aguilar, Ana",246,NA,NA,a475023f46531948287d4982dbf7c31f
139,10.1016/j.biocon.2019.05.022,BIOLOGICAL CONSERVATION,2019,1,1,1,1,Optimizing habitat management for amphibians: From simple models to complex decisions,"Scroggie, Michael P.; Preece, Kathy; Nicholson, Emily; McCarthy, Michael A.; Parris, Kirsten M.; Heard, Geoffrey W.",236,60,69,99edf7f65737109b3f1cb0032ed6ac41
140,10.1016/j.biocon.2020.108699,BIOLOGICAL CONSERVATION,2020,1,0,NA,0,A network of small protected areas favoured generalist but not specialized wetland birds in a 30-year period,"Brambilla, Mattia; Rizzolli, Franco; Franzoi, Alessandro; Caldonazzi, Michele; Zanghellini, Sandro; Pedrini, Paolo",248,NA,NA,e77672a7500585e2b3644e771a631d83
141,10.1016/j.biocon.2019.07.032,BIOLOGICAL CONSERVATION,2019,1,1,0,0,Towards recovery of an endangered island endemic: Distributional and behavioral responses of Key Largo woodrats associated with exotic predator removal,"Cove, Michael, V; Simons, Theodore R.; Gardner, Beth; O'Connell, Allan F.",237,423,429,8ee7cf08953a1379fe965609ee5a37f1
142,10.1016/j.biocon.2020.108911,BIOLOGICAL CONSERVATION,2021,1,1,1,1,The upward elevational shifts of pond breeding amphibians following climate warming,"Tiberti, Rocco; Mangiacotti, Marco; Bennati, Rolando",253,NA,NA,075b3e47c21547c90362589b836edad8
143,10.1016/j.biocon.2020.108874,BIOLOGICAL CONSERVATION,2021,1,1,1,1,Detecting dispersal: A spatial dynamic occupancy model to reliably quantify connectivity across heterogeneous conservation landscapes,"Vasudev, Divya; Goswami, Varun R.; Oli, Madan K.",253,NA,NA,5891ed159e2663ea866f5a68546516f2
144,10.1016/j.biocon.2019.05.034,BIOLOGICAL CONSERVATION,2019,1,0,NA,0,Overview of emerging amphibian pathogens and modeling advances for conservation-related decisions,"DiRenzo, Graziella V.; Grant, Evan H. Campbell",236,474,483,bdee57141a0a55840d5a9d57b4baa3d6
145,10.1016/j.biocon.2022.109661,BIOLOGICAL CONSERVATION,2022,1,0,NA,0,"Aridity, fire severity and proximity of populations affect the temporal responses of open-habitat birds to wildfires","Puig-Girones, Roger; Brotons, Lluis; Pons, Pere",272,NA,NA,7a03254cf0cf033b5d6c620d80a8e548
146,10.1016/j.biocon.2018.07.017,BIOLOGICAL CONSERVATION,2018,1,0,NA,0,"Natural vegetation and bug abundance promote insectivorous bat activity in macadamia orchards, South Africa","Weier, Sina M.; Grass, Ingo; Linden, Valerie M. G.; Tscharntke, Teja; Taylor, Peter J.",226,16,23,194645fb5bfcb77aa373c36bee1690e8
147,10.1016/j.biocon.2019.108374,BIOLOGICAL CONSERVATION,2020,1,0,NA,0,Integrating multiple data sources and multi-scale land-cover data to model the distribution of a declining amphibian,"Rose, Jonathan P.; Halstead, Brian J.; Fisher, Robert N.",241,NA,NA,95ce38e0e6bfdb9d9c7cfdc7c62274a3
148,10.1016/j.biocon.2019.108276,BIOLOGICAL CONSERVATION,2019,1,1,1,1,Woody plant encroachment restructures bird communities in semiarid grasslands,"Andersen, Erik M.; Steidl, Robert J.",240,NA,NA,70ecbbf1d20c214aad4099d4e3da6289
149,10.1016/j.biocon.2019.07.037,BIOLOGICAL CONSERVATION,2019,1,1,1,1,The spatial distribution and population density of tigers in mountainous terrain of Bhutan,"Tempa, Tshering; Hebblewhite, Mark; Goldberg, Jousha F.; Norbu, Nawang; Wangchuk, Tshewang R.; Xiao, Wenhong; Mills, L. Scott",238,NA,NA,0c67f3d26053b2a3c7bfa4bdc74796ee
150,10.1016/j.biocon.2022.109654,BIOLOGICAL CONSERVATION,2022,1,0,NA,0,Global impacts of edge effects on species richness,"Willmer, Julian Nicholas G.; Puettker, Thomas; Prevedello, Jayme Augusto",272,NA,NA,1f9f37955c8fff50b3b875907b1e90af
151,10.1016/j.biocon.2019.108404,BIOLOGICAL CONSERVATION,2020,1,0,NA,0,"Unmonitored releases of small animals? The importance of considering natural dispersal, health, and human habituation when releasing a territorial mammal threatened by wildlife trade","Campera, Marco; Brown, Ella; Imron, Muhammad Ali; Nekaris, K. A., I",242,NA,NA,4abd2f34538c9a7124a182a8d003c701
152,10.1016/j.biocon.2017.12.028,BIOLOGICAL CONSERVATION,2018,1,0,NA,0,"Low genetic diversity, limited gene flow and widespread genetic bottleneck effects in a threatened dolphin species, the Australian humpback dolphin","Parra, Guido J.; Cagnazzi, Daniele; Jedensjo, Maria; Ackermann, Corinne; Frere, Celine; Seddon, Jennifer; Nikolic, Natacha; Krutzen, Michael",220,192,200,bf126d3a7e96a902142f013cd31e5d33
153,10.1016/j.biocon.2021.109104,BIOLOGICAL CONSERVATION,2021,1,1,1,1,Estimates of regional annual abundance and population growth rates of white sharks off central California,"Kanive, Paul E.; Rotella, Jay J.; Chapple, Taylor K.; Anderson, Scot D.; White, Timothy D.; Block, Barbara A.; Jorgensen, Salvador J.",257,NA,NA,79eab33e527f7f52af483f4ac61c83ef
154,10.1016/j.biocon.2020.108762,BIOLOGICAL CONSERVATION,2020,1,1,1,1,Strict protected areas are essential for the conservation of larger and threatened mammals in a priority region of the Brazilian Cerrado,"Ferreira, Guilherme Braga; Collen, Ben; Newbold, Tim; Rabelo Oliveira, Marcelo Juliano; Pinheiro, Marcell Soares; de Pinho, Fernando Ferreira; Rowcliffe, Marcus; Carbone, Chris",251,NA,NA,f07e532675d6d1b35cc2d803027d2083
155,10.1016/j.biocon.2022.109772,BIOLOGICAL CONSERVATION,2022,1,1,1,1,Is livestock grazing compatible with green peafowl (Pavo muticus) conservation? Potential chance of peafowl-human coexistence,"Gu, Bojian; Weng, Yue; Diao, Yixin; Zhao, Qianqian; Zhang, Zhuojin; Tian, Siyuan; Bai, Linzhuang; Wang, Fang",275,NA,NA,4efbd153457b09fe0c5cce07d3a71f80
156,10.1016/j.biocon.2018.10.002,BIOLOGICAL CONSERVATION,2018,1,1,1,1,Using citizen science data in integrated population models to inform conservation,"Robinson, Orin J.; Ruiz-Gutierrez, Viviana; Fink, Daniel; Meese, Robert J.; Holyoak, Marcel; Cooch, Evan G.",227,361,368,1b938d6c0c654f377724135afd65bc69
157,10.1016/j.biocon.2021.109247,BIOLOGICAL CONSERVATION,2021,1,1,1,1,"Livestock grazing, climatic variation, and breeding phenology jointly shape disease dynamics and survival in a wild amphibian","Barrile, Gabriel M.; Chalfoun, Anna D.; Walters, Annika W.",261,NA,NA,00aaac9756562a12da5a9913e63b319c
158,10.1016/j.biocon.2019.108252,BIOLOGICAL CONSERVATION,2019,1,0,NA,0,Protected areas alone rarely predict mammalian biodiversity across spatial scales in an Albertan working landscape,"Stewart, Frances E. C.; Volpe, John P.; Eaton, Brian R.; Hood, Glynnis A.; Vujnovic, Dragomir; Fisher, Jason T.",240,NA,NA,f88180ae6e156d81c04ee86ec6154895
159,10.1016/j.biocon.2019.108377,BIOLOGICAL CONSERVATION,2020,1,1,1,1,Habitat amount versus connectivity: An empirical study of bird responses,"Lindenmayer, David B.; Blanchard, Wade; Foster, Claire N.; Scheele, Ben C.; Westgate, Martin J.; Stein, John; Crane, Mason; Florance, Dan",241,NA,NA,30bdb0257ac8fb5d383b7102a8650dfd
160,10.1016/j.biocon.2018.05.013,BIOLOGICAL CONSERVATION,2018,1,1,1,1,Multi-species occupancy modelling of mammal and ground bird communities in rangeland in the Karoo: A case for dryland systems globally,"Drouilly, Marine; Clark, Allan; O'Riain, M. Justin",224,16,25,e3d67a4e92eaa0544181ed7677c13853
161,10.1016/j.biocon.2020.108638,BIOLOGICAL CONSERVATION,2020,1,1,1,1,Bottom-up and top-down processes influence contemporary patterns of mammal species richness in Australia's monsoonal tropics,"Stobo-Wilson, A. M.; Stokeld, D.; Einoder, L. D.; Davies, H. F.; Fisher, A.; Hill, B. M.; Mahney, T.; Murphy, B. P.; Scroggie, M. P.; Stevens, A.; Woinarski, J. C. Z.; Rangers, Bawinanga; Rangers, Warddeken; Gillespie, G. R.",247,NA,NA,1495e2c2e9aa2916a42c769dfe54fb7b
162,10.1016/j.biocon.2019.05.038,BIOLOGICAL CONSERVATION,2019,1,0,NA,0,"Freshwater conservation assessments in (semi-)arid regions: Testing river intermittence and buffer strategies using freshwater mussels (Bivalvia, Unionida) in Morocco","Gomes-dos-Santos, Andre; Froufe, Elsa; Goncalves, Duarte V.; Sousa, Ronaldo; Prie, Vincent; Ghamizi, Mohamed; Benaissa, Hassan; Varandas, Simone; Teixeira, Amilcar; Lopes-Lima, Manuel",236,420,434,33a24615cd835b559bf2c3bda7719036
163,10.1016/j.biocon.2019.05.033,BIOLOGICAL CONSERVATION,2019,1,1,1,1,Benefits and limits of comparative effectiveness studies in evidence-based conservation,"Schmidt, Benedikt R.; Arlettaz, Raphael; Schaub, Michael; Luscher, Beatrice; Kropfli, Madeleine",236,115,123,7715c5294b442fd18c8ac1f84d7127df
164,10.1016/j.biocon.2019.108347,BIOLOGICAL CONSERVATION,2020,1,1,1,1,Rapid and varied responses of songbirds to climate change in California coniferous forests,"Furnas, Brett J.",241,NA,NA,703c3228b17a26aa8205e1d9ba5fe519
165,10.1016/j.biocon.2019.02.020,BIOLOGICAL CONSERVATION,2019,1,1,1,1,Satellite-detected forest disturbance forecasts American marten population decline: The case for supportive space-based monitoring,"Clare, John; McKinney, Shawn T.; Simons-Legaard, Erin M.; DePue, John E.; Loftin, Cynthia S.",233,336,345,3284276d01727ac0682b4dec8e819ccf
166,10.1016/j.biocon.2018.10.016,BIOLOGICAL CONSERVATION,2018,1,1,1,1,Distributional shifts in a biodiversity hotspot,"Beaudrot, Lydia; Acevedo, Miguel; Lessard, Jean-Philippe; Sheil, Douglas; Larney, Eileen; Wright, Patricia; Ahumada, Jorge",228,252,258,85d15133654a63a1ce84b213906d6795
