,DOI,Journal,Year,PlantsOrAnimals,HierarchModel,UsesR,UsePaper,Title,Authors,Volume,StartPage,EndPage,ID
1,10.1111/cobi.13319,CONSERVATION BIOLOGY,2019,1,0,NA,0,Genetically informed captive breeding of hybrids of an extinct species of Galapagos tortoise,"Quinzin, Maud C.; Sandoval-Castillo, Jonathan; Miller, Joshua M.; Beheregaray, Luciano B.; Russello, Michael A.; Hunter, Elizabeth A.; Gibbs, James P.; Tapia, Washington; Villalva, Freddy; Caccone, Adalgisa",33,1404,1414,b4b2f49c6442d34aff21d27cfb8a38bc
2,10.1111/cobi.13269,CONSERVATION BIOLOGY,2019,1,1,1,1,Effects of anthropogenic disturbance on primate density at the landscape scale,"Cavada, Nathalie; Tenan, Simone; Barelli, Claudia; Rovero, Francesco",33,873,882,5101559b1745b1ad60e945933358b78f
3,10.1111/cobi.13047,CONSERVATION BIOLOGY,2018,1,1,1,1,Need for multiscale planning for conservation of urban bats,"Gallo, Travis; Lehrer, Elizabeth W.; Fidino, Mason; Kilgour, R. Julia; Wolff, Patrick J.; Magle, Seth B.",32,638,647,6cc2edc19edd1e29b66e42f53ccf0e4b
4,10.1111/cobi.13210,CONSERVATION BIOLOGY,2019,1,0,NA,0,Frog occupancy of polluted wetlands in urban landscapes,"Sievers, Michael; Hale, Robin; Swearer, Stephen E.; Parris, Kirsten M.",33,389,402,ebc26ead96b1437680a0d02044f41d48
5,10.1111/cobi.13516,CONSERVATION BIOLOGY,2021,1,1,1,1,Using the ecological significance of animal vocalizations to improve inference in acoustic monitoring programs,"Wood, Connor M.; Klinck, Holger; Gustafson, Michaela; Keane, John J.; Sawyer, Sarah C.; Gutierrez, R. J.; Peery, M. Zachariah",35,336,345,4d25905122cd087b64cff498ee1c66df
6,10.1111/cobi.13750,CONSERVATION BIOLOGY,2021,1,1,1,1,Optimizing conservation in species-specific agricultural landscapes,"Yeiser, John M.; Morgan, John J.; Baxley, Danna L.; Chandler, Richard B.; Martin, James A.",35,1871,1881,2a33acb32a47174ca57431d594718d14
7,10.1111/cobi.13686,CONSERVATION BIOLOGY,2021,1,1,1,1,Long-term drivers of persistence and colonization dynamics in spatially structured amphibian populations,"Falaschi, Mattia; Giachello, Simone; Lo Parrino, Elia; Muraro, Martina; Manenti, Raoul; Ficetola, Gentile Francesco",35,1530,1539,4886fdc2ff627b7d0e983d37966dcbdf
8,10.1111/cobi.13943,CONSERVATION BIOLOGY,2022,1,1,1,1,Habitat use of and threats to African large carnivores in a mixed-use landscape,"Strampelli, Paolo; Henschel, Philipp; Searle, Charlotte E.; Macdonald, David W.; Dickman, Amy J.",36,NA,NA,e61a074104f95ccc15b2e4e477728e67
9,10.1111/cobi.13392,CONSERVATION BIOLOGY,2020,0,NA,NA,0,A Bayesian hierarchical approach to quantifying stakeholder attitudes toward conservation in the presence of reporting error,"Vasudev, Divya; Goswami, Varun R.",34,515,526,a85177ff54a135cfed94399ab4f9eba4
10,10.1111/cobi.13731,CONSERVATION BIOLOGY,2021,1,1,1,1,Scaling up private land conservation to meet recovery goals for grassland birds,"Pavlacky, David C., Jr.; Hagen, Christian A.; Bartuszevige, Anne M.; Iovanna, Rich; George, Thomas Luke; Naugle, David E.",35,1564,1574,b4b2dda5aa95653db4da43722e3676bf
11,10.1111/cobi.13345,CONSERVATION BIOLOGY,2020,1,1,1,1,Effectiveness of management zoning designed for flagship species in protecting sympatric species,"Shen, Xiaoli; Li, Sheng; McShea, William J.; Wang, Dajun; Yu, Jianping; Shi, Xiaogang; Dong, Wei; Mi, Xiangcheng; Ma, Keping",34,158,167,b5c6533c76ce48e49fe2715a6c9e332e
12,10.1111/cobi.13813,CONSERVATION BIOLOGY,2022,1,1,1,1,Human disturbance and shifts in vertebrate community composition in a biodiversity hotspot,"Soto, Juan S. Vargas; Beirne, Christopher; Whitworth, Andrew; Diaz, Juan Carlos Cruz; Flatt, Eleanor; Pillco-Huarcaya, Ruthmery; Olson, Erik R.; Azofeifa, Alejandro; Saborio-R, Guido; Salom-Perez, Roberto; Espinoza-Munoz, Deiver; Hay, Leslie; Whittaker, Lawrence; Roldan, Carmen; Bedoya-Arrieta, Ricardo; Broadbent, Eben North; Molnar, Peter K.",36,NA,NA,47f8d42ed52abaa19297cb6b07be22ac
13,10.1111/cobi.13279,CONSERVATION BIOLOGY,2019,1,0,NA,0,Applying habitat and population-density models to land-cover time series to inform IUCN Red List assessments,"Santini, Luca; Butchart, Stuart H. M.; Rondinini, Carlo; Benitez-Lopez, Ana; Hilbers, Jelle P.; Schipper, Aafke M.; Cengic, Mirza; Tobias, Joseph A.; Huijbregts, Mark A. J.",33,1084,1093,1e959753e8764c53e07290c19db0953f
14,10.1111/cobi.13839,CONSERVATION BIOLOGY,2022,1,1,1,1,Functional diversity loss and change in nocturnal behavior of mammals under anthropogenic disturbance,"Li, Xueyou; Hu, Wenqiang; Bleisch, William, V; Li, Quan; Wang, Hongjiao; Lu, Wen; Sun, Jun; Zhang, Fuyou; Ti, Bu; Jiang, Xuelong",36,NA,NA,d3d43644d93115bae5abbb162bd572b1
15,10.1111/cobi.13191,CONSERVATION BIOLOGY,2019,1,1,1,1,Use of ambiguous detections to improve estimates from species distribution models,"Louvrier, Julie; Molinari-Jobin, Anja; Kery, Marc; Chambert, Thierry; Miller, David; Zimmermann, Fridolin; Marboutin, Eric; Molinari, Paolo; Mueller, Oliver; Cerne, Rok; Gimenez, Olivier",33,185,195,0c003a527fd6544cd40f4f65254bb841
16,10.1111/cobi.13896,CONSERVATION BIOLOGY,2022,1,0,NA,0,"Extinction risk of the endemic vascular flora of Kauai, Hawaii, based on IUCN assessments","Ronsted, Nina; Walsh, Seana K.; Clark, Margaret; Edmonds, Merlin; Flynn, Tim; Heintzman, Scott; Loomis, Alexander; Lorence, David; Nagendra, Uma; Nyberg, Ben; Opgenorth, Michael; Weisenberger, Lauren; Williams, Adam; Wolkis, Dustin; Wood, Kenneth R.; Keir, Matthew",36,NA,NA,31fbe4fbc55ff9160a46569823088268
17,10.1111/cobi.13205,CONSERVATION BIOLOGY,2019,1,1,1,1,Value of protected areas to avian persistence across 20 years of climate and land-use change,"Peach, Michelle A.; Cohen, Jonathan B.; Frair, Jacqueline L.; Zuckerberg, Benjamin; Sullivan, Patrick; Porter, William F.; Lang, Corey",33,423,433,90db020ffddb2135dc48ca9d001f4361
18,10.1111/cobi.12988,CONSERVATION BIOLOGY,2018,1,0,NA,0,Scaling range sizes to threats for robust predictions of risks to biodiversity,"Keith, David A.; Akcakaya, H. Resit; Murray, Nicholas J.",32,322,332,4aafadb43d181bf70e800f9e4696f800
19,10.1111/cobi.13832,CONSERVATION BIOLOGY,2022,1,1,1,1,Using interview surveys and multispecies occupancy models to inform vertebrate conservation,"Pillay, Rajeev; Miller, David A. W.; Raghunath, R.; Joshi, Atul A.; Mishra, Charudutt; Johnsingh, A. J. T.; Madhusudan, M. D.",36,NA,NA,2652b3e2fd64f9d004ef97f406e730c5
20,10.1111/cobi.14019,CONSERVATION BIOLOGY,2022,1,0,NA,0,Integrating habitat-masked range maps with quantifications of prevalence to estimate area of occupancy in IUCN assessments,"Anderson, Robert P.",NA,NA,NA,014463ab5b620b4fc02bf917ae23f260
21,10.1111/cobi.13872,CONSERVATION BIOLOGY,2022,1,1,1,1,Conserving alpha and beta diversity in wood-production landscapes,"Jones, Gavin M.; Brosi, Berry; Evans, Jason M.; Gottlieb, Isabel G. W.; Loy, Xingwen; Nunez-Regueiro, Mauricio M.; Ober, Holly K.; Pienaar, Elizabeth; Pillay, Rajeev; Pisarello, Kathryn; Smith, Lora L.; Fletcher, Robert J., Jr.",36,NA,NA,3f8438097c562e079ee6c7dff5e95cc5
22,10.1111/cobi.13517,CONSERVATION BIOLOGY,2021,1,0,NA,0,Abundance estimation of unmarked animals based on camera-trap data,"Gilbert, Neil A.; Clare, John D. J.; Stenglein, Jennifer L.; Zuckerberg, Benjamin",35,88,100,a08bf3cee69dfb3df1632a8853804512
23,10.1111/cobi.13373,CONSERVATION BIOLOGY,2021,1,0,NA,0,Including indigenous knowledge in species distribution modeling for increased ecological insights,"Skroblin, Anja; Carboon, Tracy; Bidu, Gladys; Chapman, Nganjapayi; Miller, Minyawu; Taylor, Karnu; Taylor, Waka; Game, Edward T.; Wintle, Brendan A.",35,587,597,c17069fe9c35c7ae852e56a2bb6d92af
24,10.1111/cobi.13449,CONSERVATION BIOLOGY,2020,1,1,1,1,Optimization of capture-recapture monitoring of elusive species illustrated with a threatened grasshopper,"Broeder, Linda; Tatin, Laurent; Hochkirch, Axel; Schuld, Andreas; Pabst, Lucas; Besnard, Aurelien",34,743,753,6df0d25bd5a8802e70a1c816ef3ebb9c
25,10.1111/cobi.13139,CONSERVATION BIOLOGY,2018,1,0,NA,0,Refining area of occupancy to address the modifiable areal unit problem in ecology and conservation,"Moat, Justin; Bachman, Steven P.; Field, Richard; Boyd, Doreen S.",32,1278,1289,cceee7a356d57e7e2ec846ca03e56506
26,10.1111/cobi.13673,CONSERVATION BIOLOGY,2021,0,1,1,0,Improving inferences about private land conservation by accounting for incomplete reporting,"Williamson, Matthew A.; Dickson, Brett G.; Hooten, Mevin B.; Graves, Rose A.; Lubell, Mark N.; Schwartz, Mark W.",35,1174,1185,6312759ed2c3d1eb876ab66584aa7aff
27,10.1111/cobi.14005,CONSERVATION BIOLOGY,2022,1,0,NA,0,Efficacy of created and restored nesting sites for the conservation of colonial Laridae in the South of France,"Schwartz, Timothee; Besnard, Aurelien; Pin, Christophe; Scher, Olivier; Blanchon, Thomas; Bechet, Arnaud; Sadoul, Nicolas",NA,NA,NA,a1675209279752102da76e2ddacb5c83
28,10.1111/cobi.13320,CONSERVATION BIOLOGY,2019,1,1,1,1,Characterizing species co-occurrence patterns of imperfectly detected stream fishes to inform species reintroduction efforts,"Lamothe, Karl A.; Dextrase, Alan J.; Drake, D. Andrew R.",33,1392,1403,1d0681161db8925301c4970725850d68
29,10.1111/cobi.13194,CONSERVATION BIOLOGY,2019,1,1,1,1,Empirical selection between least-cost and current-flow designs for establishing wildlife corridors in Gabon,"Vanthomme, Hadrien P. A.; Nzamba, Brave S.; Alonso, Alfonso; Todd, Angelique F.",33,329,338,a69160e9fa70ee779288447904202081
30,10.1111/cobi.13062,CONSERVATION BIOLOGY,2018,1,0,NA,0,A test of the substitution-habitat hypothesis in amphibians,"Martinez-Abrain, Alejandro; Galan, Pedro",32,725,730,7fe43572f2fba082d40700f5b6ce5cd7
31,10.1111/cobi.13192,CONSERVATION BIOLOGY,2019,1,1,0,0,Use of stochastic patch occupancy models in the California red-legged frog for Bayesian inference regarding past events and future persistence,"Alcala, Nicolas; Launer, Alan E.; Westphal, Michael F.; Seymour, Richard; Cole, Esther M.; Rosenberg, Noah A.",33,685,696,1f1133906b32419fb2bc77c1221e3f45
32,10.1111/cobi.13934,CONSERVATION BIOLOGY,2022,1,1,1,1,Quantifying the conservation status and abundance trends of wildlife communities with detection-nondetection data,"Farr, Matthew T.; O'Brien, Timothy; Yackulic, Charles B.; Zipkin, Elise F.",36,NA,NA,577b40996a739a24df35f8ed971bdcb8
33,10.1111/cobi.13369,CONSERVATION BIOLOGY,2019,1,NA,NA,0,Reserve design to optimize functional connectivity and animal density,"Gupta, Amrita; Dilkina, Bistra; Morin, Dana J.; Fuller, Angela K.; Royle, J. Andrew; Sutherland, Christopher; Gomes, Carla P.",33,1023,1034,dd8cad0ed52b649c1b1824b0387015e2
34,10.1111/cobi.13889,CONSERVATION BIOLOGY,2022,1,0,NA,0,Longitudinal monitoring of neutral and adaptive genomic diversity in a reintroduction,"Marshall, Imogen R.; Brauer, Chris J.; Wedderburn, Scotte D.; Whiterod, Nick S.; Hammer, Michael P.; Barnes, Thomas C.; Attard, Catherine R. M.; Moeller, Luciana M.; Beheregaray, Luciano B.",36,NA,NA,de9e99470d7ebe2748ca0a4c48ff511c
35,10.1111/cobi.13554,CONSERVATION BIOLOGY,2021,1,0,NA,0,Estimation of spatiotemporal trends in bat abundance from mortality data collected at wind turbines,"Davy, Christina M.; Squires, Kelly; Zimmerling, J. Ryan",35,227,238,c2ea1fca6db564ea8dd26547b5fd5a8d
36,10.1111/cobi.13261,CONSERVATION BIOLOGY,2019,1,1,1,1,Simultaneous-count models to estimate abundance from counts of unmarked individuals with imperfect detection,"Ryan, Gerard Edward; Nicholson, Emily; Eames, Jonathan C.; Gray, Thomas N. E.; Loveridge, Robin; Mahood, Simon P.; Sum, Phearun; McCarthy, Michael A.",33,697,708,0b3aea9b97f5e3793c2fbd14b3e2bf9a
37,10.1111/cobi.13384,CONSERVATION BIOLOGY,2020,1,1,1,1,Effectiveness of Panama as an intercontinental land bridge for large mammals,"Meyer, Ninon F., V; Moreno, Ricardo; Sutherland, Christopher; Antonio de la Torre, J.; Esser, Helen J.; Jordan, Christopher A.; Olnaos, Melva; Ortega, Josue; Reyna-Hurtado, Rafael; Valdes, Samuel; Jansen, Patrick A.",34,207,219,77f81257428cba134c812d5cb9b57f15
38,10.1111/cobi.13843,CONSERVATION BIOLOGY,2022,1,NA,NA,0,Using experimental reintroductions to resolve the roles of habitat quality and metapopulation dynamics on patch occupancy in fragmented landscapes,"Armstrong, Doug P.; Boulton, Rebecca L.; McArthur, Nikki; Govella, Susanne; Gorman, Nic; Pike, Rhonda; Richard, Yvan",36,NA,NA,fcb8b3acc59d5faddece39ae9917e5a6
39,10.1111/cobi.13676,CONSERVATION BIOLOGY,2021,1,1,1,1,Building a better baseline to estimate 160 years of avian population change and create historically informed conservation targets,"Hallman, Tyler A.; Robinson, W. Douglas; Curtis, Jenna R.; Alverson, Edward R.",35,1256,1267,2e3110f85c6c9da708cde32741cc23a5
40,10.1111/cobi.12979,CONSERVATION BIOLOGY,2018,1,1,1,1,Examining the relationship between local extinction risk and position in range,"Boakes, Elizabeth H.; Isaac, Nicholas J. . B.; Fuller, Richard A.; Mace, Georgina M.; McGowan, Philip J. K.",32,229,239,8dae667564bc38bb54042b31f414c7f1
