,DOI,Journal,Year,PlantsOrAnimals,HierarchModel,UsesR,UsePaper,Title,Authors,Volume,StartPage,EndPage,ID
1,10.1002/ecy.3535,ECOLOGY,2021,1,1,1,1,Using single visits into integrated occupancy models to make the most of existing monitoring programs,"Lauret, Valentin; Labach, Helene; Authier, Matthieu; Gimenez, Olivier",102,NA,NA,a96fdbcbcb4e3684cd829142edbabcea
2,10.1002/ecy.3231,ECOLOGY,2021,1,0,NA,0,Species pool size alters species-area relationships during experimental community assembly,"Catano, Christopher P.; Grman, Emily; Behrens, Eric; Brudvig, Lars A.",102,NA,NA,5201c89fd49fd0c58994a9b818ff4334
3,10.1002/ecy.3520,ECOLOGY,2021,1,1,1,0,A penalized likelihood for multispecies occupancy models improves predictions of species interactions,"Clipp, Hannah L.; Evans, Amber L.; Kessinger, Brin E.; Kellner, Kenneth; Rota, Christopher T.",102,NA,NA,06e3eed3268633f7e3a44a2579b8b276
4,10.1002/ecy.2538,ECOLOGY,2019,1,1,1,1,Hierarchical multi-population viability analysis,"Leasure, Douglas R.; Wenger, Seth J.; Chelgren, Nathan D.; Neville, Helen M.; Dauwalter, Daniel C.; Bjork, Robin; Fesenmyer, Kurt A.; Dunham, Jason B.; Peacock, Mary M.; Luce, Charlie H.; Lute, Abby C.; Isaak, Daniel J.",100,NA,NA,b2809475a1f10d3b7e96e284adfae86d
5,10.1002/ecy.3220,ECOLOGY,2021,1,0,NA,0,Biodiversity hotspots at a small scale: the importance of eagles' nests to many other animals,"Maciorowski, Grzegorz; Jankowiak, Lukasz; Sparks, Tim H.; Polakowski, Michal; Tryjanowski, Piotr",102,NA,NA,4b242cba4ae8c9d665bfe8c3763b5a83
6,10.1002/ecy.2985,ECOLOGY,2020,1,0,NA,0,Spatial and temporal turnover of soil microbial communities is not linked to function in a primary tropical forest,"Kivlin, Stephanie N.; Hawkes, Christine V.",101,NA,NA,fba3f636646fabaf5cb1275aa6516296
7,10.1002/ecy.3353,ECOLOGY,2021,1,0,NA,0,SNAPSHOT USA 2019: a coordinated national camera trap survey of the United States,"Cove, Michael V.; Kays, Roland; Bontrager, Helen; Bresnan, Claire; Lasky, Monica; Frerichs, Taylor; Klann, Renee; Lee, Thomas E., Jr.; Crockett, Seth C.; Crupi, Anthony P.; Weiss, Katherine C. B.; Rowe, Helen; Sprague, Tiffany; Schipper, Jan; Tellez, Chelsey; Lepczyk, Christopher A.; Fantle-Lepczyk, Jean E.; Lapoint, Scott; Williamson, Jacque; Fisher-Reid, M. Caitlin; King, Sean M.; Bebko, Alexandra J.; Chrysafis, Petros; Jensen, Alex J.; Jachowski, David S.; Sands, Joshua; MacCombie, Kelly Anne; Herrera, Daniel J.; van der Merwe, Marius; Knowles, Travis W.; Horan, Robert V., III; Rentz, Michael S.; Brandt, LaRoy S. E.; Nagy, Christopher; Barton, Brandon T.; Thompson, Weston C.; Maher, Sean P.; Darracq, Andrea K.; Hess, George; Parsons, Arielle W.; Wells, Brenna; Roemer, Gary W.; Hernandez, Cristian J.; Gompper, Matthew E.; Webb, Stephen L.; Vanek, John P.; Lafferty, Diana J. R.; Bergquist, Amelia M.; Hubbard, Tru; Forrester, Tavis; Clark, Darren; Cincotta, Connor; Favreau, Jorie; Facka, Aaron N.; Halbur, Michelle; Hammerich, Steven; Gray, Morgan; Rega-Brodsky, Christine C.; Durbin, Caleb; Flaherty, Elizabeth A.; Brooke, Jarred M.; Coster, Stephanie S.; Lathrop, Richard G.; Russell, Katarina; Bogan, Daniel A.; Cliche, Rachel; Shamon, Hila; Hawkins, Melissa T. R.; Marks, Sharyn B.; Lonsinger, Robert C.; O'Mara, M. Teague; Compton, Justin A.; Fowler, Melinda; Barthelmess, Erika L.; Andy, Katherine E.; Belant, Jerrold L.; Beyer, Dean E., Jr.; Kautz, Todd M.; Scognamillo, Daniel G.; Schalk, Christopher M.; Leslie, Matthew S.; Nasrallah, Sophie L.; Ellison, Caroline N.; Ruthven, Chip; Fritts, Sarah; Tleimat, Jaquelyn; Gay, Mandy; Whittier, Christopher A.; Neiswenter, Sean A.; Pelletier, Robert; DeGregorio, Brett A.; Kuprewicz, Erin K.; Davis, Miranda L.; Dykstra, Adrienne; Mason, David S.; Baruzzi, Carolina; Lashley, Marcus A.; Risch, Derek R.; Price, Melissa R.; Allen, Maximilian L.; Whipple, Laura S.; Sperry, Jinelle H.; Hagen, Robert H.; Mortelliti, Alessio; Evans, Bryn E.; Studds, Colin E.; Siren, Alexej P. K.; Kilborn, Jillian; Sutherland, Chris; Warren, Paige; Fuller, Todd; Harris, Nyeema C.; Carter, Neil H.; Trout, Edward; Zimova, Marketa; Giery, Sean T.; Iannarilli, Fabiola; Higdon, Summer D.; Revord, Ronald S.; Hansen, Christopher P.; Millspaugh, Joshua J.; Zorn, Adam; Benson, John F.; Wehr, Nathaniel H.; Solberg, Jaylin N.; Gerber, Brian D.; Burr, Jessica C.; Sevin, Jennifer; Green, Austin M.; Sekercioglu, Cagan H.; Pendergast, Mary; Barnick, Kelsey A.; Edelman, Andrew J.; Wasdin, Joanne R.; Romero, Andrea; O'Neill, Brian J.; Schmitz, Noel; Alston, Jesse M.; Kuhn, Kellie M.; Lesmeister, Damon B.; Linnell, Mark A.; Appel, Cara L.; Rota, Christopher; Stenglein, Jennifer L.; Anhalt-Depies, Christine; Nelson, Carrie; Long, Robert A.; Jaspers, Kodi Jo; Remine, Kathryn R.; Jordan, Mark J.; Davis, Daniel; Hernandez-Yanez, Haydee; Zhao, Jennifer Y.; McShea, Andwilliam J.",102,NA,NA,9df9ce88e94b1ff3b8eca60c980a694a
8,10.1002/ecy.3583,ECOLOGY,2022,1,1,1,1,"Modeling abundance, distribution, movement and space use with camera and telemetry data","Chandler, Richard B.; Crawford, Daniel A.; Garrison, Elina P.; Miller, Karl, V; Cherry, Michael J.",103,NA,NA,d10a0ff51910c6b2cece9601e6cadeb4
9,10.1002/ecy.3769,ECOLOGY,2022,1,1,1,1,Integration of mark-recapture and acoustic detections for unbiased population estimation in animal communities,"Jarrett, Crinan; Haydon, Daniel T.; Morales, Juan M.; Ferreira, Diogo F.; Forzi, Francis Alemanji; Welch, Andreanna J.; Powell, Luke L.; Matthiopoulos, Jason",103,NA,NA,38e2cda6d905177b1e06615daf955542
10,10.1002/ecy.2532,ECOLOGY,2018,1,0,NA,0,Soil drivers of local-scale tree growth in a lowland tropical forest,"Zemunik, Graham; Davies, Stuart J.; Turner, Benjamin L.",99,2844,2852,32a2c8cc2fb5365fe599110515407651
11,10.1002/ecy.2814,ECOLOGY,2019,1,1,NA,0,Estimation of metapopulation colonization rates from disturbance history and occurrence-pattern data,"Fabritius, H.; Singer, A.; Pennanen, I. J.; Snall, T.",100,NA,NA,e08a5e1df1c947759f5f1787a1a13f0a
12,10.1002/ecy.2438,ECOLOGY,2018,1,1,1,1,The importance of accounting for imperfect detection when estimating functional and phylogenetic community structure,"Si, Xingfeng; Cadotte, Marc W.; Zhao, Yuhao; Zhou, Haonan; Zeng, Di; Li, Jiaqi; Jin, Tinghao; Ren, Peng; Wang, Yanping; Ding, Ping; Tingley, Morgan W.",99,2103,2112,b3afdf74fa61adc8dc73ccdf80ff914c
13,10.1002/ecy.3832,ECOLOGY,2022,1,1,1,1,What can occupancy models gain from time-to-detection data?,"Priyadarshani, Dinusha; Altwegg, Res; Lee, Alan T. K.; Hwang, Wen-Han",103,NA,NA,ca71148133d890eddaf8516ce86e9d10
14,10.1002/ecy.3544,ECOLOGY,2022,1,1,1,1,Improved inferences about landscape connectivity from spatial capture-recapture by integration of a movement model,"Dupont, Gates; Linden, Daniel W.; Sutherland, Chris",103,NA,NA,c47601ef0cca18df6023a2693cf4f3da
15,10.1002/ecy.2396,ECOLOGY,2018,1,1,0,0,Identifying drivers of spatial variation in occupancy with limited replication camera trap data,"Hepler, Staci A.; Erhardt, Robert; Anderson, T. Michael",99,2152,2158,b490bde053c8f194546a6d468a62b8f4
16,10.1002/ecy.3942,ECOLOGY,2022,1,1,1,1,Model selection in occupancy models: Inference versus prediction.,"Stewart, Peter S; Stephens, Philip A; Hill, Russell A; Whittingham, Mark J; Dawson, Wayne",NA,e3942,e3942,c1df6c865569e47d5619834cf95733ab
17,10.1002/ecy.2484,ECOLOGY,2018,1,0,NA,0,Competition for microsites during recruitment in semiarid annual plant communities,"Boeken, Bertrand R.",99,2801,2814,679ab27bc7064464baa0823e2145df92
18,10.1002/ecy.2362,ECOLOGY,2018,1,1,1,1,On the robustness of N-mixture models,"Link, William A.; Schofield, Matthew R.; Barker, Richard J.; Sauer, John R.",99,1547,1551,6ee648926b13a6a1ca90e7a35c732262
19,10.1002/ecy.3880,ECOLOGY,2022,1,0,NA,0,Symbiotic ant traits produce differential host-plant carbon and water dynamics in a multi-species mutualism,"Milligan, Patrick D.; Martin, Timothy A.; Pringle, Elizabeth G.; Prior, Kirsten M.; Palmer, Todd M.",NA,NA,NA,873f7fe2cb8bb99fbeb2353a4f825e3b
20,10.1002/ecy.3203,ECOLOGY,2021,1,0,NA,0,Environmental conditions modulate compensatory effects of site dependence in a food-caching passerine,"Sutton, Alex O.; Strickland, Dan; Freeman, Nikole E.; Norris, D. Ryan",102,NA,NA,ad40f03aa38abbbdd9d8c99bb051f8df
21,10.1002/ecy.2636,ECOLOGY,2019,1,0,NA,0,Dominant tree species drive beta diversity patterns in western Amazonia,"Draper, Frederick C.; Asner, Gregory P.; Honorio Coronado, Euridice N.; Baker, Timothy R.; Garcia-Villacorta, Roosevelt; Pitman, Nigel C. A.; Fine, Paul V. A.; Phillips, Oliver L.; Zarate Gomez, Ricardo; Amasifuen Guerra, Carlos A.; Flores Arevalo, Manuel; Vasquez Martinez, Rodolfo; Brienen, Roel J. W.; Monteagudo-Mendoza, Abel; Torres Montenegro, Luis A.; Valderrama Sandoval, Elvis; Roucoux, Katherine H.; Ramirez Arevalo, Fredy R.; Mesones Acuy, Italo; Del Aguila Pasquel, Jhon; Tagle Casapia, Ximena; Flores Llampazo, Gerardo; Corrales Medina, Massiel; Reyna Huaymacari, Jose; Baraloto, Christopher",100,NA,NA,b68bd7a21ca933037438d28f5717ec1f
22,10.1002/ecy.2580,ECOLOGY,2019,1,1,1,1,Non-circular home ranges and the estimation of population density,"Efford, M. G.",100,NA,NA,84ad567b121e06ccedfadd222717fbcd
23,10.1002/ecy.2435,ECOLOGY,2018,1,0,NA,0,Costs of breeding are rapidly buffered and do not affect migratory behavior in a long-lived bird species,"Ramos, Rauel; Llabres, Victoria; Monclus, Laura; Lopez-Bejar, Manel; Gonzalez-Solis, Jacob",99,2010,2024,388b67752285d21392b06fbab685e14a
24,10.1002/ecy.3581,ECOLOGY,2022,1,0,NA,0,Doubling the lifespan of European plethodontid salamanders,"Lunghi, Enrico",103,NA,NA,fed5a4433b99f925fffb8b2891667eaa
25,10.1002/ecy.2754,ECOLOGY,2019,1,1,1,1,Joint species distribution models with species correlations and imperfect detection,"Tobler, Mathias W.; Kery, Marc; Hui, Francis K. C.; Guillera-Arroita, Gurutzeta; Knaus, Peter; Sattler, Thomas",100,NA,NA,0c46c1207674cacf9ef04f77603e5f02
26,10.1002/ecy.3676,ECOLOGY,2022,1,1,1,1,Confronting spatial capture-recapture models with realistic animal movement simulations,"Theng, Meryl; Milleret, Cyril; Bracis, Chloe; Cassey, Phillip; Delean, Steven",103,NA,NA,18b4790a7df97b630beca402f4fb3d88
27,10.1002/ecy.2166,ECOLOGY,2018,1,1,1,1,Inferring species interactions through joint mark-recapture analysis,"Yackulic, Charles B.; Korman, Josh; Yard, Michael D.; Dzul, Maria",99,812,821,0c03a98ec4d45f1cceef399bc23e2f57
28,10.1002/ecy.2595,ECOLOGY,2019,1,1,1,1,Assessing the effect of density on population growth when modeling individual encounter data,"Tenan, Simone; Tavecchia, Giacomo; Oro, Daniel; Pradel, Roger",100,NA,NA,468ea3c03536c0a15b676703eb4168b7
29,10.1002/ecy.2703,ECOLOGY,2019,1,1,1,1,Identifying occupancy model inadequacies: can residuals separately assess detection and presence?,"Wright, Wilson J.; Irvine, Kathryn M.; Higgs, Megan D.",100,NA,NA,d5b6deed715e8deb29500e808d07b9cf
30,10.1002/ecy.2711,ECOLOGY,2019,1,0,NA,0,Integrating social and ecological data to model metapopulation dynamics in coupled human and natural systems,"Van Schmidt, Nathan D.; Kovach, Tony; Kilpatrick, A. Marm; Oviedo, Jose L.; Huntsinger, Lynn; Hruska, Tracy; Miller, Norman L.; Beissinger, Steven R.",100,NA,NA,ec0de029b87dbe4b130a41d4e444618f
31,10.1002/ecy.2748,ECOLOGY,2019,1,0,NA,0,Functional differences stabilize beetle communities by weakening interspecific temporal synchrony,"van Klink, Roel; Leps, Jan; Vermeulen, Rikjan; de Bello, Francesco",100,NA,NA,2ee18088174e85f596784534552f3838
32,10.1002/ecy.3499,ECOLOGY,2021,1,0,NA,0,"Plant-soil feedbacks depend on drought stress, functional group, and evolutionary relatedness in a semiarid grassland","Martorell, Carlos; Martinez-Blancas, Alejandra; Garcia-Meza, Diego",102,NA,NA,75dcbe8afaa270427bc0b1095a4832f1
33,10.1002/ecy.2548,ECOLOGY,2019,1,0,NA,0,"Drivers of elevational richness peaks, evaluated for trees in the east Himalaya","Rana, Suresh K.; Gross, Kevin; Price, Trevor D.",100,NA,NA,8d12b8de88fa7c858400efdfecc82195
34,10.1002/ecy.3182,ECOLOGY,2020,1,0,NA,0,Genomic variation among populations provides insight into the causes of metacommunity survival,"Guzman, Laura Melissa; Srivastava, Diane S.",101,NA,NA,7e6bd9073aabd5de67ade1c7d375b43a
35,10.1002/ecy.3764,ECOLOGY,2022,1,0,NA,0,"Plant community data collected by Robert H. Whittaker in the Siskiyou Mountains, Oregon and California, USA","Whittaker, Robert H.; Damschen, Ellen I.; Harrison, Susan",103,NA,NA,d0d979017bde5862bb9b5f113c7ee785
36,10.1002/ecy.2759,ECOLOGY,2019,1,1,1,1,Analyzing community structure subject to incomplete sampling: hierarchical community model vs. canonical ordinations,"Yamaura, Yuichi; Blanchet, F. Guillaume; Higa, Motoki",100,NA,NA,782a7b9a4d54a6dc662bfbbe9286a521
37,10.1002/ecy.3576,ECOLOGY,2022,1,1,1,1,A spatial capture-recapture model for group-living species,"Emmet, Robert L.; Augustine, Ben C.; Abrahms, Briana; Rich, Lindsey N.; Gardner, Beth",103,NA,NA,6395804726a287f55e292bd099f70a2b
38,10.1002/ecy.2923,ECOLOGY,2020,1,1,1,1,Next-generation serology: integrating cross-sectional and capture-recapture approaches to infer disease dynamics,"Gamble, Amandine; Garnier, Romain; Chambert, Thierry; Gimenez, Olivier; Boulinier, Thierry",101,NA,NA,3978acda3e646ffbc2a9a30b925303fa
39,10.1002/ecy.2813,ECOLOGY,2019,1,0,NA,0,Pattern and scale: evaluating generalities in crab distributions and marsh dynamics from small plots to a national scale,"Wasson, Kerstin; Raposa, Kenneth; Almeida, Monica; Beheshti, Kathryn; Crooks, Jearey A.; Decks, Anna; Dix, Nikki; Garvey, Caitlin; Goldstein, Jason; Johnson, Dxid Samuel; Lerberg, Scott; Marcum, Pamela; Peter, Christopher; Puckett, Brandon; Schmitt, Jenni; Smith, Erik; St Laurent, Kart; Swanson, Katie; Tyrrell, Megan; Guy, Rachel",100,NA,NA,93e8559a3e72cc3172af79d29b6682c0
40,10.1002/ecy.3641,ECOLOGY,2022,1,0,NA,0,Capture-mark-recapture data on the strictly protected Speleomantes italicus,"Lunghi, Enrico; Corti, Claudia; Biaggini, Marta; Merilli, Stefano; Manenti, Raoul; Zhao, Yahui; Ficetola, Gentile Francesco; Cianferoni, Fabio",103,NA,NA,99431a505215beca26672d9be923994c
41,10.1002/ecy.2093,ECOLOGY,2018,1,1,1,1,Identifiability in N-mixture models: a large-scale screening test with bird data,"Kery, Marc",99,281,288,c3171f49f6aaab43ce2cab848f00ab4a
42,10.1002/ecy.2713,ECOLOGY,2019,1,0,NA,0,Innovations in data integration for modeling populations,"Zipkin, Elise F.; Inouye, Brian D.; Beissinger, Steven R.",100,NA,NA,f741f2ba3f4f9f5500f37b0a85904f3c
43,10.1002/ecy.3945,ECOLOGY,2022,1,0,NA,0,Spatiotemporal distributions of mammals occurring in an agro-prairie ecosystem.,"Palomo-Munoz, Gabriela; Werdel, Ty J; Piper, Colleen W; Peek, Matthew S; Ricketts, Andrew M; Ahlers, Adam A",NA,e3945,e3945,50a6d0aeac0903f0526fcd7d6cea520a
44,10.1002/ecy.2195,ECOLOGY,2018,1,1,NA,0,Estimating dispersal in spatiotemporally variable environments using multievent capture-recapture modeling,"Cayuela, Hugo; Pradel, Roger; Joly, Pierre; Bonnaire, Eric; Besnard, Aurelien",99,1150,1163,df0e5d79c4f83b1254eb23bdf3235b04
45,10.1002/ecy.3599,ECOLOGY,2022,1,0,NA,0,Decay of similarity across tropical forest communities: integrating spatial distance with soil nutrients,"Peguero, Guille; Ferrin, Miquel; Sardans, Jordi; Verbruggen, Erik; Ramirez-Rojas, Irene; Van Langenhove, Leandro; Verryckt, Lore T.; Murienne, Jerome; Iribar, Amaia; Zinger, Lucie; Grau, Oriol; Orivel, Jerome; Stahl, Clement; Courtois, Elodie A.; Asensio, Dolores; Gargallo-Garriga, Albert; Llusia, Joan; Margalef, Olga; Ogaya, Roma; Richter, Andreas; Janssens, Ivan A.; Penuelas, Josep",103,NA,NA,f5277eff90689d637536fd5c580324b9
46,10.1002/ecy.2417,ECOLOGY,2018,1,0,NA,0,Do natural enemies explain fluctuations in low-density spruce budworm populations?,"Bouchard, Mathieu; Martel, Veronique; Regniere, Jacques; Therrien, Pierre; Correia, David Laginha Pinto",99,2047,2057,63443c3d67863c2a9002a7bf4d21daf8
47,10.1002/ecy.3103,ECOLOGY,2020,1,0,NA,0,Why is arabica coffee visited by so few non-Apisbees in its native range?,"Samnegard, Ulrika",101,NA,NA,08bbb6c1acaa7aa284c0f0804c7c13f7
48,10.1002/ecy.2982,ECOLOGY,2020,1,1,0,0,"Long-term survival probability, not current habitat quality, predicts dispersal distance in a stream salamander","Addis, Brett R.; Lowe, Andwinsor H.",101,NA,NA,ed5194083c57f4cff9b04cc3aae4f8ff
49,10.1002/ecy.3186,ECOLOGY,2020,1,0,NA,0,Host-plant availability drives the spatiotemporal dynamics of interacting metapopulations across a fragmented landscape,"Opedal, Oystein H.; Ovaskainen, Otso; Saastamoinen, Marjo; Laine, Anna-Liisa; Nouhuys, Saskya",101,NA,NA,4e1bc628905c08a23a6982c875e6c690
50,10.1002/ecy.2700,ECOLOGY,2019,1,1,1,1,"Modeling competition, niche, and coexistence between an invasive and a native species in a two-species metapopulation","Dubart, Maxime; Pantel, Jelena H.; Pointier, Jean-Pierre; Jarne, Philippe; David, Patrice",100,NA,NA,f0790b91464c02d5f7d34107cc9dc610
51,10.1002/ecy.2730,ECOLOGY,2019,1,0,NA,0,High-frequency sampling and piecewise models reshape dispersal kernels of a common reef coral,"Moneghetti, Joanne; Figueiredo, Joana; Baird, Andrew H.; Connolly, Sean R.",100,NA,NA,d2dfa3a5dbfca1ac956eb1e8e301c1a4
52,10.1002/ecy.3241,ECOLOGY,2021,1,1,1,1,Generalized model-based solutions to false-positive error in species detection/nondetection data,"Clare, John D. J.; Townsend, Philip A.; Zuckerberg, Benjamin",102,NA,NA,d7e0a31f344106eeccd59ae037c29677
53,10.1002/ecy.3295,ECOLOGY,2021,1,0,NA,0,Grazing affects vegetation diversity and heterogeneity in California vernal pools,"Michaels, Julia; Batzer, Evan; Harrison, Susan; Eviner, Valerie T.",102,NA,NA,9d6391aa6b17a82f742edde00dda1fd0
54,10.1002/ecy.3093,ECOLOGY,2020,1,0,NA,0,"Chemistry of streams draining mined and unmined watersheds in the mountaintop mined landscape of Central Appalachia, USA","Gerson, Jacqueline R.; Moore, Eric; Naslund, Laura C.; Rocca, Jennifer; Simonin, Marie",101,NA,NA,c7a1e55d2e362804560cced6691d98ad
55,10.1002/ecy.2988,ECOLOGY,2020,1,0,NA,0,Disturbance legacies increase and synchronize nutrient concentrations and bacterial productivity in coastal ecosystems,"Kominoski, John S.; Gaiser, Evelyn E.; Castaneda-Moya, Edward; Davis, Stephen E.; Dessu, Shimelis B.; Julian, Paul, II; Lee, Dong Yoon; Marazzi, Luca; Rivera-Monroy, Victor H.; Sola, Andres; Stingl, Ulrich; Stumpf, Sandro; Surratt, Donatto; Travieso, Rafael; Troxler, Tiffany G.",101,NA,NA,9c542396f7971f97bd99fc136f8f4113
56,10.1002/ecy.3963,ECOLOGY,2022,1,0,NA,0,Post-weaning survival in kangaroos is high and constant until senescence: Implications for population dynamics.,"Bergeron, Rachel; Pigeon, Gabriel; Forsyth, David M; King, Wendy J; Festa-Bianchet, Marco",NA,e3963,e3963,907192799215edc307216fd92a13b18c
57,10.1002/ecy.2054,ECOLOGY,2018,1,1,1,1,Sampling scales define occupancy and underlying occupancy-abundance relationships in animals,"Steenweg, Robin; Hebblewhite, Mark; Whittington, Jesse; Lukacs, Paul; McKelvey, Kevin",99,172,183,b496dbc512de079299713fc989409616
58,10.1002/ecy.3770,ECOLOGY,2022,1,0,NA,0,Special Feature: Linking capture-recapture and movement INTRODUCTION,"Converse, Sarah J.; McClintock, Brett T.; Conn, Paul B.",103,NA,NA,0af9f7951b888634aefec3bbe3f99723
59,10.1002/ecy.2179,ECOLOGY,2018,1,1,0,0,Pacific Decadal and El Nino oscillations shape survival of a seabird,"Champagnon, Jocelyn; Lebreton, Jean-Dominique; Drummond, Hugh; Anderson, David J.",99,1063,1072,8667853d2c7db6b1befb75a173e1897b
60,10.1002/ecy.2622,ECOLOGY,2019,1,0,NA,0,Joint species movement modeling: how do traits influence movements?,"Ovaskainen, Otso; Ramos, Danielle Leal; Slade, Eleanor M.; Merckx, Thomas; Tikhonov, Gleb; Pennanen, Juho; Pizo, Marco Aurelio; Ribeiro, Milton Cezar; Manuel Morales, Juan",100,NA,NA,d95a603b316e4e5dcd30292ce4d469e5
61,10.1002/ecy.2709,ECOLOGY,2019,1,1,1,1,Resolving misaligned spatial data with integrated species distribution models,"Pacifici, Krishna; Reich, Brian J.; Miller, David A. W.; Pease, Brent S.",100,NA,NA,569dbf63b4235f1091089f751292aaa4
62,10.1002/ecy.3473,ECOLOGY,2022,1,0,NA,0,An integrated path for spatial capture-recapture and animal movement modeling,"McClintock, Brett T.; Abrahms, Briana; Chandler, Richard B.; Conn, Paul B.; Converse, Sarah J.; Emmet, Robert L.; Gardner, Beth; Hostetter, Nathan J.; Johnson, Devin S.",103,NA,NA,51eed83725981177fda6f01b095ab787
63,10.1002/ecy.2480,ECOLOGY,2018,1,0,NA,0,"The formation of marine kin structure: effects of dispersal, larval cohesion, and variable reproductive success","D'Aloia, Cassidy C.; Neubert, Michael G.",99,2374,2384,cf9f1f4270b540359dfd4ad76a8db358
64,10.1002/ecy.2750,ECOLOGY,2019,1,0,NA,0,The Australian National Rabbit Database: 50 yr of population monitoring of an invasive species,"Roy-Dufresne, Emilie; Lurgi, Miguel; Brown, Stuart C.; Wells, Konstans; Cooke, Brian; Mutze, Greg; Peacock, David; Cassey, Phill; Berman, Dave; Brook, Barry W.; Campbell, Susan; Cox, Tarnya; Daly, Joanne; Dunk, Iain; Elsworth, Peter; Fletcher, Don; Forsyth, David M.; Hocking, Greg; Kovaliski, John; Leane, Michael; Low, Bill; Kennedy, Malcolm; Matthews, John; McPhee, Steve; Mellin, Camille; Mooney, Trish; Moseby, Katherine; Read, John; Richardson, Barry J.; Schneider, Kathryn; Schwarz, Eric; Sinclair, Ronald; Strive, Tanja; Triulcio, Frank; West, Peter; Saltre, Frederik; Fordham, Damien A.",100,NA,NA,5ba2733a7ab5fa88534d256842b41b9c
65,10.1002/ecy.3315,ECOLOGY,2021,1,1,1,1,Accommodating the role of site memory in dynamic species distribution models,"DiRenzo, Graziella V.; Miller, David A. W.; Hossack, Blake R.; Sigafus, Brent H.; Howell, Paige E.; Muths, Erin; Grant, Evan H. C.",102,NA,NA,9f5d3298b06f297e1e58d7062bb57f8e
66,10.1002/ecy.3563,ECOLOGY,2022,1,1,1,1,Using machine learning to model nontraditional spatial dependence in occupancy data,"Mohankumar, Narmadha M.; Hefley, Trevor J.",103,NA,NA,42c02f2b5efdce7f1c7a2c92f0335c15
67,10.1002/ecy.3494,ECOLOGY,2021,1,1,1,0,Marginal support for a trophic cascade among sympatric canids in peripheral wolf range,"Fowler, Nicholas L.; Kautz, Todd M.; Petroelje, Tyler R.; Wilton, Clay M.; Kellner, Kenneth F.; O'Brien, Daniel J.; Parsons, Bill; Beyer, Dean E.; Belant, Jerrold L.",102,NA,NA,ce08dec7424e7811a6df72ff600cd434
68,10.1002/ecy.2546,ECOLOGY,2018,1,0,NA,0,The role of spatial structure in the collapse of regional metapopulations,"White, Easton R.; Smith, Andrew T.",99,2815,2822,89569737da6724085a7bb0051cb72ff1
69,10.1002/ecy.2681,ECOLOGY,2019,1,0,NA,0,Population projection models for 14 alien plant species in the presence and absence of aboveground competition,"Levin, Sam C.; Crandall, Raelene M.; Knight, Tiffany M.",100,NA,NA,1977762138b44249ce69e0579af687c5
70,10.1002/ecy.2398,ECOLOGY,2018,1,0,NA,0,The prevalence and impact of transient species in ecological communities,"Taylor, Sara J. Snell; Evans, Brian S.; White, Ethan P.; Hurlbert, Allen H.",99,1825,1835,356c22a5d44aeade98e0dae8623b46ed
71,10.1002/ecy.3300,ECOLOGY,2021,1,1,1,1,"Unusually large upward shifts in cold-adapted, montane mammals as temperature warms","McCain, Christy M.; King, Sarah R. B.; Szewczyk, Tim M.",102,NA,NA,80f6e3b266bde7efffa1f17cbd6a9ffc
72,10.1002/ecy.3301,ECOLOGY,2021,1,0,NA,0,How much leaf area do insects eat? A data set of insect herbivory sampled globally with a standardized protocol,"Mendes, Gisele M.; Silveira, Fernando A. O.; Oliveira, Carolina; Dattilo, Wesley; Guevara, Roger; Ruiz-Guerra, Betsabe; Boaventura, Maria Gabriela; Sershen; Ramdhani, Syd; Phartyal, Shyam S.; Ribeiro, Servio P.; Pinto, Victor Diniz; Vasconcelos, Heraldo L.; Tito, Richard; Pereira, Cassio Cardoso; Carvalho, Barbara; Carvalho, Gabriel M.; Del-Val, Ek; Buisson, Elise; Arruda, Andre J.; Toth, Jean-Baptiste; Roque, Fabio de O.; Souza, Allan Henrique; Bolzan, Fabio; Neves, Frederico; Kuchenbecker, Juliana; Demetrio, Guilherme Ramos; Seixas, Luziene; Romero, Gustavo Q.; de Omena, Paula M.; Silva, Jhonathan O.; Paolucci, Lucas; Queiroz, Elenir; Ooi, Mark K. J.; Mills, Charlotte H.; Gerhold, Pille; Merzin, Anne; Massante, Jhonny C.; Aguilar, Ramiro; Carbone, Lucas M.; Campos, Ricardo; Gomes, Inacio; Zorzal, Gabriela; Solar, Ricardo; Ramos, Leticia; Sobrinho, Tathiana; Sanders, Pedro; Cornelissen, Tatiana",102,NA,NA,7f359f02552002f565e0b043d27ddd70
73,10.1002/ecy.3573,ECOLOGY,2022,1,1,1,1,Recursive Bayesian computation facilitates adaptive optimal design in ecological studies,"Leach, Clinton B.; Williams, Perry J.; Eisaguirre, Joseph M.; Womble, Jamie N.; Bower, Michael R.; Hooten, Mevin B.",103,NA,NA,7d92d640b571a0620561ad3d94d3f989
74,10.1002/ecy.3223,ECOLOGY,2021,1,1,1,1,Interactive impacts of climate change and land-use change on the demography of montane birds,"Srinivasan, Umesh; Wilcove, David S.",102,NA,NA,5f22bc79b37bb249181fc1cd2773ac33
75,10.1002/ecy.3881,ECOLOGY,2022,1,0,NA,0,Current street tree communities reflect race-based housing policy and modern attempts to remedy environmental injustice,"Burghardt, Karin T. T.; Avolio, Meghan L. L.; Locke, Dexter H. H.; Grove, J. Morgan; Sonti, Nancy F. F.; Swan, Christopher M. M.",NA,NA,NA,7c15bdd359880cf0fe1bc2431ef9baaf
76,10.1002/ecy.2469,ECOLOGY,2018,1,0,NA,0,Optimizing the choice of a spatial weighting matrix in eigenvector-based methods,"Bauman, David; Drouet, Thomas; Fortin, Marie-Josee; Dray, Stephane",99,2159,2166,4afdad6247a1f3dc15f87fd35be510b4
77,10.1002/ecy.3775,ECOLOGY,2022,1,0,NA,0,SNAPSHOT USA 2020: A second coordinated national camera trap survey of the United States during the COVID-19 pandemic,"Kays, Roland; Cove, Michael V.; Diaz, Jose; Todd, Kimberly; Bresnan, Claire; Snider, Matt; Lee, Thomas E., Jr.; Jasper, Jonathan G.; Douglas, Brianna; Crupi, Anthony P.; Weiss, Katherine C. B.; Rowe, Helen; Sprague, Tiffany; Schipper, Jan; Lepczyk, Christopher A.; Fantle-Lepczyk, Jean E.; Davenport, Jon; Zimova, Marketa; Farris, Zach; Williamson, Jacque; Fisher-Reid, M. Caitlin; Rezendes, Drew; King, Sean M.; Chrysafis, Petros; Jensen, Alex J.; Jachowski, David S.; King, Katherine C.; Herrera, Daniel J.; Moore, Sophie; van der Merwe, Marius; Lombardi, Jason V.; Sergeyev, Maksim; Tewes, Michael E.; Horan, Robert V., III; Rentz, Michael S.; Driver, Ace; Brandt, La Roy S. E.; Nagy, Christopher; Alexander, Peter; Maher, Sean P.; Darracq, Andrea K.; Barr, Evan G.; Hess, George; Webb, Stephen L.; Proctor, Mike D.; Vanek, John P.; Lafferty, Diana J. R.; Hubbard, Tru; Jimenez, Jaime E.; McCain, Craig; Favreau, Jorie; Fogarty, Jack; Hill, Jacob; Hammerich, Steven; Gray, Morgan; Rega-Brodsky, Christine C.; Durbin, Caleb; Flaherty, Elizabeth A.; Brooke, Jarred; Coster, Stephanie S.; Lathrop, Richard G.; Russell, Katarina; Bogan, Daniel A.; Shamon, Hila; Rooney, Brigit; Rockhill, Aimee; Lonsinger, Robert C.; O'Mara, M. Teague; Compton, Justin A.; Barthelmess, Erika L.; Andy, Katherine E.; Belant, Jerrold L.; Petroelje, Tyler; Wehr, Nathaniel H.; Beyer, Dean E., Jr.; Scognamillo, Daniel G.; Schalk, Chris; Day, Kara; Ellison, Caroline N.; Ruthven, Chip; Nunley, Blaine; Fritts, Sarah; Whittier, Christopher A.; Neiswenter, Sean A.; Pelletier, Robert; DeGregorio, Brett A.; Kuprewicz, Erin K.; Davis, Miranda L.; Baruzzi, Carolina; Lashley, Marcus A.; McDonald, Brandon; Mason, David; Risch, Derek R.; Allen, Maximilian L.; Whipple, Laura S.; Sperry, Jinelle H.; Alexander, Emmarie; Wolff, Patrick J.; Hagen, Robert H.; Mortelliti, Alessio; Bolinjcar, Amay; Wilson, Andrew M.; Van Norman, Scott; Powell, Cailey; Coletto, Henry; Schauss, Martha; Bontrager, Helen; Beasley, James; Ellis-Felege, Susan N.; Wehr, Samuel R.; Giery, Sean T.; Pekins, Charles E.; LaRose, Summer H.; Revord, Ronald S.; Hansen, Christopher P.; Hansen, Lonnie; Millspaugh, Joshua J.; Zorn, Adam; Gerber, Brian D.; Rezendes, Kylie; Adley, Jessie; Sevin, Jennifer; Green, Austin M.; Sekercioglu, Cagan H.; Pendergast, Mary E.; Mullen, Kayleigh; Bird, Tori; Edelman, Andrew J.; Romero, Andrea; O'Neill, Brian J.; Schmitz, Noel; Vandermus, Rebecca A.; Alston, Jesse M.; Kuhn, Kellie M.; Hasstedt, Steven C.; Lesmeister, Damon B.; Appel, Cara L.; Rota, Christopher; Stenglein, Jennifer L.; Anhalt-Depies, Christine; Nelson, Carrie L.; Long, Robert A.; Remine, Kathryn R.; Jordan, Mark J.; Elbroch, L. Mark; Bergman, Dylan; Cendejas-Zarelli, Sara; Sager-Fradkin, Kim; Conner, Mike; Morris, Gail; Parsons, Elizabeth; Hernandez-Yanez, Haydee; McShea, William J.",103,NA,NA,a7c26975e1f5e2838e5c4a10f26f0782
78,10.1002/ecy.3030,ECOLOGY,2020,1,1,1,1,Multiple observation processes in spatial capture-recapture models: How much do we gain?,"Tourani, Mahdieh; Dupont, Pierre; Nawaz, Muhammad Ali; Bischof, Richard",101,NA,NA,9d20684c79845fae08078e9db23e1d64
79,10.1002/ecy.3087,ECOLOGY,2020,1,0,NA,0,Human-mediated dispersal and disturbance shape the metapopulation dynamics of a long-lived herb,"Bullock, James M.; Wichmann, Matthias C.; Hails, Rosemary S.; Hodgson, David J.; Alexander, Matt J.; Morley, Kathryn; Knopp, Tatjana; Ridding, Lucy E.; Hooftman, Danny A. P.",101,NA,NA,b45155c64f23fa4e65d943f1502b9110
80,10.1002/ecy.3887,ECOLOGY,2022,1,1,1,1,A flexible and efficient Bayesian implementation of point process models for spatial capture-recapture data,"Zhang, Wei; Chipperfield, Joseph D.; Illian, Janine B.; Dupont, Pierre; Milleret, Cyril; de Valpine, Perry; Bischof, Richard",NA,NA,NA,b8342b0db925553185108aa54a671ff3
81,10.1002/ecy.2928,ECOLOGY,2020,1,0,NA,0,The role of soil redox conditions in microbial phosphorus cycling in humid tropical forests,"Gross, Avner; Lin, Yang; Weber, Peter K.; Pett-Ridge, Jennifer; Silver, Whendee L.",101,NA,NA,99576f8359602459aae29a113f02b57a
82,10.1002/ecy.3670,ECOLOGY,2022,1,0,NA,0,Traits data for the butterflies and macro-moths of Great Britain and Ireland,"Cook, Patrick M.; Tordoff, George M.; Davis, Tony M.; Parsons, Mark S.; Dennis, Emily B.; Fox, Richard; Botham, Marc S.; Bourn, Nigel A. D.",103,NA,NA,68d0145b8a4b27bb1abb2c8f2cfa1adc
83,10.1002/ecy.2908,ECOLOGY,2020,1,0,NA,0,Comparison of distance-based and model-based ordinations,"Roberts, David W.",101,NA,NA,ca3370881d2222f7511344627513a8d0
84,10.1002/ecy.3137,ECOLOGY,2020,1,0,NA,0,Abundance data for invertebrate assemblages from intertidal mussel beds along the Atlantic Canadian coast,"Scrosati, Ricardo A.; Arribas, Lorena P.; Donnarumma, Luigia",101,NA,NA,36b2630f42419c7d7290ac7e5ce6ab32
85,10.1002/ecy.3662,ECOLOGY,2022,1,0,NA,0,A hurricane alters the relationship between mangrove cover and marine subsidies,"Peng, Dan; Montelongo, Denise C.; Wu, Leslie; Armitage, Anna R.; Kominoski, John S.; Pennings, Steven C.",103,NA,NA,0eb425bfe82d267b92f45c728f3e34bd
86,10.1002/ecy.2189,ECOLOGY,2018,1,1,1,1,Increasing connectivity between metapopulation ecology and landscape ecology,"Howell, Paige E.; Muths, Erin; Hossack, Blake R.; Sigafus, Brent H.; Chandler, Richard B.",99,1119,1128,e97cfc15928ed4ad11479aa1b2e43a88
87,10.1002/ecy.2661,ECOLOGY,2019,1,1,0,0,Matching habitat choice and plasticity contribute to phenotype-environment covariation in a stream salamander,"Lowe, Winsor H.; Addis, Brett R.",100,NA,NA,580146589a6a804e877d9d17cad3d284
88,10.1002/ecy.3059,ECOLOGY,2020,1,1,1,1,Ecological traits and the spatial structure of competitive coexistence among carnivores,"Monterroso, Pedro; Francisco, Diaz-Ruiz; Lukacs, Paul M.; Alves, Paulo C.; Ferreras, Pablo",101,NA,NA,fd5265ab56cb92d9777508c6c66a13b7
89,10.1002/ecy.2120,ECOLOGY,2018,1,1,1,1,Monitoring dynamic spatio-temporal ecological processes optimally,"Williams, Perry J.; Hooten, Mevin B.; Womble, Jamie N.; Esslinger, George G.; Bower, Michael R.",99,524,535,5ed5dc1621f48556bcb77561d4731aa7
90,10.1002/ecy.2201,ECOLOGY,2018,1,0,NA,0,Reliable estimates of beta diversity with incomplete sampling,"Roden, Vanessa Julie; Kocsis, Adam T.; Zuschin, Martin; Kiessling, Wolfgang",99,1051,1062,0a069c2603b0e72c61de64e7ce7179f2
91,10.1002/ecy.2777,ECOLOGY,2019,1,1,1,1,Incorporating citizen science data in spatially explicit integrated population models,"Sun, Catherine C.; Royle, J. Andrew; Fuller, Angela K.",100,NA,NA,0d5f2c19737def1045833deb9e7265f8
92,10.1002/ecy.3772,ECOLOGY,2022,1,1,1,1,Modeling spatiotemporal abundance and movement dynamics using an integrated spatial capture-recapture movement model,"Hostetter, Nathan J.; Regehr, Eric, V; Wilson, Ryan R.; Royle, J. Andrew; Converse, Sarah J.",103,NA,NA,332d2bb0e30c5452a0846a525a290f15
93,10.1002/ecy.3771,ECOLOGY,2022,1,1,1,1,"Integrated animal movement and spatial capture-recapture models: Simulation, implementation, and inference","Gardner, Beth; McClintock, Brett T.; Converse, Sarah J.; Hostetter, Nathan J.",103,NA,NA,671e4601802cf2355c86890cf88aeb22
94,10.1002/ecy.3204,ECOLOGY,2021,1,1,1,1,Integrating distance sampling and presence-only data to estimate species abundance,"Farr, Matthew T.; Green, David S.; Holekamp, Kay E.; Zipkin, Elise F.",102,NA,NA,04a37e267532974e628c1ff957d39a01
95,10.1002/ecy.2969,ECOLOGY,2020,1,1,1,1,Demography of snowshoe hare population cycles,"Oli, Madan K.; Krebs, Charles J.; Kenney, Alice J.; Boonstra, Rudy; Boutin, Stan; Hines, James E.",101,NA,NA,f174888880b921885b51044b804d7597
96,10.1002/ecy.3024,ECOLOGY,2020,1,1,1,1,Variation in individual reproductive performance amplified with population size in a long-lived carnivore,"Badger, Janelle J.; Bowen, W. Don; den Heyer, Cornelia E.; Breed, Greg A.",101,NA,NA,32902ae5c2fd10a5d7fa1bc7a65c74bd
97,10.1002/ecy.3487,ECOLOGY,2021,1,0,NA,0,"Land use, but not distance, drives fungal beta diversity","Marion, Zachary H.; Orwin, Kate H.; Wood, Jamie R.; Holdaway, Robert J.; Dickie, Ian A.",102,NA,NA,f5f3eb6e95554871309b4a3c2801139b
98,10.1002/ecy.2832,ECOLOGY,2019,1,0,NA,0,Measuring continuous compositional change using decline and decay in zeta diversity,"McGeoch, Melodie A.; Latombe, Guillaume; Andrew, Nigel R.; Nakagawa, Shinichi; Nipperess, David A.; Roige, Mariona; Marzinelli, Ezequiel M.; Campbell, Alexandra H.; Verges, Adriana; Thomas, Torsten; Steinberg, Peter D.; Selwood, Katherine E.; Henriksen, Marie, V; Hui, Cang",100,NA,NA,85d92109fd0c02f12e0da05d170e0f28
99,10.1002/ecy.3426,ECOLOGY,2021,1,1,0,0,A hidden Markov model for estimating age-specific survival when age and size are uncertain,"Gowan, Timothy A.; Tringali, Michael D.; Hostetler, Jeffrey A.; Martin, Julien; Ward-Geiger, Leslie I.; Johnson, Jennifer M.",102,NA,NA,f9bd8b775fc7cf8f6654aba5f9a8aefb
100,10.1002/ecy.2094,ECOLOGY,2018,1,0,NA,0,Variation in range size and dispersal capabilities of microbial taxa,"Choudoir, Mallory J.; Barberan, Albert; Menninger, Holly L.; Dunn, Rob R.; Fierer, Noah",99,322,334,eea434316aee454b85708eeb40ea0e52
101,10.1002/ecy.3288,ECOLOGY,2021,1,0,NA,0,Positive early-late life-history trait correlations in elephant seals,"Oosthuizen, W. Chris; Peron, Guillaume; Pradel, Roger; Bester, Marthan N.; de Bruyn, P. J. Nico",102,NA,NA,195cee071ec50c086d446f084a194c26
102,10.1002/ecy.2349,ECOLOGY,2018,1,0,NA,0,On the relationship between phylogenetic diversity and trait diversity,"Tucker, Caroline M.; Davies, T. Jonathan; Cadotte, Marc W.; Pearse, William D.",99,1473,1479,97e37fb3e53f39be82e102e517d79dcb
103,10.1002/ecy.3262,ECOLOGY,2021,1,1,1,1,Optimal sampling design for spatial capture-recapture,"Dupont, Gates; Royle, J. Andrew; Nawaz, Muhammad Ali; Sutherland, Chris",102,NA,NA,ac4fa0b68091813e381a8fa79c6e7c47
