,DOI,Journal,Year,PlantsOrAnimals,HierarchModel,UsesR,UsePaper,Title,Authors,Volume,StartPage,EndPage,ID
1,10.1002/ecs2.3980,ECOSPHERE,2022,0,NA,NA,0,"Effects of large mammalian herbivory, previous fire, and year of burn on fire behavior in an African savanna","Young, Truman. P.; Kimuyu, Duncan N.; LaMalfa, Eric M.; Werner, Chhaya M.; Jones, Connor; Masudi, Phyllis; Ang'ila, Robert; Sensenig, Ryan L.",13,NA,NA,1c08fe3097ae4766517f35aa6c0bf6ff
2,10.1002/ecs2.2217,ECOSPHERE,2018,1,1,1,1,Spatially explicit abundance estimation of a rare habitat specialist: implications for SECR study design,"Kristensen, Thea V.; Kovach, Adrienne I.",9,NA,NA,ab9c150058198775a9db65fd66c6ebb9
3,10.1002/ecs2.3385,ECOSPHERE,2021,1,1,1,1,Efficient estimation of large-scale spatial capture-recapture models,"Turek, Daniel; Milleret, Cyril; Ergon, Torbjorn; Broseth, Henrik; Dupont, Pierre; Bischof, Richard; De Valpine, Perry",12,NA,NA,08a5a1e01706a8ab2c62a49785aa7faf
4,10.1002/ecs2.3911,ECOSPHERE,2022,1,0,NA,0,Comparative biogeography of volant and nonvolant mammals in a temperate island archipelago,"Pichler, Taylor R.; Mallinger, Elyse C.; Farmer, Morgan J.; Morrison, Megan J.; Khadka, Bijit; Matzinger, Parker J.; Kirschbaum, Alan; Goodwin, Katy R.; Route, William T.; Van Stappen, Julie; Van Deelen, Timothy R.; Olson, Erik R.",13,NA,NA,a1ec2ccb8cded6fd68d7f82ae2ce798a
5,10.1002/ecs2.4081,ECOSPHERE,2022,1,1,0,0,Can at-risk species serve as effective conservation surrogates? Case study in northeastern US shrublands,"Bauer, Melissa L.; O'Brien, Kathleen M.; Kovach, Adrienne, I",13,NA,NA,a71a4c8a92bc31567527d84051159db5
6,10.1002/ecs2.3395,ECOSPHERE,2021,1,1,1,1,Effects of pulsed resources on the dynamics of seed consumer populations: a comparative demographic study in wild boar,"Gamelon, Marlene; Touzot, Laura; Baubet, Eric; Cachelou, Jessica; Focardi, Stefano; Franzetti, Barbara; Nivois, Eveline; Veylit, Lara; Saether, Bernt-Erik",12,NA,NA,7a33477c4de6e60090faaf58ff6727ad
7,10.1002/ecs2.3352,ECOSPHERE,2021,1,1,1,1,Impacts of a drought and hurricane on tropical bird and frog distributions,"Campos-Cerqueira, Marconi; Aide, T. Mitchell",12,NA,NA,2f29ca91c6557226ea7d1e10f7f5cebe
8,10.1002/ecs2.3084,ECOSPHERE,2020,0,NA,NA,0,Using remote cameras to measure seasonal molts,"Zimova, Marketa; Barnard, Lindsey; Davis, Brandon M.; Kumar, Alexander, V; Lafferty, Diana J. R.; Mills, L. Scott",11,NA,NA,935c6aee0cdffb3aa5c8859884eb448e
9,10.1002/ecs2.3634,ECOSPHERE,2021,1,1,1,1,Demography of the Oregon spotted frog along a hydrologically modified river,"Rowe, Jennifer C.; Duarte, Adam; Pearl, Christopher A.; McCreary, Brome; Haggerty, Patricia K.; Jones, John W.; Adams, Michael J.",12,NA,NA,a81a2fcb862e6d2fea485a69abaec36e
10,10.1002/ecs2.4232,ECOSPHERE,2022,1,1,1,1,Spatial drivers of wetland bird occupancy within an urbanized matrix in the Upper Midwestern United States,"Rahlin, Anastasia A.; Saunders, Sarah P.; Beilke, Stephanie",13,NA,NA,9d959c66a77006032060e0cee167bee6
11,10.1002/ecs2.3941,ECOSPHERE,2022,1,1,1,1,Navigating the trade-offs between environmental DNA and conventional field surveys for improved amphibian monitoring,"Moss, Wynne E.; Harper, Lynsey R.; Davis, Mark A.; Goldberg, Caren S.; Smith, Matthew M.; Johnson, Pieter T. J.",13,NA,NA,d3c16e273c8880adf4c1644b17f07cc6
12,10.1002/ecs2.3259,ECOSPHERE,2020,1,1,1,1,Expanding the feasibility of fish and wildlife assessments with close-kin mark-recapture,"Marcy-Quay, Benjamin; Sethi, Suresh A.; Therkildsen, Nina O.; Kraft, Clifford E.",11,NA,NA,29a381f095fafe83284d190aaad78fca
13,10.1002/ecs2.3748,ECOSPHERE,2021,1,1,0,0,Deciphering the rarity-detectability continuum: optimizing survey design for terrestrial mammalian community,"Chatterjee, Nilanjan; Schuttler, Stephanie G.; Nigam, Parag; Habib, Bilal",12,NA,NA,b023bb05999f5eede0d56b8f89356d0a
14,10.1002/ecs2.4195,ECOSPHERE,2022,1,0,NA,0,Reestablishing a foundational species: Limitations on post-wildfire sagebrush seedling establishment,"Arkle, Robert S.; Pilliod, David S.; Germino, Matthew J.; Jeffries, Michelle, I; Welty, Justin L.",13,NA,NA,bf1e18f83fffb1206b459f98ce374e78
15,10.1002/ecs2.3080,ECOSPHERE,2020,1,1,0,0,Agricultural lands offer seasonal habitats to tigers in a human-dominated and fragmented landscape in India,"Warrier, Rekha; Noon, Barry R.; Bailey, Larissa",11,NA,NA,1bc9edd3d079d76a8f055fa271d26e07
16,10.1002/ecs2.2755,ECOSPHERE,2019,1,0,NA,0,Vertebrates are poor umbrellas for invertebrates: cross-taxon congruence in an Australian tropical savanna,"Oberprieler, Stefanie K.; Andersen, Alan N.; Gillespie, Graeme R.; Einoder, Luke D.",10,NA,NA,ef8dfec612f7f7caafb8d4d4c51ea639
17,10.1002/ecs2.2316,ECOSPHERE,2018,1,0,NA,0,Spatial distribution and morphological responses to predation in the salt marsh periwinkle,"Rietl, Anthony J.; Sorrentino, Madelyn G.; Roberts, Brian J.",9,NA,NA,5a0482b73c66f972647ae550d8f74ae6
18,10.1002/ecs2.3711,ECOSPHERE,2021,1,0,NA,0,Accounting for dispersal and local habitat when evaluating tributary use by riverine fishes,"Dunn, Corey G.; Paukert, Craig P.",12,NA,NA,e0a90c3dcf6d4ffdf15abe22a9b8def9
19,10.1002/ecs2.3149,ECOSPHERE,2020,1,0,NA,0,"Peaks in frequency, but not relative abundance, occur in the center of tree species distributions on climate gradients","Martin, Patrick H.; Canham, Charles D.",11,NA,NA,1fec1dfa62ba895174bc8d889485fdee
20,10.1002/ecs2.3469,ECOSPHERE,2021,1,1,1,1,Dynamic multistate occupancy modeling to evaluate population dynamics under a scenario of preferential sampling,"Fandos, Guillermo; Kery, Marc; Cano-Alonso, Luis Santiago; Carbonell, Isidoro; Telleria, Jose Luis",12,NA,NA,cebfca6f5181998bb7620a1673ba328c
21,10.1002/ecs2.2223,ECOSPHERE,2018,1,0,NA,0,Identifying the determinants of tree distributions along a large ephemeral river,"Douglas, Caitlin M. S.; Cowlishaw, Guy; Harrison, Xavier A.; Henschel, Johr; Pettorelli, Nathalie; Mulligan, Mark",9,NA,NA,ccbcb5d8eb84f9712b9bfaa6834572a4
22,10.1002/ecs2.3067,ECOSPHERE,2020,1,1,1,1,Testing the effects of anthropogenic pressures on a diverse African herbivore community,"Vinks, Milan A.; Creel, Scott; Schuette, Paul; Rosenblatt, Elias; Matandiko, Wigganson; Sanguinetti, Carolyn; Banda, Kambwiri; Goodheart, Ben; Becker, Matthew; Chifunte, Clive; Simukonda, Chuma",11,NA,NA,0e3ac0e70f585eec876c3e6e6b10f148
23,10.1002/ecs2.3892,ECOSPHERE,2022,1,1,1,1,Daily abundance of Dall's sheep peaks during late summer in a seasonal habitat of high-management interest,"Deane, Cody E.; Flynn, Barrett A.; Bruning, Darren L.; Breed, Greg A.; Jochum, Kim A.",13,NA,NA,f113df60050e36154b1768ea841caf07
24,10.1002/ecs2.4258,ECOSPHERE,2022,1,1,0,0,Drought and coyotes mediate mesopredator response to human disturbance,"Parren, Molly K.; Furnas, Brett J.; Barton, Daniel C.; Nelson, Misty D.; Clucas, Barbara",13,NA,NA,d06677e646a68a97b4362c033491e11f
25,10.1002/ecs2.3154,ECOSPHERE,2020,1,0,NA,0,Phylo-biogeographical distribution of whiteflyBemisia tabaci(Insecta: Aleyrodidae) mitotypes in Ecuador,"Paredes-Montero, Jorge R.; Ibarra, Maria A.; Arias-Zambrano, Myriam; Peralta, Esther L.; Brown, Judith K.",11,NA,NA,501ce37ca8225dec6a867c295de99eea
26,10.1002/ecs2.3403,ECOSPHERE,2021,1,0,NA,0,Low spatial autocorrelation in mountain biodiversity data and model residuals,"Chevalier, Mathieu; Mod, Heidi; Broennimann, Olivier; Di Cola, Valeria; Schmid, Sarah; Niculita-Hirzel, Helene; Pradervand, Jean-Nicolas; Schmidt, Benedikt R.; Ursenbacher, Sylvain; Pellissier, Loic; Guisan, Antoine",12,NA,NA,c4081b666f4cc5facee88f4b8f42a595
27,10.1002/ecs2.4148,ECOSPHERE,2022,1,0,NA,0,Detectability of common ravens (Corvus corax) in the eastern USA: Rapid assessment of a recolonizing species,"Hackworth, Zachary J.; Felch, Joshua M.; Murphy, Sean M.; Cox, John J.",13,NA,NA,3033b614c79a8bb7229b1f3362838f35
28,10.1002/ecs2.2876,ECOSPHERE,2019,1,0,NA,0,Winter recreation and Canada lynx: reducing conflict through niche partitioning,"Squies, John R.; Olson, Lucretia E.; Roberts, Elizabeth K.; Ivan, Jacob S.; Hebblewhite, Mark",10,NA,NA,71ddc13fb6c6d66373624ee61c6cb3fd
29,10.1002/ecs2.3299,ECOSPHERE,2021,1,1,0,0,Estimating animal abundance and effort-precision relationship with camera trap distance sampling,"Cappele, Noemie; Howe, Eric J.; Boesch, Christophe; Kuehl, Hjalmar S.",12,NA,NA,4762f0be1c077eaeb017baff7b68ca01
30,10.1002/ecs2.3204,ECOSPHERE,2020,1,0,NA,0,Resource selection of apex raptors: implications for siting energy development in sagebrush and prairie ecosystems,"Squires, John R.; Olson, Lucretia E.; Wallace, Zachary P.; Oakleaf, Robert J.; Kennedy, Patricia L.",11,NA,NA,924e4f508bf6ed12ddbf80e795f17e8c
31,10.1002/ecs2.2586,ECOSPHERE,2019,1,1,1,1,An integrated model decomposing the components of detection probability and abundance in unmarked populations,"Hostettere, Nathan J.; Gardner, Beth; Sillett, T. Scott; Pollock, Kenneth H.; Simons, Theodore R.",10,NA,NA,be5edd05af67fb767e3d75ec42dd985b
32,10.1002/ecs2.2354,ECOSPHERE,2018,1,0,NA,0,Spotted Owls and forest fire: a systematic review and meta-analysis of the evidence,"Lee, Derek E.",9,NA,NA,c4ba3057258d3a24315b44df19cfb9fc
33,10.1002/ecs2.4082,ECOSPHERE,2022,1,1,0,0,Trade-offs associated with occupancy models in a multispecies grassland plant population study,"Middleton, Elizabeth L.; Vining, Ivan",13,NA,NA,1f22a78db5b65c7ad673e951d52b2475
34,10.1002/ecs2.3929,ECOSPHERE,2022,1,0,NA,0,Sex and habitat drive hantavirus prevalence in marsh rice rat populations impacted by the Deepwater Horizon oil spill,"Perez-Umphrey, Anna A.; Jonsson, Colleen B.; Bonisoli-Alquati, Andrea; Snider, Allison M.; Stouffer, Philip C.; Taylor, Sabrina S.",13,NA,NA,6ce30f8bd9bd8003347aa96396dbef28
35,10.1002/ecs2.2824,ECOSPHERE,2019,1,1,1,1,Sampling rare and elusive species: Florida east coast diamondback terrapin population abundance,"Breininger, David R.; Stolen, Eric D.; Breininger, Daniel J.; Breininger, Robert D.",10,NA,NA,353b42c8e07c0afcb64a824864cb6e83
36,10.1002/ecs2.3827,ECOSPHERE,2021,1,1,1,1,Spatial and temporal partitioning of mustelids in Southeast Alaska,"Kupferman, Caitlin A.; Crupi, Anthony P.; Waits, Lisette P.; Gilbert, Sophie L.",12,NA,NA,a71d3171a648c55bfec479240ab3b5f3
37,10.1002/ecs2.2396,ECOSPHERE,2018,1,1,1,1,Post-catastrophe patterns of abundance and survival reveal no evidence of population recovery in a long-lived animal,"Keevil, Matthew G.; Brooks, Ronald J.; Litzgus, Jacqueline D.",9,NA,NA,9ec36adb07c9887805840c4aa7054363
38,10.1002/ecs2.3735,ECOSPHERE,2021,1,1,0,0,"Wild bumble bee colony abundance, scaled by field size, predicts pollination services","McGrady, C. M.; Strange, J. P.; Lopez-Uribe, M. M.; Fleischer, S. J.",12,NA,NA,0b29fdd186027146275261b18cfd2491
39,10.1002/ecs2.3208,ECOSPHERE,2020,1,1,0,0,"Occupancy-based monitoring of ungulate prey species in Thailand indicates population stability, but limited recovery","Phumanee, Worrapan; Steinmetz, Robert; Phoonjampa, Rungnapa; Bejraburnin, Thawatchai; Grainger, Matthew; Savini, Tommaso",11,NA,NA,5d091a233d6ccc24c28257466640aef2
40,10.1002/ecs2.2756,ECOSPHERE,2019,1,1,1,1,"Removal pattern mitigates negative, short-term effects of stepwise Russian olive eradication on breeding birds","Valente, Jonathon J.; McCune, Kelsey B.; Tamulonis, Rachel A.; Neipert, Elizabeth S.; Fischer, Richard A.",10,NA,NA,1c34396d4431a62cdb6ac3659a8fba70
41,10.1002/ecs2.2657,ECOSPHERE,2019,1,0,NA,0,Accounting for heterogeneous invasion rates reveals management impacts on the spatial expansion of an invasive species,"Pepin, Kim M.; Wolfson, David W.; Miller, Ryan S.; Tabak, Michael A.; Snow, Nathan P.; VerCauteren, Kurt C.; Davis, Amy J.",10,NA,NA,25468b4f014bb9ad65a00f6cd9c92d0f
42,10.1002/ecs2.2143,ECOSPHERE,2018,1,0,NA,0,Occupancy and environmental responses of habitat specialists and generalists depend on dispersal traits,"Kneitel, Jamie M.",9,NA,NA,44ef2d9b03c455c8594fe9a05bccf6cc
43,10.1002/ecs2.2066,ECOSPHERE,2018,1,0,NA,0,Livestock and the functional habitat of vicunas in Ecuador: a new puzzle,"McLaren, Brian E.; MacNearney, Douglas; Siavichay, Carlos A.",9,NA,NA,c1b7779508eeda22c5ddfc16766fcac5
44,10.1002/ecs2.3984,ECOSPHERE,2022,1,0,NA,0,"Turnover in butterfly communities and traits along an elevational gradient in the eastern Himalaya, India","Dewan, Sailendra; Sanders, Nathan J.; Acharya, Bhoj Kumar",13,NA,NA,18928d72060023f269e8a536fbeec46f
45,10.1002/ecs2.2653,ECOSPHERE,2019,1,0,NA,0,Multiscale analysis of canopy arthropod diversity in a volcanically fragmented landscape,"Tielens, Elske K.; Neel, Maile N.; Leopold, Devin R.; Giardina, Christian P.; Gruner, Daniel S.",10,NA,NA,7a72d678887c419a3edcb1564b2ee205
46,10.1002/ecs2.2447,ECOSPHERE,2018,1,0,NA,0,Can AI predict animal movements? Filling gaps in animal trajectories using inverse reinforcement learning,"Hirakawa, Tsubasa; Yamashita, Takayoshi; Tamaki, Toru; Fujiyoshi, Hironobu; Umezu, Yuta; Takeuchi, Ichiro; Matsumoto, Sakiko; Yoda, Ken",9,NA,NA,cd13dabd62984e927e8032fc627a7972
47,10.1002/ecs2.2555,ECOSPHERE,2019,1,1,1,1,Marsh bird occupancy along the shoreline-to-forest gradient as marshes migrate from rising sea level,"Taillie, Paul J.; Moorman, Christopher E.",10,NA,NA,56b77adac8dc1721acbc361ccdeb6c01
48,10.1002/ecs2.3378,ECOSPHERE,2021,1,1,0,0,State-wide population characteristics and long-term trends for eastern box turtles in North Carolina,"Roe, John H.; Graeter, Gabrielle J.; LaVere, Ashley A.; Somers, Ann B.",12,NA,NA,4a032f41b6c443b21ca8046789cd6c33
49,10.1002/ecs2.3141,ECOSPHERE,2020,1,1,1,1,Western bumble bee: declines in the continental United States and range-wide information gaps,"Graves, Tabitha A.; Janousek, William M.; Gaulke, Sarah M.; Nicholas, Amy C.; Keinath, Douglas A.; Bell, Christine M.; Cannings, Syd; Hatfield, Richard G.; Heron, Jennifer M.; Koch, Jonathan B.; Loffland, Helen L.; Richardson, Leif L.; Rohde, Ashley T.; Rykken, Jessica; Strange, James P.; Tronstad, Lusha M.; Sheffield, Cory S.",11,NA,NA,ee806e1f07865b16d54264dbf98e92c2
50,10.1002/ecs2.2150,ECOSPHERE,2018,1,1,1,1,"Multiple drivers, scales, and interactions influence southern Appalachian stream salamander occupancy","Cecala, Kristen K.; Maerz, John C.; Halstead, Brian J.; Frisch, John R.; Gragson, Ted L.; Hepinstall-Cymerman, Jeffrey; Leigh, David S.; Jackson, C. Rhett; Peterson, James T.; Pringle, Catherine M.",9,NA,NA,2e612cc13fff45a3d8cab1c1f997043c
51,10.1002/ecs2.3667,ECOSPHERE,2021,1,0,NA,0,Ecology of outbreak populations of the western spruce budworm,"Nealis, Vincent; Regniere, Jacques",12,NA,NA,0e2def88730cdb905fe2a754f200125f
52,10.1002/ecs2.2203,ECOSPHERE,2018,1,1,1,1,Integrating telemetry data into spatial capture-recapture modifies inferences on multi-scale resource selection,"Linden, Daniel W.; Siren, Alexej P. K.; Pekins, Peter J.",9,NA,NA,340db9006966c4d70dd40504f87a4dbb
53,10.1002/ecs2.2718,ECOSPHERE,2019,1,1,1,1,Explaining the birds and the bees: deriving habitat restoration targets from multi-species occupancy models,"Cole, Jerry S.; Siegel, Rodney B.; Loffland, Helen L.; Tingley, Morgan W.; Elsey, Erin A.; Johnson, Matthew",10,NA,NA,cb95b57615f6486005d74da65625fa2f
54,10.1002/ecs2.3993,ECOSPHERE,2022,NA,NA,NA,0,The effect of urbanization on spatiotemporal interactions between gray foxes and coyotes,"Parsons, Arielle W.; Kellner, Kenneth F.; Rota, Christopher T.; Schuttler, Stephanie G.; Millspaugh, Joshua J.; Kays, Roland W.",13,NA,NA,4521c2aaaa252402f6a4175fe896045e
55,10.1002/ecs2.3487,ECOSPHERE,2021,1,1,1,1,Human activity influences wildlife populations and activity patterns: implications for spatial and temporal refuges,"Lewis, Jesse S.; Spaulding, Susan; Swanson, Heather; Keeley, William; Gramza, Ashley R.; VandeWoude, Sue; Crooks, Kevin R.",12,NA,NA,be9abd322226118866347b2fc4f4c46a
56,10.1002/ecs2.3637,ECOSPHERE,2021,1,1,1,1,Modeling multi-scale occupancy for monitoring rare and highly mobile species,"Emmet, Robert L.; Long, Robert A.; Gardner, Beth",12,NA,NA,26bf76ac51af0b4da80b245b7f3c19e8
57,10.1002/ecs2.2187,ECOSPHERE,2018,1,0,NA,0,A retrospective on the accuracy and precision of plotless forest density estimators in ecological studies,"Cogbill, Charles V.; Thurman, Andrew L.; Williams, John W.; Zhu, Jun; Mladenoff, David J.; Goring, Simon J.",9,NA,NA,fae2eb45c109c96edb1eaa7983900b95
58,10.1002/ecs2.3327,ECOSPHERE,2021,1,1,0,0,Noninvasive genetic sampling for flying foxes: a valuable method for monitoring demographic parameters,"Ibouroi, Mohamed Thani; Arnal, Veronique; Cheha, Ali; Dhurham, Said Ali Ousseni; Montgelard, Claudine; Besnard, Aurelien",12,NA,NA,8c965867c99293875468b0723c52df4e
59,10.1002/ecs2.2997,ECOSPHERE,2020,1,1,1,1,Is your ad hoc model selection strategy affecting your multimodel inference?,"Morin, Dana J.; Yackulic, Charles B.; Diffendorfer, Jay E.; Lesmeister, Damon B.; Nielsen, Clayton K.; Reid, Janice; Schauber, Eric M.",11,NA,NA,e9496ff3c7f04d316d3b7132aae3214d
60,10.1002/ecs2.3648,ECOSPHERE,2021,1,0,NA,0,Multi-observer methods for estimating uncertain species identification,"Hoekman, Steven T.",12,NA,NA,52d39c23029ea84dc18ebb9df747aab9
61,10.1002/ecs2.4171,ECOSPHERE,2022,1,0,NA,0,Biogeographic features mediate marine subsidies to island food webs,"Obrist, Debora S.; Hanly, Patrick J.; Brown, Norah E. M.; Ernst, Christopher M.; Wickham, Sara B.; Fitzpatrick, Owen T.; Kennedy, Jeremiah C.; Nijland, Wiebe; Reshitnyk, Luba Y.; Darimont, Chris T.; Starzomski, Brian M.; Reynolds, John D.",13,NA,NA,8d2cfa3ef7c2d72f249790233c11cad9
62,10.1002/ecs2.3118,ECOSPHERE,2020,1,0,NA,0,Leading-edge disequilibrium in alder and spruce populations across the forest-tundra ecotone,"Travers-Smith, Hana Z.; Lantz, Trevor C.",11,NA,NA,28e34dd4e79cfa7f31ca4317755f617a
63,10.1002/ecs2.2812,ECOSPHERE,2019,1,1,1,1,Remotely piloted aircraft improve precision of capture-mark-resight population estimates of Australian fur seals,"Sorrell, Karina J.; Clarke, Rohan H.; Holmberg, Ross; McIntosh, Rebecca R.",10,NA,NA,84ffbe3b1644831a7a7f65568b8d72a5
64,10.1002/ecs2.3304,ECOSPHERE,2020,1,0,NA,0,Morphological traits determine detectability bias in North American grassland butterflies,"Kral-O'Brien, Katherine C.; Karasch, Brooke M.; Hovick, Torre J.; Moranz, Raymond A.; Harmon, Jason P.",11,NA,NA,3d8c93b1e7b1e7c45223d6be0f22b794
65,10.1002/ecs2.3306,ECOSPHERE,2021,1,1,1,1,Integrated hierarchical models to inform management of transitional habitat and the recovery of a habitat specialist,"Eaton, Mitchell J.; Breininger, David R.; Nichols, James D.; Fackler, Paul L.; McGee, Samantha; Smurl, Michelle; DeMeyer, David; Baker, Jonny; Zondervan, Maria B.",12,NA,NA,4aff748ce4809e8f6b8e9f087c3d3239
66,10.1002/ecs2.2614,ECOSPHERE,2019,1,1,1,1,"Occupancy dynamics of semi-aquatic herbivores in riparian systems in Illinois, USA","Holland, Angela M.; Schauber, Eric M.; Nielsen, Clayton K.; Hellgren, Eric C.",10,NA,NA,961ce7f708101175a910e0dae74c50e3
67,10.1002/ecs2.4299,ECOSPHERE,2022,1,1,1,1,Avian species richness and abundance show stronger responses to bison grazing intensity than to ecosystem productivity,"Fagre, Danielle A. A.; Janousek, William M. M.; Dreitz, Victoria J. J.",13,NA,NA,ed7539ffc3af8756baa557d770555f05
68,10.1002/ecs2.3273,ECOSPHERE,2020,1,0,NA,0,Ignoring uncertainty in predictor variables leads to false confidence in results: a case study of duck habitat use,"Behney, Adam C.",11,NA,NA,857b621e110f7e1482759fab8d3e5981
69,10.1002/ecs2.3262,ECOSPHERE,2020,1,0,NA,0,Climate change drives habitat contraction of a nocturnal arboreal marsupial at its physiological limits,"Wagner, Benjamin; Baker, Patrick J.; Stewart, Stephen B.; Lumsden, Linda F.; Nelson, Jenny L.; Cripps, Jemma K.; Durkin, Louise K.; Scroggie, Michael P.; Nitschke, Craig R.",11,NA,NA,64ed31d681f08887d4b9895eebaa4edc
70,10.1002/ecs2.2575,ECOSPHERE,2019,1,0,NA,0,Variation in spawning phenology within salmon populations influences landscape-level patterns of brown bear activity,"Deacy, William W.; Leacock, William B.; Stanford, Jack A.; Armstrong, Jonathan B.",10,NA,NA,8452b9dab88521567caea5645524ea27
71,10.1002/ecs2.2499,ECOSPHERE,2018,1,1,1,1,Disease and climate effects on individuals drive post-reintroduction population dynamics of an endangered amphibian,"Joseph, Maxwell B.; Knapp, Roland A.",9,NA,NA,bc31da56d6b5815d742f0b212e4e1d36
72,10.1002/ecs2.2500,ECOSPHERE,2018,1,0,NA,0,Fine-scale environmental DNA sampling reveals climate-mediated interactions between native and invasive trout species,"Wilcox, Taylor M.; Young, Michael K.; McKelvey, Kevin S.; Isaak, Daniel J.; Horan, Dona L.; Schwartz, Michael K.",9,NA,NA,c77848b41a879c9de8f9d41ff6dd3cf3
73,10.1002/ecs2.2946,ECOSPHERE,2019,1,1,1,1,Landbird trends in protected areas using time-to-event occupancy models,"Whittington, Jesse; Shepherd, Brenda; Forshner, Anne; St-Amand, Julien; Greenwood, Jennifer L.; Gillies, Cameron S.; Johnston, Barb; Owchar, Rhonda; Petersen, Derek; Rogala, James Kimo",10,NA,NA,9e79459ddefa6469cad50283e0c9f30e
74,10.1002/ecs2.2674,ECOSPHERE,2019,1,1,1,1,Disentangling effects of invasive species and habitat while accounting for observer error in a long-term amphibian study,"Rowe, Jennifer C.; Duarte, Adam; Pearl, Christopher A.; McCreary, Brome; Galvan, Stephanie K.; Peterson, James T.; Adams, Michael J.",10,NA,NA,3a808dbd4266ee87084b9eeb2450372b
75,10.1002/ecs2.3438,ECOSPHERE,2021,1,1,1,1,Multi-year nest box occupancy and short-term resilience to wildfire disturbance by barn owls in a vineyard agroecosystem,"Huysman, Allison E.; Johnson, Matthew D.",12,NA,NA,f8adc1fcf32f9adce4d3b8292df19f6b
76,10.1002/ecs2.3725,ECOSPHERE,2021,1,1,1,1,Assessment and novel application of N-mixture models for aerial surveys of wildlife,"Christensen, Sonja A.; Farr, Matthew T.; Williams, David M.",12,NA,NA,5eb0d9cc2411a5ccd221bd1d4503ec0b
77,10.1002/ecs2.3886,ECOSPHERE,2021,1,1,1,1,Integrating multi-method surveys and recovery trajectories into occupancy models,"Barry, Brent R.; Moriarty, Katie; Green, David; Hutchinson, Rebecca A.; Levi, Taal",12,NA,NA,6c1f62f2b285cdcccd696c8872b4d72b
78,10.1002/ecs2.2384,ECOSPHERE,2018,1,1,1,1,Integrating growth and capture-mark-recapture models reveals size-dependent survival in an elusive species,"Rose, Jonathan P.; Wylie, Glenn D.; Casazza, Michael L.; Halsteado, Brian J.",9,NA,NA,e9d6c8c00e4c369200c8ceb779ad7a25
79,10.1002/ecs2.3324,ECOSPHERE,2021,1,1,0,0,Crossing boundaries in conservation: land ownership and habitat influence the occupancy of an at-risk small mammal,"Ceradini, Joseph; Keinath, Douglas; Abernethy, Ian; Andersen, Mark; Wallace, Zach",12,NA,NA,ef71c62d3f13f380f2c93d12a92050c6
80,10.1002/ecs2.3070,ECOSPHERE,2020,1,0,NA,0,Quantifying species' geographic range changes: conceptual and statistical issues,"Loehle, Craig",11,NA,NA,fabf279819758f0f6bfd2a0cfe4b3aae
81,10.1002/ecs2.3350,ECOSPHERE,2021,1,1,1,1,High-density camera trap grid reveals lack of consistency in detection and capture rates across space and time,"Kolowski, Joseph M.; Oley, Josephine; McShea, William J.",12,NA,NA,684398365cbdf4fbd22b7ade41726902
82,10.1002/ecs2.2764,ECOSPHERE,2019,1,0,NA,0,Evaluating mechanisms of plant-mediated effects on herbivore persistence and occupancy across an ecoregion,"Wilkening, Jennifer L.; Cole, Evan J.; Beever, Erik A.",10,NA,NA,16d6e03ae177ec23ecfcd0ceb68f7df3
83,10.1002/ecs2.2291,ECOSPHERE,2018,1,1,1,1,Interacting and non-linear avian responses to mixed-severity wildfire and time since fire,"Taillie, Paul J.; Burnet, Ryan D.; Roberts, Lance Jay; Campos, Brent R.; Peterson, M. Nils; Moorman, Christopher E.",9,NA,NA,46eb67ba775f45e771038cfedef5ac08
84,10.1002/ecs2.3879,ECOSPHERE,2022,1,0,NA,0,"Plant abundance, but not plant evolutionary history, shapes patterns of host specificity in foliar fungal endophytes","Apigo, Austen; Oono, Ryoko",13,NA,NA,3a735faec9a533591e2e02d0f727abf6
85,10.1002/ecs2.3312,ECOSPHERE,2020,1,0,NA,0,Spotted owls and forest fire: Comment,"Jones, Gavin M.; Gutierrez, R. J.; Block, William M.; Carlson, Peter C.; Comfort, Emily J.; Cushman, Samuel A.; Davis, Raymond J.; Eyes, Stephanie A.; Franklin, Alan B.; Ganey, Joseph L.; Hedwall, Shaula; Keane, John J.; Kelsey, Rodd; Lesmeister, Damon B.; North, Malcolm P.; Roberts, Susan L.; Rockweit, Jeremy T.; Sanderlin, Jamie S.; Sawyer, Sarah C.; Solvesky, Ben; Tempel, Douglas J.; Wan, Ho Yi; Westerling, A. LeRoy; White, Gary C.; Peery, M. Zachariah",11,NA,NA,6f6f3d1ddbc18590f1d8b900ff888abe
86,10.1002/ecs2.4278,ECOSPHERE,2022,1,0,NA,0,A new method employing species-specific thresholding identifies acoustically overlapping bats,"Lo Cascio, Amanda; Kasel, Sabine; Ford, Greg",13,NA,NA,a84ac003dac04ec2c6918333c222d78f
87,10.1002/ecs2.2479,ECOSPHERE,2018,1,1,1,1,Integrating multiple genetic detection methods to estimate population density of social and territorial carnivores,"Murphy, Sean M.; Augustine, Ben C.; Adams, Jennifer R.; Waits, Lisette P.; Cox, John J.",9,NA,NA,7ea058ed3bb1d846046b639bdb426029
88,10.1002/ecs2.3463,ECOSPHERE,2021,1,0,NA,0,Shifts in mosquito diversity and abundance along a gradient from oil palm plantations to conterminous forests in Borneo,"Young, Katherine, I; Buenemann, Michaela; Vasilakis, Nikos; Perera, David; Hanley, Kathryn A.",12,NA,NA,f1e7f783fb6544d92679ff71b8624303
89,10.1002/ecs2.2624,ECOSPHERE,2019,1,1,0,0,The more things change: species losses detected in Phoenix despite stability in bird-socioeconomic relationships,"Warren, Paige S.; Lerman, Susannah B.; Andrade, Riley; Larson, Kelli L.; Bateman, Heather L.",10,NA,NA,c9d78a948710b3c2f6b49690663e7023
90,10.1002/ecs2.4166,ECOSPHERE,2022,1,1,1,1,Exploring spatial nonstationarity for four mammal species reveals regional variation in environmental relationships,"Pease, Brent S.; Pacifici, Krishna; Kays, Roland",13,NA,NA,64c2ecd361c1f05290a52fdd55f54c8a
91,10.1002/ecs2.2727,ECOSPHERE,2019,1,1,1,1,Knowing your limits: estimating range boundaries and co-occurrence zones for two competing plethodontid salamanders,"Amburgey, S. M.; Miller, D. A. W.; Brand, A.; Dietrich, A.; Grant, E. H. Campbell",10,NA,NA,462c4703e9c5dc7a4d3074a7ef1555ca
92,10.1002/ecs2.3689,ECOSPHERE,2021,1,1,1,1,Integrating telemetry data at several scales with spatial capture-recapture to improve density estimates,"Mitchell, Corey I.; Shoemaker, Kevin T.; Esque, Todd C.; Vandergast, Amy G.; Hromada, Steven J.; Dutcher, Kirsten E.; Heaton, Jill S.; Nussear, Kenneth E.",12,NA,NA,626db95d54b59974484812089a412845
93,10.1002/ecs2.3265,ECOSPHERE,2020,1,0,NA,0,Niche determinants in a salamander complex: Does hybridism or reproductive parasitism explain patterns of distribution?,"Mills, Peter B.; Hossie, Thomas J.; Murray, Dennis L.",11,NA,NA,2d462bd8b657f463e36feee6af82f376
94,10.1002/ecs2.3770,ECOSPHERE,2021,1,1,1,1,Differential landscape use by forest owls two years after a mixed-severity wildfire,"Duchac, Leila S.; Lesmeister, Damon B.; Dugger, Katie M.; Davis, Raymond J.",12,NA,NA,e8a1ad2c9feabd34af411d1770dacd09
95,10.1002/ecs2.3370,ECOSPHERE,2021,1,1,1,1,Using visual encounter data to improve capture-recapture abundance estimates,"Joseph, Maxwell B.; Knapp, Roland A.",12,NA,NA,42bfbd5a7415b923d84ec624c3ebc79e
96,10.1002/ecs2.3499,ECOSPHERE,2021,1,1,1,1,Edge density affects demography of an exploited grassland bird,"Howell, Paige E.; Terhune, Theron M.; Martin, James A.",12,NA,NA,ea503564b875442a84eae47f9495a863
97,10.1002/ecs2.3445,ECOSPHERE,2021,1,0,NA,0,Recovery of the herbaceous component of degraded sagebrush steppe is unimpeded by 75 years of moderate cattle grazing,"Copeland, Stella M.; Davies, Kirk W.; Boyd, Chad S.; Bates, Jonathan D.",12,NA,NA,3a9189bd1f20452768383a7a6461dbdf
98,10.1002/ecs2.3692,ECOSPHERE,2021,1,0,NA,0,"Effects of stand edges on the structure, functioning, and diversity of a temperate mountain forest landscape","Poepperl, Franziska; Seidl, Rupert",12,NA,NA,c2fb142d69b24bc5bece1e00b081fcff
99,10.1002/ecs2.2112,ECOSPHERE,2018,1,1,0,0,Species occurrence data reflect the magnitude of animal movements better than the proximity of animal space use,"Stewart, Frances E. C.; Fisher, Jason T.; Burton, A. Cole; Volpe, John P.",9,NA,NA,3c10f0b033382379af8ce0f3bab94d36
100,10.1002/ecs2.2346,ECOSPHERE,2018,1,1,1,1,Landscape influence on the local distribution of western pond turtles,"Horn, Robert B.; Gervais, Jennifer A.",9,NA,NA,5f41b1c7e056289200f9d0b112f4df8b
101,10.1002/ecs2.3666,ECOSPHERE,2021,1,1,1,1,A hierarchical distance sampling model to estimate spatially explicit sea otter density,"Wilson, Ryan R.; St Martin, Michelle; Beatty, William S.",12,NA,NA,b54d3b4137ef4637a94428a69369d6a9
102,10.1002/ecs2.2958,ECOSPHERE,2019,1,0,NA,0,Riparian soil nitrogen cycling and isotopic enrichment in response to a long-term salmon carcass manipulation experiment,"Feddern, Megan L.; Holtgrieve, Gordon W.; Perakis, Steven S.; Hart, Julia; Ro, Hyejoo; Quinn, Thomas P.",10,NA,NA,f0143663e196772b535ce28f07459dd8
103,10.1002/ecs2.2453,ECOSPHERE,2018,1,0,NA,0,Spatial decision-support tools to guide restoration and seed-sourcing in the Desert Southwest,"Shryock, Daniel F.; DeFalco, Lesley A.; Esque, Todd C.",9,NA,NA,850bbd76fccd916815686a92ab06068d
104,10.1002/ecs2.3710,ECOSPHERE,2021,1,1,1,1,Evaluating the efficacy and decay of lures for improving carnivore detections with camera traps,"Avrin, Alexandra C.; Pekins, Charles E.; Sperry, Jinelle H.; Allen, Maximilian L.",12,NA,NA,2ff19b1bc903b07a7ae2c64a17ad94f2
105,10.1002/ecs2.3518,ECOSPHERE,2021,1,0,NA,0,Drivers of leafcutter ant populations and their inter-trophic relationships in Amazonian forest islands,"Palmeirim, Ana Filipa; Benchimol, Maira; Leal, Inara R.; Peres, Carlos A.",12,NA,NA,d31dcc3aecc351b52ce1920f602589cf
106,10.1002/ecs2.3815,ECOSPHERE,2021,1,1,1,1,A novel sampling approach to estimating abundance of low-density and observable species,"McDevitt, Molly C.; Cassirer, E. Frances; Roberts, Shane B.; Lukacs, Paul M.",12,NA,NA,1c4f5aecbd975eafe8f0d0fae704e44a
107,10.1002/ecs2.4190,ECOSPHERE,2022,1,1,1,1,Implications of habitat-driven survival and dispersal on recruitment in a spatially structured piping plover population,"Swift, Rose J.; Anteau, Michael J.; Ellis, Kristen S.; Ring, Megan M.; Sherfy, Mark H.; Toy, Dustin L.; Koons, David N.",13,NA,NA,30c6af0fc90e13205a83c37765f89635
108,10.1002/ecs2.3181,ECOSPHERE,2020,1,0,NA,0,Population-level monitoring of stress in grizzly bears between 2004 and 2014,"Wilson, Abbey E.; Kearney, Sean; Wismer, Dan; Macbeth, Bryan; Stenhouse, Gordon; Coops, Nicholas C.; Janz, David M.",11,NA,NA,fc8ca46319e0282ea1c9c64bfb396456
109,10.1002/ecs2.2054,ECOSPHERE,2018,1,0,NA,0,Seagrass Posidonia oceanica (L.) Delile as a marine biomarker: a metabolomic and toxicological analysis,"Toniolo, Chiara; Di Sotto, Antonella; Di Giacomo, Silvia; Ventura, Daniele; Casoli, Edoardo; Belluscio, Andrea; Nicoletti, Marcello; Ardizzone, Giandomenico",9,NA,NA,4dccbbf501ab9aca5387f0997b4cd043
110,10.1002/ecs2.2908,ECOSPHERE,2019,1,0,NA,0,Local landscapes and microhabitat characteristics are important determinants of urban-suburban forest bee communities,"Landsman, Andrew P.; Ladin, Zachary S.; Gardner, David; Bowman, Jacob L.; Shriver, Greg; D'Amico, Vince; Delaney, Deborah A.",10,NA,NA,a7e345f2e67e3508689c7510a260927c
111,10.1002/ecs2.3138,ECOSPHERE,2020,1,0,NA,0,Enzootic maintenance of sylvatic plague in Canada's threatened black-tailed prairie dog ecosystem,"Liccioli, Stefano; Stephens, Tara; Wilson, Sian C.; McPherson, Jana M.; Keating, Laura M.; Antonation, Kym S.; Bollinger, Trent K.; Corbett, Cindi R.; Gummer, David L.; Lindsay, L. Robbin; Galloway, Terry D.; Shury, Todd K.; Moehrenschlager, Axel",11,NA,NA,f466e6675baf1f9bf23a84a6e033e24c
112,10.1002/ecs2.3101,ECOSPHERE,2020,1,1,1,1,"Of detectability and camouflage: evaluating Pollard Walk rules using a common, cryptic butterfly","Riva, Federico; Gentile, Giorgio; Bonelli, Simona; Acorn, John; Denes, Francisco; Crosby, Andrew; Nielsen, Scott",11,NA,NA,d3f8bebaf0a97c4eb58205ba23a646b9
113,10.1002/ecs2.3521,ECOSPHERE,2021,1,1,0,0,Multi-scale demographic analysis reveals range contraction via pseudo-source and sink population structure,"Robinson, O. J.; Ruiz-Gutierrez, V.; Meese, R. J.; Graves, E. E.; Holyoak, M.; Wilson, C. R.; Wyckoff, A. C.; Merriell, B. D.; Snyder, C.; Cooch, E. G.",12,NA,NA,5df39f6a97e38ba23c28d476de01733e
114,10.1002/ecs2.3643,ECOSPHERE,2021,1,0,NA,0,Utility of environmental DNA analysis for effective monitoring of invasive fish species in reservoirs,"Jo, Toshiaki; Ikeda, Saki; Fukuoka, Arisa; Inagawa, Takashi; Okitsu, Jiro; Katano, Izumi; Doi, Hideyuki; Nakai, Katsuki; Ichiyanagi, Hidetaka; Minamoto, Toshifumi",12,NA,NA,6fcef9e3dfde9f02416d08721bdaf0ec
115,10.1002/ecs2.4160,ECOSPHERE,2022,1,0,NA,0,Riverscape heterogeneity in estimated Chinook Salmon emergence phenology and implications for size and growth,"Kaylor, Matthew J.; Armstrong, Jonathan B.; Lemanski, Joseph T.; Justice, Casey; White, Seth M.",13,NA,NA,0243b6285d2de0a5e9c2b5b2a9c9a267
116,10.1002/ecs2.2061,ECOSPHERE,2018,1,1,1,1,Interactions between species attributes explain population dynamics in stream fishes under changing climate,"Chevalier, Mathieu; Comte, Lise; Laffaille, Pascal; Grenouillet, Gael",9,NA,NA,06da080687ba03c2d46d4f26b17627cf
117,10.1002/ecs2.3165,ECOSPHERE,2020,1,0,NA,0,Estimating the drivers of species distributions with opportunistic data using mediation analysis,"Huberman, David B.; Reich, Brian J.; Pacifici, Krishna; Collazo, Jaime A.",11,NA,NA,3d086949b05dc12a40fbcf67e9480e14
118,10.1002/ecs2.3049,ECOSPHERE,2020,1,0,NA,0,Hydrochorous seed dispersal in riparian forests altered by urbanization,"von Behren, Christa; Yeakley, J. Alan",11,NA,NA,70f96e9655c0e48aad4bffa8e0c89158
119,10.1002/ecs2.3131,ECOSPHERE,2020,1,1,1,1,A hierarchical framework for estimating abundance and population growth from imperfectly observed removals,"Stevens, Bryan S.; Bence, James R.; Luukkonen, David R.; Porter, William F.",11,NA,NA,6e65444f04972fd34a09d529df1ebf13
120,10.1002/ecs2.3877,ECOSPHERE,2022,1,1,1,1,Mixed-severity wildfire and salvage logging affect the populations of a forest-dependent carnivoran and a competitor,"Green, David S.; Martin, Marie E.; Powell, Roger A.; McGregor, Eric L.; Gabriel, Mourad W.; Pilgrim, Kristine L.; Schwartz, Michael K.; Matthews, Sean M.",13,NA,NA,57f0f5c53969e88d608318e81c11b226
121,10.1002/ecs2.2977,ECOSPHERE,2019,1,0,NA,0,Quantifying Aedes aegypti dispersal in space and time: a modeling approach,"Marcantonio, Matteo; Reyes, Trinidad; Barker, Christopher M.",10,NA,NA,c3f917833e0d9269dc5d8d727badf4d6
122,10.1002/ecs2.4142,ECOSPHERE,2022,1,1,1,1,Statistical assessment on determining local presence of rare bat species,"Irvine, Kathryn M.; Banner, Katharine M.; Stratton, Christian; Ford, William M.; Reichert, Brian E.",13,NA,NA,e5e6fb36c73a583d3d0f661b6888f848
123,10.1002/ecs2.3813,ECOSPHERE,2021,1,1,1,1,Habitat use and spatio-temporal interactions of mule and white-tailed deer in an area of sympatry in NE Washington,"Staudenmaier, Anna R.; Shipley, Lisa A.; Bibelnieks, Andris J.; Camp, Meghan J.; Thornton, Daniel H.",12,NA,NA,53d3db1c02ae6118e13236fabd71d677
124,10.1002/ecs2.2192,ECOSPHERE,2018,1,0,NA,0,Regional variations in occupancy frequency distribution patterns between odonate assemblages in Fennoscandia,"Korkeamaki, Esa; Elo, Merja; Sahlen, Goran; Salmela, Jukka; Suhonen, Jukka",9,NA,NA,d42f2cb9c795cfa5f084ed7b6abb3cdd
125,10.1002/ecs2.2334,ECOSPHERE,2018,1,1,1,1,Application of Bayesian robust design model to assess the impacts of a hurricane on shorebird demography,"Gibson, Daniel; Riecke, Thomas, V; Keyes, Tim; Depkin, Chris; Fraser, James; Catlin, Daniel H.",9,NA,NA,ce51bbb5eec85dd23d1a13e277e3c9cf
126,10.1002/ecs2.3489,ECOSPHERE,2021,1,1,0,0,Effects of timber harvest on survival and movement of stream salamanders in a managed forest landscape,"Halloran, Kelly M.; Guzy, Jacquelyn C.; Homyack, Jessica A.; Willson, John D.",12,NA,NA,8588b3fd7cb71aa5f7cdb5d6d93a4dd3
127,10.1002/ecs2.2339,ECOSPHERE,2018,1,0,NA,0,Habitat type and structure affect trap capture success of an invasive snake across variable densities,"Nafus, Melia G.; Adams, Amy A. Yackel; Klug, Page E.; Rodda, Gordon H.",9,NA,NA,5b330fd0086ec15047d866069b99dbd5
128,10.1002/ecs2.3662,ECOSPHERE,2021,1,1,1,1,Effects of camera-trap placement and number on detection of members of a mammalian assemblage,"Hofmeester, Tim R.; Thorsen, Neri H.; Cromsigt, Joris P. G. M.; Kindberg, Jonas; Andren, Henrik; Linnell, John D. C.; Odden, John",12,NA,NA,0ea7996cb6aae34f25993a2aad223ab2
129,10.1002/ecs2.2748,ECOSPHERE,2019,1,1,1,1,Predicting species distributions: unifying model selection and scale optimization for multi-scale occupancy models,"Stevens, Bryan S.; Conway, Courtney J.",10,NA,NA,5a7ba831c665bb6dd863aafb8f5f2757
130,10.1002/ecs2.2331,ECOSPHERE,2018,1,1,NA,0,Three novel methods to estimate abundance of unmarked animals using remote cameras,"Moeller, Anna K.; Lukacs, Paul M.; Horne, Jon S.",9,NA,NA,fb0b4d468dc8d0cfefa31802438cd429
131,10.1002/ecs2.4021,ECOSPHERE,2022,1,0,NA,0,Linking habitat interactions and biodiversity within seascapes,"Bugnot, Ana B.; Dafforn, Katherine A.; Coleman, Ross A.; Ramsdale, Megan; Gibbeson, Jayden T.; Erickson, Katherine; Vila-Concejo, Ana; Figueira, William F.; Gribben, Paul E.",13,NA,NA,057057452fab6927ebf6895a04b32a73
132,10.1002/ecs2.3554,ECOSPHERE,2021,1,0,NA,0,"Application of lidar for critical endangered bird species conservation on the island of Kauai, Hawaii","Fricker, Geoffrey A.; Crampton, Lisa H.; Gallerani, Erica M.; Hite, Justin M.; Inman, Richard; Gillespie, Thomas W.",12,NA,NA,b31969f6ab821717443af0c03a175651
133,10.1002/ecs2.2474,ECOSPHERE,2018,1,1,0,0,How to estimate population size in crocodylians? Population ecology of American crocodiles in Coiba Island as study case,"Balaguera-Reina, Sergio A.; Venegas-Anaya, Miryam D.; Rivera-Rivera, Betzaida; Morales Ramirez, Diego A.; Densmore, Llewellyn D.",9,NA,NA,c422f724e9743c1f76fb6fc1b467c4f1
134,10.1002/ecs2.2136,ECOSPHERE,2018,1,1,NA,0,"A model for first-estimates of species-specific, age-specific mortality from centralized band-recovery databases","Baylis, Shane M.; Sunnucks, Paul; Clarke, Rohan",9,NA,NA,1a5b42b571f1f603b42f600e5968409a
135,10.1002/ecs2.2639,ECOSPHERE,2019,1,1,1,1,Species-specific differences in detection and occupancy probabilities help drive ability to detect trends in occupancy,"Steenweg, Robin; Hebblewhite, Mark; Whittington, Jesse; McKelvey, Kevin",10,NA,NA,de582cada054c13334dae00a43dbc2f9
136,10.1002/ecs2.2556,ECOSPHERE,2019,1,0,NA,0,Assessing the long-term carbon-sequestration potential of the semi-natural salt marshes in the European Wadden Sea,"Mueller, Peter; Ladiges, Nils; Jack, Alexander; Schmiedl, Gerhard; Kutzbach, Lars; Jensen, Kai; Nolte, Stefanie",10,NA,NA,4a51515ce49f161b3cdb6c539f266d6f
137,10.1002/ecs2.3443,ECOSPHERE,2021,1,1,1,1,"Integrating counts, telemetry, and non-invasive DNA data to improve demographic monitoring of an endangered species","Moeller, Anna K.; Nowak, J. Joshua; Neufeld, Lalenia; Bradley, Mark; Manseau, Micheline; Wilson, Paul; McFarlane, Samantha; Lukacs, Paul M.; Hebblewhite, Mark",12,NA,NA,b6fe390b1b83af868a0aedd48b86f4e7
138,10.1002/ecs2.3808,ECOSPHERE,2021,1,0,NA,0,Long-term Pseudogymnoascus destructans surveillance data reveal factors contributing to pathogen presence,"Grider, John F.; Russell, Robin E.; Ballmann, Anne E.; Hefley, Trevor J.",12,NA,NA,a41354698bee8136d3f0010f42101f7a
139,10.1002/ecs2.4269,ECOSPHERE,2022,1,1,0,0,Understanding spatially explicit capture-recapture parameters for informing invasive animal management,"Anderson, Dean P.; Rouco, Carlos; Latham, Maria Cecilia; Warburton, Bruce",13,NA,NA,a90f125ad625d9ed7655f73395a7d646
140,10.1002/ecs2.3504,ECOSPHERE,2021,1,0,NA,0,"Calculating adult sex ratios from observed breeding sex ratios for wide-ranging, intermittently breeding species","Kahn, J. E.; Watterson, J. C.; Hager, C. H.; Mathies, N.; Hartman, K. J.",12,NA,NA,8c0b761c425c8bdf4ce89a4c21392eca
141,10.1002/ecs2.3082,ECOSPHERE,2020,1,1,1,1,Estimating arthropod survival probability from field counts: a case study with monarch butterflies,"Grant, Tyler J.; Flockhart, D. T. Tyler; Blader, Teresa R.; Hellmich, Richard L.; Pitman, Grace M.; Tyner, Sam; Norris, D. Ryan; Bradbury, Steven P.",11,NA,NA,ac7d2e042f50e6188dceb918645b4929
142,10.1002/ecs2.3571,ECOSPHERE,2021,1,1,1,1,Integrating dead recoveries in open-population spatial capture-recapture models,"Dupont, P.; Milleret, C.; Tourani, M.; Broseth, H.; Bischof, R.",12,NA,NA,4573acefcc11fa7658628fc2f00b769d
143,10.1002/ecs2.2865,ECOSPHERE,2019,1,0,NA,0,"Functional traits determine the different effects of prey, predators, and climatic extremes on desert reptiles","Grimm-Seyfarth, Annegret; Mihoub, Jean-Baptiste; Henle, Klaus",10,NA,NA,82b49cbd6c0a8429d032c1e58bf2ecb4
144,10.1002/ecs2.2845,ECOSPHERE,2019,1,1,1,1,Management regime and habitat response influence abundance of regal fritillary (Speyeria idalia) in tallgrass prairie,"McCullough, K.; Albanese, G.; Haukos, D. A.; Ricketts, A. M.; Stratton, S.",10,NA,NA,2373d831b34c7c4aed428d0fb372ec52
145,10.1002/ecs2.3288,ECOSPHERE,2020,1,1,1,1,Plains zebras bring evidence that dilution and detection effects may not always matter behaviorally and demographically,"Vitet, Camille; Duncan, Patrick; Gimenez, Olivier; Mabika, Cheryl; Chamaille-Jammes, Simon",11,NA,NA,731c93e4604d624310a9c3d0664ad71b
146,10.1002/ecs2.3086,ECOSPHERE,2020,1,0,NA,0,"Time-traveling larvae ensure survival in small, synchronously fluctuating populations","Solbreck, Christer; Widenfalk, Olof",11,NA,NA,3c16eb9d1dd896fe4cab59cd94f7b686
147,10.1002/ecs2.4078,ECOSPHERE,2022,1,0,NA,0,Epigaeic spider response to sagebrush steppe restoration treatments,"McIver, James D.; Brandt, Ruth",13,NA,NA,205801834eac0d43087e43b259bb69e7
148,10.1002/ecs2.3825,ECOSPHERE,2021,1,0,NA,0,Context dependency of disease-mediated competitive release in bat assemblages following white-nose syndrome,"Bombaci, Sara P.; Russell, Robin E.; St Germain, Michael J.; Dobony, Christopher A.; Ford, W. Mark; Loeb, Susan C.; Jachowski, David S.",12,NA,NA,a4d10c1245ca90ba1172f6c4db32db27
149,10.1002/ecs2.3713,ECOSPHERE,2021,1,0,NA,0,Seasonal variation in sexual readiness in a facultatively sexual freshwater cnidarian with diapausing eggs,"Tokolyi, Jacint; Gergely, Reka; Miklos, Mate",12,NA,NA,55e1af3013cc76cd78cec3631c03a83f
150,10.1002/ecs2.4325,ECOSPHERE,2022,1,1,1,1,Environmental drivers of demography and potential factors limiting the recovery of an endangered marine top predator,"Warlick, Amanda J. J.; Johnson, Devin S. S.; Gelatt, Tom S. S.; Converse, Sarah J. J.",13,NA,NA,8f24f3febe6d622c9ac22a79d3439e60
151,10.1002/ecs2.2092,ECOSPHERE,2018,1,1,1,1,Animal movement affects interpretation of occupancy models from camera-trap surveys of unmarked animals,"Neilson, Eric W.; Avgar, Tal; Burton, A. Cole; Broadley, Kate; Boutin, Stan",9,NA,NA,38a1408bfd5347a51ed1c2a392c90a0f
152,10.1002/ecs2.3696,ECOSPHERE,2021,1,1,1,1,Long-term monitoring using DNA sampling reveals the dire demographic status of the critically endangered Gobi bear,"Tumendemberel, Odbayar; Tebbenkamp, Joel M.; Zedrosser, Andreas; Proctor, Michael F.; Blomberg, Erik J.; Morin, Dana J.; Rosell, Frank; Reynolds, Harry V.; Adams, Jennifer R.; Waits, Lisette P.",12,NA,NA,03842a8515d85394b575f075bb2af285
153,10.1002/ecs2.3172,ECOSPHERE,2020,1,1,1,1,Estimating abundance with interruptions in data collection using open population spatial capture-recapture models,"Milleret, Cyril; Dupont, Pierre; Chipperfield, Joseph; Turek, Daniel; Broseth, Henrik; Gimenez, Olivier; de Valpine, Perry; Bischof, Richard",11,NA,NA,9c462ed47885e6ffae74b4e0849556ea
154,10.1002/ecs2.3275,ECOSPHERE,2020,1,0,NA,0,Population neighborhood density at different scales between grazed and ungrazed communities,"Wang, Xinting; Jiang, Chao; Yonghong Li, Frank; Tai, Yang; Liang, Cunzhu; Hou, Yali; Zhang, Weihua",11,NA,NA,05fd48a8c0729cb5dfeb2ba32f5637f3
155,10.1002/ecs2.3991,ECOSPHERE,2022,1,1,0,0,Multistate modeling of Florida scrub-jay adult survival and breeding transitions,"Breininger, David R.; Carter, Geoffrey M.; Legare, Stephanie A.; Payne, William, V; Stolen, Eric D.; Breininger, Daniel J.; Lyon, James E.",13,NA,NA,ed51a9f6ee8364bee6e7d8b9fa6dbc01
156,10.1002/ecs2.2918,ECOSPHERE,2019,1,0,NA,0,Role of wetlands in mitigating the trade-off between crop production and water quality in agricultural landscapes,"Matsuzaki, Shin-ichiro S.; Kohzu, Ayato; Kadoya, Taku; Watanabe, Mirai; Osawa, Takeshi; Fukaya, Keiichi; Komatsu, Kazuhiro; Kondo, Natsuko; Yamaguchi, Haruyo; Ando, Haruko; Shimotori, Koichi; Nakagawa, Megumi; Kizuka, Toshikazu; Yoshioka, Akira; Sasai, Takahiro; Saigusa, Nobuko; Matsushita, Bunkei; Takamura, Noriko",10,NA,NA,21a2fcfbd877a7fa4b17cec3ae673b10
157,10.1002/ecs2.4212,ECOSPHERE,2022,1,1,1,1,"Wildfire influences individual growth and breeding dispersal, but not survival and recruitment in a montane amphibian","Barrile, Gabriel M.; Chalfoun, Anna D.; Estes-Zumpf, Wendy A.; Walters, Annika W.",13,NA,NA,6421e20eca5250756d9c55911191b58f
158,10.1002/ecs2.3168,ECOSPHERE,2020,1,0,NA,0,Fish predation on a landscape scale,"Michel, Cyril J.; Henderson, Mark J.; Loomis, Christopher M.; Smith, Joseph M.; Demetras, Nicholas J.; Iglesias, Ilysa S.; Lehman, Brendan M.; Huff, David D.",11,NA,NA,5aa5e99af1ec6562c9620bb1a049d5f9
159,10.1002/ecs2.4216,ECOSPHERE,2022,1,0,NA,0,"Evidence of reduced abundance, density, and survival of coyotes under federal management for red wolf recovery","Hinton, Joseph W.; Chamberlain, Michael J.",13,NA,NA,56da22a79994b8fc3ea5ffd20be560eb
160,10.1002/ecs2.3485,ECOSPHERE,2021,1,0,NA,0,Borealization and its discontents: drivers of regional variation in plant diversity across scales in interior Alaska,"Roland, Carl; Schmidt, Joshua H.; Stehn, Sarah E.; Hampton-Miller, Celia J.; Nicklen, E. Fleur",12,NA,NA,53876563fe9433687e08e8ea9997fcce
161,10.1002/ecs2.3960,ECOSPHERE,2022,1,1,1,1,Multi-scale patterns in the occurrence of an ephemeral pool-breeding amphibian,"Halstead, Brian J.; Rose, Jonathan P.; Clark, Denise; Kleeman, Patrick M.; Fisher, Robert N.",13,NA,NA,f0ed3aaf55d16e8f2eb79a582c38e9d9
162,10.1002/ecs2.3931,ECOSPHERE,2022,1,0,NA,0,Humans rather than Eurasian lynx (Lynx lynx) shape ungulate browsing patterns in a temperate forest,"van Beeck Calkoen, Suzanne T. S.; Deis, Michele H.; Oeser, Julian; Kuijper, Dries P. J.; Heurich, Marco",13,NA,NA,0e7baee921b8bd70f8891bda80c7851a
163,10.1002/ecs2.2853,ECOSPHERE,2019,1,1,1,1,Floodplains provide important amphibian habitat despite multiple ecological threats,"Holgerson, Meredith A.; Duarte, Adam; Hayes, Marc P.; Adams, Michael J.; Tyson, Julie A.; Douville, Keith A.; Strecker, Angela L.",10,NA,NA,221c9440ee4df6cc50c982b2417bfa46
164,10.1002/ecs2.3810,ECOSPHERE,2021,1,1,1,1,Bayesian mark-recapture-resight-recovery models: increasing user flexibility in the BUGS language,"Riecke, Thomas, V; Gibson, Dan; Leach, Alan G.; Lindberg, Mark S.; Schaub, Michael; Sedinger, James S.",12,NA,NA,72aba6f7541297ab3856797d5df565fc
165,10.1002/ecs2.3381,ECOSPHERE,2021,1,1,1,1,Estimating the survival of unobservable life stages for a declining frog with a complex life history,"Rose, Jonathan P.; Kupferberg, Sarah J.; Wheeler, Clara A.; Kleeman, Patrick M.; Halstead, Brian J.",12,NA,NA,58bc3799765af2a88a985a7f458e6dbb
166,10.1002/ecs2.3006,ECOSPHERE,2020,1,0,NA,0,The lead (Pb) lining of agriculture-related subsidies: enhanced Golden Eagle growth rates tempered by Pb exposure,"Herring, Garth; Eagles-Smith, Collin; Buck, Jeremy A.; Shiel, Alyssa E.; Vennum, Chris R.; Emery, Colleen; Johnson, Branden; Leal, David; Heath, Julie A.; Dudek, Benjamin; Preston, Charles; Woodbridge, Brian",11,NA,NA,aa2230c479d7e52a7739aa5a8a84c119
167,10.1002/ecs2.3774,ECOSPHERE,2021,1,1,1,1,Density estimates for Canada lynx vary among estimation methods,"Doran-Myers, D.; Kenney, A. J.; Krebs, C. J.; Lamb, C. T.; Menzies, A. K.; Murray, D.; Studd, E. K.; Whittington, J.; Boutin, S.",12,NA,NA,8752159b9a80f6b048333eccf250a9d4
168,10.1002/ecs2.3862,ECOSPHERE,2022,1,1,0,0,High long-term survival and asymmetric movements in a reintroduced metapopulation of Cinereous vultures,"Rousteau, Typhaine; Duriez, Olivier; Pradel, Roger; Sarrazin, Francois; David, Thierry; Henriquet, Sylvain; Tessier, Christian; Mihoub, Jean-Baptiste",13,NA,NA,b3bc6280afdf58f7764ce7467b271eff
169,10.1002/ecs2.3771,ECOSPHERE,2021,1,0,NA,0,Forest disturbance and arthropods: small-scale canopy and understory disturbances alter movement of mobile arthropods,"Perry, Kayla, I; Sivakoff, Frances S.; Wallin, Kimberly F.; Wenzel, John W.; Herms, Daniel A.",12,NA,NA,b850624895961989e86d268e9d091417
170,10.1002/ecs2.2297,ECOSPHERE,2018,1,0,NA,0,"Salmon-supported bears, seed dispersal, and extensive resource subsidies to granivores","Shakeri, Yasaman N.; White, Kevin S.; Levi, Taal",9,NA,NA,a05d360b742f3dab4ddd86e66adbcc2d
171,10.1002/ecs2.2878,ECOSPHERE,2019,1,1,1,1,Evaluating population impacts of predation by owls on storm petrels in relation to proposed island mouse eradication,"Nur, Nadav; Bradley, Russell W.; Salas, Leo; Warzybok, Pete; Jahncke, Jaime",10,NA,NA,5b4dba3909541ad44e9431684af8ca40
172,10.1002/ecs2.3552,ECOSPHERE,2021,NA,NA,NA,NA,Spatial and temporal scales of exposure and sensitivity drive mortality risk patterns across life stages,"Pandori, Lauren L. M.; Sorte, Cascade J. B.",12,NA,NA,591f2ca7e3d01ea2ed261368fcd4903c
173,10.1002/ecs2.2475,ECOSPHERE,2018,NA,NA,NA,NA,Detecting species at low densities: a new theoretical framework and an empirical test on an invasive zooplankton,"Walsh, Jake R.; Pedersen, Eric J.; Vander Zanden, M. Jake",9,NA,NA,6217d30d415948fdecd3bdc07abef52c
174,10.1002/ecs2.2792,ECOSPHERE,2019,NA,NA,NA,NA,Sex-specific population dynamics of ocelots in Belize using open population spatial capture-recapture,"Satter, Christopher B.; Augustine, N. C.; Harmsen, Bart J.; Foster, Rebecca J.; Kelly, Marcella J.",10,NA,NA,776e071e124baa49cfcbec6d0f36233f
175,10.1002/ecs2.3999,ECOSPHERE,2022,NA,NA,NA,NA,Forest structure and seasonally inundated grassland shape tropical mammal communities under moderate disturbance,"Masseloux, Juliana; Le, Quy Tan; Burr, Jessica; Gerber, Brian D.",13,NA,NA,9025562ef7fb27ced29bca6d107b86d8
176,10.1002/ecs2.2124,ECOSPHERE,2018,NA,NA,NA,NA,Evaluation of invasive and non-invasive methods to monitor rodent abundance in the Arctic,"Fauteux, Dominique; Gauthier, Gilles; Mazerolle, Marc J.; Coallier, Nicolas; Bety, Joel; Berteaux, Dominique",9,NA,NA,796f06cfe1dc792d0baa9faf60a67edc
177,10.1002/ecs2.3214,ECOSPHERE,2020,NA,NA,NA,NA,Wildfire and drought moderate the spatial elements of tree mortality,"Furniss, Tucker J.; Larson, Andrew J.; Kane, Van R.; Lutz, James A.",11,NA,NA,c6437891a97918609a1daaa0a3754316
178,10.1002/ecs2.3500,ECOSPHERE,2021,NA,NA,NA,NA,Elevational gradients strongly mediate habitat selection patterns in a nocturnal predator,"Kramer, H. Anu; Jones, Gavin M.; Kane, Van R.; Bartl-Geller, Bryce; Kane, Jonathan T.; Whitmore, Sheila A.; Berigan, William J.; Dotters, Brian P.; Roberts, Kevin N.; Sawyer, Sarah C.; Keane, John J.; North, Malcolm P.; Gutierrez, R. J.; Peery, M. Zachariah",12,NA,NA,16e21d8a36beaf0ff7194f756d587b41
179,10.1002/ecs2.2194,ECOSPHERE,2018,NA,NA,NA,NA,Learning to fly: integrating spatial ecology with unmanned aerial vehicle surveys,"Baxter, Peter W. J.; Hamilton, Grant",9,NA,NA,8ff8d403ad496e87a50363e3f3f6f620
180,10.1002/ecs2.2893,ECOSPHERE,2019,NA,NA,NA,NA,Accounting for heterogeneity in false-positive detection rate in southeastern beach mouse habitat occupancy models,"Stolen, Eric D.; Oddy, Donna M.; Gann, Shanon L.; Holloway-Adkins, Karen G.; Legare, Stephanie A.; Weiss, Stephanie K.; Breininger, David R.",10,NA,NA,6b4c7ba03ce7c3d55dbad6f5184e3070
181,10.1002/ecs2.2843,ECOSPHERE,2019,NA,NA,NA,NA,Adding invasive species biosurveillance to the US Geological Survey streamgage network,"Sepulveda, Adam J.; Schmidt, Christian; Amberg, Jon; Hutchins, Patrick; Stratton, Christian; Mebane, Chris; Laramie, Matthew B.; Pilliod, David S.",10,NA,NA,e1ddcc8ef756876e52d197a3d9807b26
182,10.1002/ecs2.4027,ECOSPHERE,2022,NA,NA,NA,NA,"Effects of forest disturbance, snow depth, and intraguild dynamics on American marten and fisher occupancy in Maine, USA","Evans, Bryn E.; Mortelliti, Alessio",13,NA,NA,71dfb8f43c3a46603e7665e0ed3aef77
183,10.1002/ecs2.2951,ECOSPHERE,2019,NA,NA,NA,NA,"Population dynamics of Rana sierrae at Dusy Basin: influence of non-native predators, drought, and restoration potential","Wilkins, Laetitia G. E.; Matthews, Kathleen R.; Steel, Zachary L.; Nussle, Sebastien C.; Carlson, Stephanie M.",10,NA,NA,771871ff0b3312d5788c07a7f329d0b4
184,10.1002/ecs2.2791,ECOSPHERE,2019,NA,NA,NA,NA,The importance of simulation assumptions when evaluating detectability in population models,"Monroe, Adrian P.; Wann, Gregory T.; Aldridge, Cameron L.; Coates, Peter S.",10,NA,NA,65bb745fabb16f500ea5202543cd88f7
185,10.1002/ecs2.3937,ECOSPHERE,2022,NA,NA,NA,NA,Age- and sex-specific survival of the Gunnison's prairie dog (Cynomys gunnisoni),"Farid, Rashidah H.; Karelus, Dana L.; Hull, Vanessa",13,NA,NA,3c591471c9c98409d9b31039ab7b8379
186,10.1002/ecs2.3107,ECOSPHERE,2020,NA,NA,NA,NA,The value of local habitat heterogeneity and productivity when estimating avian species richness and species of concern,"Cooper, W. Justin; McShea, William J.; Forrester, Tavis; Luther, David A.",11,NA,NA,55a9b7e285c88fe4b86047f9df8eeacf
187,10.1002/ecs2.2369,ECOSPHERE,2018,NA,NA,NA,NA,Mammalian responses to changed forest conditions resulting from bark beetle outbreaks in the southern Rocky Mountains,"Ivan, Jacob S.; Seglund, Amy E.; Truex, Richard L.; Newkirk, Eric S.",9,NA,NA,931c9ba65bb14a06d580c5a3df209a12
188,10.1002/ecs2.3953,ECOSPHERE,2022,NA,NA,NA,NA,Trends in weather conditions favor generalist over specialist species in rear-edge alpine bird communities,"de Gabriel Hernando, Miguel; Roa, Isabel; Fernandez-Gil, Juan; Juan, Jara; Fuertes, Benito; Reguera, Barbara; Revilla, Eloy",13,NA,NA,30b97f2a7704797ae58b7f7523faafea
189,10.1002/ecs2.2935,ECOSPHERE,2019,NA,NA,NA,NA,Forest birds exhibit variable changes in occurrence during a mountain pine beetle epidemic,"Mosher, Brittany A.; Saab, Victoria A.; Lerch, Michael D.; Ellis, Martha M.; Rotella, Jay J.",10,NA,NA,58b53efa254ffc66b7212dee2cec3f80
190,10.1002/ecs2.2807,ECOSPHERE,2019,NA,NA,NA,NA,The influence of movement on the occupancy-density relationship at small spatial scales,"Rogan, Matthew S.; Balme, Guy A.; Distiller, Greg; Pitman, Ross T.; Broadfield, Joleen; Mann, Gareth K. H.; Whittington-Jones, Gareth M.; Thomas, Lisa H.; O'Riain, M. Justin",10,NA,NA,a86b2e9ee3e683056f27f595a92025cb
191,10.1002/ecs2.2356,ECOSPHERE,2018,NA,NA,NA,NA,Seasonal streamflow extremes are key drivers of Brook Trout young-of-the-year abundance,"Blum, Annalise G.; Kanno, Yoichiro; Letcher, Benjamin H.",9,NA,NA,87fcc6f2742c8761efeae72b2a6bb726
192,10.1002/ecs2.4165,ECOSPHERE,2022,NA,NA,NA,NA,A comparison of density estimation methods for monitoring marked and unmarked animal populations,"Twining, Joshua P.; McFarlane, Claire; O'Meara, Denise; O'Reilly, Catherine; Reyne, Marina; Montgomery, W. Ian; Helyar, Sarah; Tosh, David G.; Augustine, Ben C.",13,NA,NA,d157beb261e1b98e495d9552e1b7675e
193,10.1002/ecs2.3532,ECOSPHERE,2021,NA,NA,NA,NA,Population ecology of the spectacled caiman (Caiman crocodilus) in the Apaporis River middle basin,"Balaguera-Reina, Sergio A.; Vargas-Castillo, Alfredo; Densmore, Llewellyn D.",12,NA,NA,0130177b8b3dc437afccb16eb90b856d
194,10.1002/ecs2.2858,ECOSPHERE,2019,NA,NA,NA,NA,Signal from the noise: model-based interpretation of variable correspondence between active and passive samplers,"Parkos, Joseph J., III; Kline, Jeffrey L.; Trexler, Joel C.",10,NA,NA,012614f3743b6dbd02d122a2c9a4f3e3
195,10.1002/ecs2.3310,ECOSPHERE,2020,NA,NA,NA,NA,Spotted owls and forest fire: Reply,"Lee, Derek E.",11,NA,NA,5ff0f287da785345877d37174fb8897a
196,10.1002/ecs2.4286,ECOSPHERE,2022,NA,NA,NA,NA,Network topology mediates freshwater fish metacommunity response to loss of connectivity,"Lee, Finnbar; Simon, Kevin S.; Perry, George L. W.",13,NA,NA,019a489e5c090cc586c78c4cf5c7258b
197,10.1002/ecs2.3349,ECOSPHERE,2021,NA,NA,NA,NA,Uniform performance of mammal detection methods under contrasting environmental conditions in Mediterranean landscapes,"Suarez-Tangil, Bruno D.; Rodriguez, Alejandro",12,NA,NA,2bb231067b26afd8b4e9458ba1cfd7e9
198,10.1002/ecs2.2610,ECOSPHERE,2019,NA,NA,NA,NA,Multi-state open robust design applied to opportunistic data reveals dynamics of wide-ranging taxa: the sperm whale case,"Boys, Rebecca M.; Oliveira, Claudia; Perez-Jorgeo, Sergi; Prieto, Rui; Steiner, Lisa; Silva, Monica A.",10,NA,NA,a048e61a4f755f2fa7b8bec9f39671e8
199,10.1002/ecs2.3519,ECOSPHERE,2021,NA,NA,NA,NA,Effective sampling area is a major driver of power to detect long-term trends in multispecies occupancy monitoring,"Tucker, Jody M.; Moriarty, Katie M.; Ellis, Martha M.; Golding, Jessie D.",12,NA,NA,4eb776e2463b558ea38934b7082b9018
