,DOI,Journal,Year,PlantsOrAnimals,HierarchModel,UsesR,UsePaper,Title,Authors,Volume,StartPage,EndPage,ID
1,10.1002/jwmg.22213,JOURNAL OF WILDLIFE MANAGEMENT,2022,1,1,1,1,Challenges and opportunities for estimating abundance of a low-density moose population,"Hinton, Joseph W.; Wheat, Rachel E.; Schuette, Paul; Hurst, Jeremy E.; Kramer, David W.; Stickles, James H.; Frair, Jacqueline L.",86,NA,NA,77a39030b2474def3a6c07911287bfef
2,10.1002/jwmg.21887,JOURNAL OF WILDLIFE MANAGEMENT,2020,1,1,1,1,Assessing Population Viability of Black Bears using Spatial Capture-Recapture Models,"Hooker, Michael J.; Chandler, Richard B.; Bond, Bobby T.; Chamberlain, Michael J.",84,1100,1113,9ba2e9181903cf04217a6e47f43d5ea4
3,10.1002/jwmg.22347,JOURNAL OF WILDLIFE MANAGEMENT,2022,1,1,1,1,Wetland occupancy by duck broods in cropland-dominated landscapes of the United States Prairie Pothole Region,"Mitchell, Blake J.; Terry, Catrina V.; Ringelman, Kevin M.; Kemink, Kaylan M.; Anteau, Michael J.; Janke, Adam K.",NA,NA,NA,8aa896202356b095a16c0314a00afb5a
4,10.1002/jwmg.22303,JOURNAL OF WILDLIFE MANAGEMENT,2022,1,1,1,1,"Modeling habitat use and potential distribution of kit fox in the Trans-Pecos, Texas","Hewitt, Matthew O.; Karelus, Dana L.; Harveson, Louis A.; Martin, Russell L.; Harveson, Patricia Moody",86,NA,NA,c9e26e62ed9285f7ed2e1722cc7b5846
5,10.1002/jwmg.21787,JOURNAL OF WILDLIFE MANAGEMENT,2020,1,1,1,1,The Sustainability of Wolverine Trapping Mortality in Southern Canada,"Mowat, Garth; Clevenger, Anthony P.; Kortello, Andrea D.; Hausleitner, Doris; Barrueto, Mirjam; Smit, Laura; Lamb, Clayton; Dorsey, Benjamin; Ott, Peter K.",84,213,226,af1de2104e45bc25f4d8f3c4efd8503e
6,10.1002/jwmg.21890,JOURNAL OF WILDLIFE MANAGEMENT,2020,1,1,1,1,Using Biophysical Models to Improve Survey Efficiency for Cryptic Ectotherms,"Saleeba, Kate; Phillips, Ben L.; O'Shea, Megan; Kearney, Michael R.",84,1185,1195,a93787b0c102c4b52c3ec14b9cfd3763
7,10.1002/jwmg.21383,JOURNAL OF WILDLIFE MANAGEMENT,2018,1,1,1,1,Endemic Diseases Affect Population Dynamics of Tree Squirrels in Contrasting Landscapes,"Vander Haegen, W. Matthew; Orth, Gene R.; Johnston, Aaron N.; Linders, Mary J.",82,328,343,09f2b7315144b758c4b723942d6a1eab
8,10.1002/jwmg.21761,JOURNAL OF WILDLIFE MANAGEMENT,2019,1,1,1,1,A century of conservation: The ongoing recovery of svalbard reindeer,"Le Moullec, Mathilde; Pedersen, Ashild Onvik; Stien, Audun; Rosvold, Jorgen; Hansen, Brage Bremset",83,1676,1686,e80ec93a4d5baec5da2b3b1305a7b6b5
9,10.1002/jwmg.22290,JOURNAL OF WILDLIFE MANAGEMENT,2022,1,1,1,1,Robustness of fecal DNA spatial capture-recapture to clustered space-use by tule elk,"Batter, Thomas J.; Bush, Joshua P.; Sacks, Benjamin N.",86,NA,NA,53f7f027c644d380db2b0c58e991be6a
10,10.1002/jwmg.21399,JOURNAL OF WILDLIFE MANAGEMENT,2018,1,1,0,0,No flood effect on recruitment in a Louisiana black bear population,"Clark, Joseph D.; O'Connell-Goode, Kaitlin C.; Lowe, Carrie L.; Murphy, Sean M.; Maehr, Sutton C.; Davidson, Maria; Laufenberg, Jared S.",82,566,572,8c9cc75332305b1c2083126ae1cab554
11,10.1002/jwmg.21950,JOURNAL OF WILDLIFE MANAGEMENT,2021,1,1,1,1,"Estimating Abundance of an Unmarked, Low-Density Species using Cameras","Loonam, Kenneth E.; Ausband, David E.; Lukacs, Paul M.; Mitchell, Michael S.; Robinson, Hugh S.",85,87,96,4dfb53e27fedb09e20c916becfbb51b9
12,10.1002/jwmg.22104,JOURNAL OF WILDLIFE MANAGEMENT,2021,1,1,1,1,Estimates of Abundance and Harvest Rates of Female Black Bears Across a Large Spatial Extent,"Humm, Jacob; Clark, Joseph D.",85,1321,1331,0ddba78bc42aea550e8ff11c4e0efbcc
13,10.1002/jwmg.21566,JOURNAL OF WILDLIFE MANAGEMENT,2019,1,1,NA,0,Long-term griffon vulture population dynamics at Gamla Nature Reserve,"Choresh, Yael; Burg, David; Trop, Tamar; Izhaki, Ido; Malkinson, Dan",83,135,144,d812e52d57310cd7b348d8066cf9e2cb
14,10.1002/jwmg.22200,JOURNAL OF WILDLIFE MANAGEMENT,2022,1,1,1,1,A noninvasive and integrative approach for improving density and abundance estimates of moose,"Koitzsch, Ky B.; Anton, Colby B.; Koitzsch, Lisa O.; Tjepkes, Tessa L.; Schumann, Abby C.; Strasburg, Jared L.",86,NA,NA,f6c4fbc535cd754af1fbb3c5aebdc6d3
15,10.1002/jwmg.22052,JOURNAL OF WILDLIFE MANAGEMENT,2021,1,0,NA,0,Combining Occurrence and Habitat Suitability Data Improve Conservation Guidance for the Giant Kangaroo Rat,"Semerdjian, Alyssa E.; Butterfield, H. Scott; Stafford, Robert; Westphal, Michael F.; Bean, William T.",85,855,867,ddb0650c918017e2dc361036830d4d21
16,10.1002/jwmg.21345,JOURNAL OF WILDLIFE MANAGEMENT,2018,1,1,0,0,Estimation of Ophidiomyces prevalence to evaluate snake fungal disease risk,"Hileman, Eric T.; Allender, Matthew C.; Bradke, Danielle R.; Faust, Lisa J.; Moore, Jennifer A.; Ravesi, Michael J.; Tetzlaff, Sasha J.",82,173,181,368ef0ef0477b21ef9980986e8323b63
17,10.1002/jwmg.21526,JOURNAL OF WILDLIFE MANAGEMENT,2018,1,1,1,1,"A Multi-State, Time-Removal Model for Population Dynamics of Cliff-Nesting Raptors","Mizel, Jeremy D.; Mcintyre, Carol L.; Lewis, Stephen B.; Lindberg, Mark S.; Schmidt, Joshua H.",82,1701,1710,d8be12f9d192919c6d57f12271e2879f
18,10.1002/jwmg.21860,JOURNAL OF WILDLIFE MANAGEMENT,2020,1,1,1,1,Evidence for Depressed Reproduction of Golden Eagles in Washington,"Watson, James W.; Hayes, Gerald E.; Keren, Ilai N.; Owens, Thomas E.",84,1002,1011,88d64323c374636188a4a0ce2adfc3de
19,10.1002/jwmg.21805,JOURNAL OF WILDLIFE MANAGEMENT,2020,1,1,1,1,Using Distance Sampling-Based Integrated Population Models to Identify Key Demographic Parameters,"Schmidt, Joshua H.; Robison, Hillary L.",84,372,381,e682d42855199b617238a7b3205088c1
20,10.1002/jwmg.21549,JOURNAL OF WILDLIFE MANAGEMENT,2018,1,1,0,0,Evaluating Conservation Effectiveness in a Tanzanian Community Wildlife Management Area,"Lee, Derek E.",82,1767,1774,22c02dbb05b0e3233181f94ef5084f61
21,10.1002/jwmg.22209,JOURNAL OF WILDLIFE MANAGEMENT,2022,1,1,0,0,Quail and rain in semiarid rangelands: Does management matter?,"Ritzell, Alec D.; Hernandez, Fidel; Edwards, John T.; Montalvo, Andrea; Wester, David B.; Grahmann, Eric D.; Rollins, Dale; Stewart, Kristyn G.; Smith, Rachel A.; Woodard, D. Abraham; Brennan, Leonard A.",86,NA,NA,18c30c17bf55b0a3ca9d38f7ed9dcd3a
22,10.1002/jwmg.21744,JOURNAL OF WILDLIFE MANAGEMENT,2019,1,1,1,1,Factors Associated with black bear density and implications for management,"Welfelt, Lindsay S.; Beausoleil, Richard A.; Wielgus, Robert B.",83,1527,1539,bc98519f0349a47431014430d10f6794
23,10.1002/jwmg.21970,JOURNAL OF WILDLIFE MANAGEMENT,2021,1,1,1,1,Addressing Temporal Variability in Bird Calling with Design and Estimation: A Northern Bobwhite Example,"Yeiser, John M.; Howell, Paige E.; Wann, Gregory T.; Martin, James A.",85,41,49,d080dfe47a8438dfb74f40c046b3e48b
24,10.1002/jwmg.22170,JOURNAL OF WILDLIFE MANAGEMENT,2022,1,1,1,1,Woodland restoration and forest structure affect nightjar abundance in the Ozark Highlands,"Thompson, Frank R., III; Roach, Melissa C.; Bonnot, Thomas W.",86,NA,NA,b2634bf36813600fbab7ed0790b9f901
25,10.1002/jwmg.22114,JOURNAL OF WILDLIFE MANAGEMENT,2021,1,0,NA,0,Low Rates of PIT-Tag Loss in an Insectivorous Bat Species,"van Harten, Emmi; Lentini, Pia E.; Eastick, Danielle L.; Bender, Robert; Lumsden, Lindy F.; Visintin, Casey; Griffiths, Stephen R.",85,1739,1743,b07ba2b0c1aaf7f4ee0aa232e8288763
26,10.1002/jwmg.22205,JOURNAL OF WILDLIFE MANAGEMENT,2022,1,1,1,1,Secretive marsh bird habitat relationships at mid-continent spring migration stopover sites,"Webb, Elisabeth B.; Hill, Evan B.; Malone, Kristen M.; Mengel, Doreen C.",86,NA,NA,0cad6eb1526371f88c12303b375505f5
27,10.1002/jwmg.21540,JOURNAL OF WILDLIFE MANAGEMENT,2018,1,1,0,0,Dual-Frame Lek Surveys for Estimating Greater Sage-Grouse Populations,"Shyvers, Jessica E.; Walker, Brett L.; Noon, Barry R.",82,1689,1700,d7b467529fb63076d643c0c59761568d
28,10.1002/jwmg.22338,JOURNAL OF WILDLIFE MANAGEMENT,2022,1,1,1,1,Accounting for spatial heterogeneity in visual obstruction in line-transect distance sampling of gopher tortoises,"Gaya, Heather E.; Smith, Lora L.; Moore, Clinton T.",NA,NA,NA,12413c5f02709134c2666f3070d76ace
29,10.1002/jwmg.22103,JOURNAL OF WILDLIFE MANAGEMENT,2021,1,0,NA,0,Long-Term Effects of Black-Tailed Prairie Dogs on Livestock Grazing Distribution and Mass Gain,"Augustine, David J.; Derner, Justin D.",85,1332,1343,d87bba9c5588d5c402224ff9c9655066
30,10.1002/jwmg.21846,JOURNAL OF WILDLIFE MANAGEMENT,2020,1,1,1,1,Will Lynx Lose Their Edge? Canada Lynx Occupancy in Washington,"King, Travis W.; Vynne, Carly; Miller, David; Fisher, Scott; Fitkin, Scott; Rohrer, John; Ransom, Jason I.; Thornton, Daniel",84,705,725,bd0835e38d6bb32820825e025d0aaf58
31,10.1002/jwmg.21453,JOURNAL OF WILDLIFE MANAGEMENT,2018,1,0,NA,0,Habitat suitability modeling in different sperm whale social groups,"Pace, Daniela Silvia; Arcangeli, Antonella; Mussi, Barbara; Vivaldi, Carlotta; Ledon, Cristina; Lagorio, Serena; Giacomini, Giancarlo; Pavan, Gianni; Ardizzone, Giandomenico",82,1062,1073,47712f37be41ff0be5ac3b094e066767
32,10.1002/jwmg.22207,JOURNAL OF WILDLIFE MANAGEMENT,2022,1,0,NA,0,Methodology matters when estimating deer abundance: a global systematic review and recommendations for improvements,"Forsyth, David M.; Comte, Sebastien; Davis, Naomi E.; Bengsen, Andrew J.; Cote, Steeve D.; Hewitt, David G.; Morellet, Nicolas; Mysterud, Atle",86,NA,NA,922a3ca333421960d6698768ef1a8c3d
33,10.1002/jwmg.21347,JOURNAL OF WILDLIFE MANAGEMENT,2018,1,1,1,1,Ruffed grouse population declines after introduction of West Nile virus,"Stauffer, Glenn E.; Miller, David A. W.; Williams, Lisa M.; Brown, Justin",82,165,172,ae453689025207ba69418dd7d4ce1069
34,10.1002/jwmg.22033,JOURNAL OF WILDLIFE MANAGEMENT,2021,1,1,1,1,Fire Management Effects on Long-Term Gopher Tortoise Population Dynamics,"Hunter, Elizabeth A.; Rostal, David C.",85,654,664,00424d1851d9f01b2500e6bb5954119c
35,10.1002/jwmg.22054,JOURNAL OF WILDLIFE MANAGEMENT,2021,1,1,1,1,Enigmatic Near-Extirpation in a Boreal Toad Metapopulation in Northwestern Montana,"McCaffery, Rebecca; Russell, Robin E.; Hossack, Blake R.",85,953,963,cace611ae117ae24cd1674762fab9eea
36,10.1002/jwmg.22045,JOURNAL OF WILDLIFE MANAGEMENT,2021,1,1,1,1,Breeding Habitat Associations of Eastern Whip-Poor-Wills in Managed Forests,"Spiller, Kimberly J.; King, David L.",85,1009,1016,895f0330e5208736a0a839e8cd79e987
37,10.1002/jwmg.22345,JOURNAL OF WILDLIFE MANAGEMENT,2022,1,0,NA,0,"A sampling strategy for habitat selection, mapping, and abundance estimation of deer by pellet counts","Franceschi, Sara; Bongi, Paolo; Del Frate, Marco; Fattorini, Lorenzo; Apollonio, Marco",NA,NA,NA,c0c030ed6951968ed06a35654e67b4b7
38,10.1002/jwmg.21654,JOURNAL OF WILDLIFE MANAGEMENT,2019,1,1,1,1,Artificial water catchments influence wildlife distribution in the Mojave Desert,"Rich, Lindsey N.; Beissinger, Steven R.; Brashares, Justin S.; Furnas, Brett J.",83,855,865,4d1cad9a6f2db14a00e7f597497d8f08
39,10.1002/jwmg.21991,JOURNAL OF WILDLIFE MANAGEMENT,2021,1,0,NA,0,Aural and Visual Detection of Greater Sage-Grouse Leks: Implications for Population Trend Estimates,"Riley, Ian P.; Conway, Courtney J.; Stevens, Bryan S.; Roberts, Shane B.",85,508,519,3ba5237424a87a54797ac6b01d4d94f0
40,10.1002/jwmg.21934,JOURNAL OF WILDLIFE MANAGEMENT,2020,1,0,NA,0,Interchange and Overlap Among Four Adjacent Arctic Caribou Herds,"Prichard, Alexander K.; Parrett, Lincoln S.; Lenart, Elizabeth A.; Caikoski, Jason R.; Joly, Kyle; Person, Brian T.",84,1500,1514,9870162c5e4ef5892f5b23c99fdf2023
41,10.1002/jwmg.21949,JOURNAL OF WILDLIFE MANAGEMENT,2020,1,1,1,1,Red Fox Use of Landscapes with Nesting Shorebirds,"Stantial, Michelle L.; Cohen, Jonathan B.; Darrah, Abigail J.; Farrell, Shannon; Maslo, Brooke",84,1536,1547,1376b4487bd26bf72791cdb45ac816dc
42,10.1002/jwmg.21545,JOURNAL OF WILDLIFE MANAGEMENT,2018,1,1,1,1,Incorporating Detection Probability to Estimate Pheasant Density,"Williamson, Lacey T.; Walter, W. David; Klinger, Scott R.; Diefenbach, Duane R.",82,1680,1688,868893bc5edd41482961afd722998869
43,10.1002/jwmg.21966,JOURNAL OF WILDLIFE MANAGEMENT,2021,1,1,0,0,Implications from Monitoring Gopher Tortoises at Two Spatial Scales,"Goessling, Jeffrey M.; Stober, Jonathan M.; Gyengo, Sybil G.; Hermann, Sharon M.; Tuberville, Tracey D.; Guyer, Craig",85,135,144,78da3c75e7a8190972e3fcf30ab402b3
44,10.1002/jwmg.21745,JOURNAL OF WILDLIFE MANAGEMENT,2019,1,1,1,1,River otter and mink occupancy dynamics in riparian systems,"Holland, Angela M.; Schauber, Eric M.; Nielsen, Clayton K.; Hellgren, Eric C.",83,1552,1564,8625b28dc6e093341b9a2634b86191c8
45,10.1002/jwmg.21541,JOURNAL OF WILDLIFE MANAGEMENT,2018,1,1,1,1,Hierarchical Mark-Recapture Distance Sampling to Estimate Moose Abundance,"Oyster, Jared H.; Keren, Ilai N.; Hansen, Sara J. K.; Harris, Richard B.",82,1668,1679,86ab95c43b6e57bbb32b87160855aa1c
46,10.1002/jwmg.21775,JOURNAL OF WILDLIFE MANAGEMENT,2020,1,1,1,1,Occupancy Patterns of Breeding American Black Ducks,"Roberts, Anthony J.; Royle, J. Andrew; Padding, Paul, I; Devers, Patrick K.; Lepage, Christine; Bordage, Daniel",84,150,160,408a1380312536fc046bec262ea6bf88
47,10.1002/jwmg.21686,JOURNAL OF WILDLIFE MANAGEMENT,2019,1,1,1,1,Sheoak woodlands: a newly identified habitat for western ringtail possums,"Bader, Jordan C.; Van Helden, Bronte E.; Close, Paul G.; Speldewinde, Peter C.; Comer, Sarah J.",83,1254,1260,b8aa896aa17ac5c23126c4e21b2033dc
48,10.1002/jwmg.22175,JOURNAL OF WILDLIFE MANAGEMENT,2022,1,0,NA,0,Effects of willow nutrition and morphology on calving success of moose,"Hayes, Forest P.; Millspaugh, Joshua J.; Bergman, Eric J.; Callaway, Ragan M.; Bishop, Chad J.",86,NA,NA,ece367de8150b0ad1f66354bf3e2f1f3
49,10.1002/jwmg.21977,JOURNAL OF WILDLIFE MANAGEMENT,2021,1,0,NA,0,Estimating the Audibility of Industrial Noise to Denning Polar Bears,"Owen, Megan A.; Pagano, Anthony M.; Wisdom, Sheyna S.; Kirschhoffer, Bj; Bowles, Ann E.; O'Neill, Caitlin",85,384,396,283a196af8fae7f3a283a55b8e3edb02
50,10.1002/jwmg.21556,JOURNAL OF WILDLIFE MANAGEMENT,2019,1,1,0,0,"Occupancy, habitat, and abundance of the Sacramento Valley red fox","Black, Kathleen M.; Preckler-Quisquater, Sophie; Batter, Tom J.; Anderson, Stacy; Sacks, Benjamin N.",83,158,166,9213bde82f3af42ea2a0ecfc996b3ffa
51,10.1002/jwmg.22060,JOURNAL OF WILDLIFE MANAGEMENT,2021,1,1,1,1,Seasonal Shifts in Nocturnal Habitat Use by Coastal Bat Species,"Shute, Kyle E.; Loeb, Susan C.; Jachowski, David S.",85,964,978,f85775133538571d2a5978f7f2d8005d
52,10.1002/jwmg.22021,JOURNAL OF WILDLIFE MANAGEMENT,2021,1,0,NA,0,Integrating Distance Sampling and Minimum Count Data: A Reply to Becker and Herreman,"Schmidt, Joshua H.; Reynolds, Joel H.; White, Kevin S.; Schertz, Dylan T.; Morton, John M.; Kim, H. Sharon",85,411,417,b11e5332b7e663903fb8af8584c82d34
53,10.1002/jwmg.21641,JOURNAL OF WILDLIFE MANAGEMENT,2019,1,1,0,0,Abundance and ecological associations of small mammals,"Weldy, Matthew J.; Epps, Clinton W.; Lesmeister, Damon B.; Manning, Tom; Linnell, Mark A.; Forsman, Eric D.",83,902,915,fc4d054d4dd24b7133dd472c7dcb1728
54,10.1002/jwmg.22282,JOURNAL OF WILDLIFE MANAGEMENT,2022,1,1,1,1,Short-term responses of riparian salamander populations to wildfire in the Southern Appalachians,"Gould, Philip R.; Gade, Meaghan R.; Wilk, Andrew J.; Peterman, William E.",86,NA,NA,a18cd0b828e898021722289590542bf5
55,10.1002/jwmg.21835,JOURNAL OF WILDLIFE MANAGEMENT,2020,1,1,0,0,Co-Occurrence and Occupancy of Mourning Doves and Eurasian Collared-Doves,"Green, Adam W.; Sofaer, Helen R.; Otis, David L.; van Lanen, Nicholas J.",84,775,785,f25272b89e829ca06e246d03e959a2a6
56,10.1002/jwmg.22255,JOURNAL OF WILDLIFE MANAGEMENT,2022,1,0,NA,0,The scavenger spyglass: how recruiting hunters to watch carrion boosts wildlife research,"McTee, Michael; Stone, Katharine",86,NA,NA,29a1fb2339d29f2db02159a749fa750d
57,10.1002/jwmg.22044,JOURNAL OF WILDLIFE MANAGEMENT,2021,1,1,0,0,Socially Defined Subpopulations Reveal Demographic Variation in a Giraffe Metapopulation,"Bond, Monica L.; Koenig, Barbara; Ozgul, Arpat; Farine, Damien R.; Lee, Derek E.",85,920,931,473aa1a322a4633fdb01ed465d06d5f8
58,10.1002/jwmg.22296,JOURNAL OF WILDLIFE MANAGEMENT,2022,1,1,1,1,Improved predictions and forecasts of chronic wasting disease occurrence using multiple mechanism dynamic occupancy modeling,"Cook, Jonathan D.; Williams, David M.; Porter, William F.; Christensen, Sonja A.",86,NA,NA,531f6d4166ea6284b8072babfc6e4d70
59,10.1002/jwmg.21616,JOURNAL OF WILDLIFE MANAGEMENT,2019,1,1,1,1,Stable pack abundance and distribution in a harvested wolf population,"Bassing, Sarah B.; Ausband, David E.; Mitchell, Michael S.; Lukacs, Paul; Keever, Allison; Hale, Greg; Waits, Lisette",83,577,590,9e26b2731091bae814864bd2a571945d
60,10.1002/jwmg.21840,JOURNAL OF WILDLIFE MANAGEMENT,2020,1,1,1,1,Species-Habitat Relationships and Priority Areas for Marsh-Breeding Birds in Ontario,"Tozer, Douglas C.; Stewart, Rebecca L. M.; Steele, Owen; Gloutney, Mark",84,786,801,ad5327e4762db7a5e8341a28c65a1489
61,10.1002/jwmg.21507,JOURNAL OF WILDLIFE MANAGEMENT,2018,1,1,1,1,Integrated modeling to estimate population size and composition of mule deer,"Furnas, Brett J.; Landers, Russ H.; Hill, Scott; Itoga, Stuart S.; Sacks, Benjamin N.",82,1429,1441,882378c0567dafb2e2e73ffdb2e87c95
62,10.1002/jwmg.22181,JOURNAL OF WILDLIFE MANAGEMENT,2022,1,0,NA,0,Effects of helicopter net-gunning on survival of bighorn sheep,"Wagler, Brittany L.; Smiley, Rachel A.; Courtemanch, Alyson B.; Anderson, Gregory; Lutz, Daryl; McWhirter, Doug; Brimeyer, Doug; Hnilicka, Patrick; Massing, Cody P.; German, David W.; Stephenson, Thomas R.; Monteith, Kevin L.",86,NA,NA,6cb920ede851d04624d0865ccd278f01
63,10.1002/jwmg.21621,JOURNAL OF WILDLIFE MANAGEMENT,2019,1,1,1,1,Time-for-space substitution in N-mixture modeling and population monitoring,"Costa, Andrea; Oneto, Fabrizio; Salvidio, Sebastiano",83,737,741,e47dfcc4ddeb7d688660fc4e2be1ed60
64,10.1002/jwmg.21655,JOURNAL OF WILDLIFE MANAGEMENT,2019,1,1,0,0,Northern Bobwhite Chick Survival and Effects of Weather,"Terhune, Theron M., II; Palmer, William E.; Wellendorf, Shane D.",83,963,974,03825732d3755915c8c6ba7c43242852
65,10.1002/jwmg.21457,JOURNAL OF WILDLIFE MANAGEMENT,2018,1,1,0,0,Eastern massasauga demography and extinction risk under prescribed-fire scenarios,"Hileman, Eric T.; King, Richard B.; Faust, Lisa J.",82,977,990,7e6ec467a070d24448fe6e98a2f16b66
66,10.1002/jwmg.22123,JOURNAL OF WILDLIFE MANAGEMENT,2021,1,1,0,0,Giant Anteater Population Density Estimation and Viability Analysis Through Motion-Sensitive Camera Records,"Bertassoni, Alessandra; Bianchi, Rita de cassia; Desbiez, Arnaud Leonard Jean",85,1554,1562,228dfa1b70741b73753acb127886a828
67,10.1002/jwmg.21998,JOURNAL OF WILDLIFE MANAGEMENT,2021,1,1,1,1,Waif Gopher Tortoise Survival and Site Fidelity Following Translocation,"McKee, Rebecca K.; Buhlmann, Kurt A.; Moore, Clinton T.; Hepinstall-Cymerman, Jeffrey; Tuberville, Tracey D.",85,640,653,7550cdc9834d9065862c007a67d7c15e
68,10.1002/jwmg.22294,JOURNAL OF WILDLIFE MANAGEMENT,2022,1,1,1,1,Noninvasive genetic sampling with a spatial capture-recapture analysis to estimate abundance of Roosevelt elk,"Henk, Makenzie; Hilson, Carrington; Bean, William T.; Barton, Daniel C.; Gunther, Micaela Szykman",86,NA,NA,7869f2fb61e88e4c94ae390378e51f82
69,10.1002/jwmg.21398,JOURNAL OF WILDLIFE MANAGEMENT,2018,1,0,NA,0,Tree cavity occupancy by nesting vertebrates across cavity age,"Edworthy, Amanda B.; Trzcinski, M. Kurtis; Cockle, Kristina L.; Wiebe, Karen L.; Martin, Kathy",82,639,648,4816a3221fda6cfe0d62e4e3540aaf25
70,10.1002/jwmg.21635,JOURNAL OF WILDLIFE MANAGEMENT,2019,1,1,0,0,Grazing and wildfire effects on small mammals inhabiting montane meadows,"Horncastle, Valerie J.; Chambers, Carol L.; Dickson, Brett G.",83,534,543,2c6ffb8c9d54fad2ff35c2b9271e1ad6
71,10.1002/jwmg.21675,JOURNAL OF WILDLIFE MANAGEMENT,2019,1,1,1,1,"Estimating abundances, densities, and interspecific associations in a carnivore community","Forsyth, David M.; Ramsey, David S. L.; Woodford, Luke P.",83,1090,1102,5ef51d6c236a9f66bc6d90cb0d21bdcf
72,10.1002/jwmg.22307,JOURNAL OF WILDLIFE MANAGEMENT,2022,1,1,1,1,Estimating roe deer density using motion-sensitive cameras in Switzerland,"Hinojo, Amael; Christe, Philippe; Moreno, Ines; Hofmeister, Robin J.; Dandliker, Gottlieb; Zimmermann, Fridolin",86,NA,NA,99fd0d5f74a6298fdf3a17b2a9dc1bc6
73,10.1002/jwmg.21389,JOURNAL OF WILDLIFE MANAGEMENT,2018,1,1,1,1,Post-Breeding Migration and Connectivity of Red Knots in the Western Atlantic,"Lyons, James E.; Winn, Bradford; Keyes, Timothy; Kalasz, Kevin S.",82,383,396,1eebddf45065ca7a69e31c015c32d160
74,10.1002/jwmg.21620,JOURNAL OF WILDLIFE MANAGEMENT,2019,1,1,1,1,The black brant population is declining based on mark recapture,"Sedinger, James S.; Riecke, Thomas V.; Leach, Alan G.; Ward, David H.",83,627,637,a43eaa82ef3e140ae1870cf7a5ee20b8
75,10.1002/jwmg.21978,JOURNAL OF WILDLIFE MANAGEMENT,2021,1,0,NA,0,"Integrating Genetic Data and Demographic Modeling to Facilitate Conservation of Small, Isolated Mountain Goat Populations","White, Kevin S.; Levi, Taal; Breen, Jessica; Britt, Meghan; Merondun, Justin; Martchenko, Daria; Shakeri, Yasaman N.; Porter, Boyd; Shafer, Aaron B. A.",85,271,282,c2316ea826f45bf0f32d6f8034ac324f
76,10.1002/jwmg.21784,JOURNAL OF WILDLIFE MANAGEMENT,2020,1,0,NA,0,Barred Owl Effects on Spotted Owl Resource Selection: A Meta-Analysis,"Irwin, Larry L.; Rock, Dennis F.; Rock, Suzanne C.; Heyerly, Amanda K.; Clark, Laurie A.",84,96,117,cd54f45326ac2d96fb3fe17dce5361fc
77,10.1002/jwmg.22252,JOURNAL OF WILDLIFE MANAGEMENT,2022,1,1,1,1,Using helicopter counts to estimate the abundance of Himalayan tahr in New Zealand's Southern Alps,"Ramsey, David S. L.; Forsyth, David M.; Perry, Mike; Thomas, Pete; McKay, Meredith; Wright, Elaine F.",86,NA,NA,86996b00b52d423dea5eae252f62af6a
78,10.1002/jwmg.21492,JOURNAL OF WILDLIFE MANAGEMENT,2018,1,1,1,1,Land-use change structures carnivore communities in remaining tallgrass prairie,"Wait, Kyle R.; Ricketts, Andrew M.; Ahlers, Adam A.",82,1491,1502,34ee9be7c29c1a3d95ed27ea10461600
79,10.1002/jwmg.22199,JOURNAL OF WILDLIFE MANAGEMENT,2022,1,1,1,1,Influence of landscape and vegetation characteristics on herpetofaunal assemblages in Gulf Coastal Plain pine forests,"Royal, Ethan J.; Greene, Daniel U.; Miller, Darren A.; Willson, John D.",86,NA,NA,f20d9ca8fc4a0800e29f601ff5ac3dd8
80,10.1002/jwmg.22203,JOURNAL OF WILDLIFE MANAGEMENT,2022,1,0,NA,0,"Estimating elephant density using motion-sensitive cameras: challenges, opportunities, and parameters for consideration","Morrison, Jacqueline; Omengo, Fred; Jones, Martin; Symeonakis, Elias; Walker, Susan L.; Cain, Bradley",86,NA,NA,93ecb902d5843545cf1283f0087e6e56
81,10.1002/jwmg.22280,JOURNAL OF WILDLIFE MANAGEMENT,2022,1,1,1,1,Influence of landscape attributes on Virginia opossum density,"Bernasconi, David A.; Dixon, Wesley C.; Hamilton, Matthew T.; Helton, James L.; Chipman, Richard B.; Gilbert, Amy T.; Beasley, James C.; Rhodes, Olin E., Jr.; Dharmarajan, Guha",86,NA,NA,4cfc612c50d3e715969051835981ceaa
82,10.1002/jwmg.21849,JOURNAL OF WILDLIFE MANAGEMENT,2020,1,1,1,1,Overabundance of Black-Tailed Deer in Urbanized Coastal California,"Furnas, Brett J.; Landers, Russ H.; Paiste, Rhonda G.; Sacks, Benjamin N.",84,979,988,fd70c9c0cca2198e3acfab8a47ad8a60
83,10.1002/jwmg.22057,JOURNAL OF WILDLIFE MANAGEMENT,2021,1,1,1,1,The Effects of Landscape Characteristics on Northern Bobwhite Density,"Howell, Paige E.; Wilhite, Nathan G.; Gardner, Rachel; Mohlman, Jessica L.; Chandler, Richard B.; Parnell, Ira B.; Martin, James A.",85,1001,1008,0f2743abdff6761ab772fd68333436d6
84,10.1002/jwmg.21968,JOURNAL OF WILDLIFE MANAGEMENT,2021,1,0,NA,0,A Pragmatic Approach for Determining Otter Distribution from Disparate Occurrence Records,"Powers, Kelly M.; Petracca, Lisanne S.; Macduff, Andrew J.; Frair, Jacqueline L.",85,63,72,c66e17f8232f8c61853a470d4c90c2c4
85,10.1002/jwmg.22310,JOURNAL OF WILDLIFE MANAGEMENT,2022,1,0,NA,0,Survival of Columbian sharp-tailed grouse chicks and juveniles in northwestern Colorado,"Barker, Rachel E.; Apa, Anthony D.; Lutz, R. Scott",86,NA,NA,7a6fed47512c82e1adcf2b5a5d65de1d
86,10.1002/jwmg.22350,JOURNAL OF WILDLIFE MANAGEMENT,2022,1,1,0,0,Comparing fecal DNA capture-recapture to mark-resight for estimating abundance of mule deer on winter ranges,"Stewart, Andi M.; Conner, Mary M.; McKeever, Jane S.; Ellsworth, Alisa; Crowhurst, Rachel S.; Epps, Clinton W.; Stephenson, Thomas R.",NA,NA,NA,96640e645318745e7cc273a069a04571
87,10.1002/jwmg.21585,JOURNAL OF WILDLIFE MANAGEMENT,2019,1,1,1,1,Effects of prescribed fire on San Francisco gartersnake survival and movement,"Halstead, Brian J.; Thompson, Michelle E.; Amarello, Melissa; Smith, Jeffrey J.; Wylie, Glenn D.; Routman, Eric J.; Casazza, Michael L.",83,231,240,76560bdf66206aa79ffff16927fc3c1d
88,10.1002/jwmg.21981,JOURNAL OF WILDLIFE MANAGEMENT,2021,1,1,1,1,Monitoring the Abundance of Wild and Reintroduced Bilby Populations,"Dziminski, Martin A.; Carpenter, Fiona M.; Morris, Frank",85,240,253,58714c3ae5ca0d83e0619f4d9787ee72
89,10.1002/jwmg.22043,JOURNAL OF WILDLIFE MANAGEMENT,2021,1,1,1,1,"Mule Deer Migrations and Highway Underpass Usage in California, USA","Caldwell, Molly R.; Klip, J. Mario K.",85,880,886,7412dea04ea431e631c6ac2c759554c9
90,10.1002/jwmg.21439,JOURNAL OF WILDLIFE MANAGEMENT,2018,1,1,1,1,"Distribution and occupancy of wolverines on tundra, northwestern Alaska","Poley, Lucy G.; Magoun, Audrey J.; Robards, Martin D.; Klimstra, Ryan L.",82,991,1002,4d856eec3ce30bef5186b87c5a303928
91,10.1002/jwmg.22185,JOURNAL OF WILDLIFE MANAGEMENT,2022,1,1,1,1,Integrating distance sampling survey data with population indices to separate trends in abundance and temporary immigration,"Schmidt, Joshua H.; Wilson, Tammy L.; Thompson, William L.; Mangipane, Buck A.",86,NA,NA,a33642d9cd163bcc28d323894188a0f9
92,10.1002/jwmg.21632,JOURNAL OF WILDLIFE MANAGEMENT,2019,1,1,1,1,Activity center selection by northern spotted owls,"Sovern, Stan G.; Lesmeister, Damon B.; Dugger, Katie M.; Pruett, M. Shane; Davis, Raymond J.; Jenkins, Julianna M.",83,714,727,753716a7ee718fc541b83f467bdf90d1
93,10.1002/jwmg.22150,JOURNAL OF WILDLIFE MANAGEMENT,2022,1,1,1,1,Spatio-temporal occurrence and sensitivity to livestock husbandry of Pallas's cat in the Mongolian Altai,"Greco, Ilaria; Oberosler, Valentina; Monti, Ibra Edoardo; Augugliaro, Claudio; Barashkova, Anna; Rovero, Francesco",86,NA,NA,5b600d014212f1a4fbebdb932e72af49
94,10.1002/jwmg.22122,JOURNAL OF WILDLIFE MANAGEMENT,2021,1,1,0,0,Estimating Population Growth and Recruitment Rates Across the Range of American Common Eiders,"Giroux, Jean-Francois; Patenaude-Monette, Martin; Gilliland, Scott G.; Milton, G. Randy; Parsons, Glen J.; Gloutney, Mark L.; Mehl, Katherine R.; Allen, R. Bradford; McAuley, Daniel G.; Reed, Eric T.; McLellan, Nic R.",85,1646,1655,ecc8356f79e17ed71281b73b8bdf0686
95,10.1002/jwmg.22025,JOURNAL OF WILDLIFE MANAGEMENT,2021,1,1,0,0,Nasal Discs and the Vital Rates of Lesser Scaup,"Deane, Cody E.; Rotella, Jay J.; Warren, Jeffrey M.; Garrott, Robert A.; Koons, David N.",85,723,739,8b3b1f72e0110836a6c14f8c66f22cd8
96,10.1002/jwmg.21869,JOURNAL OF WILDLIFE MANAGEMENT,2020,1,1,0,0,Rabies Management Implications Based on Raccoon Population Density Indexes,"Slate, Dennis; Saidy, Brandi D.; Simmons, Ashlee; Nelson, Kathleen M.; Davis, Amy; Algeo, Timothy P.; Elmore, Stacey A.; Chipman, Richard B.",84,877,890,76e3e80fba66a3e870084369c7309fb6
97,10.1002/jwmg.21506,JOURNAL OF WILDLIFE MANAGEMENT,2018,1,1,1,1,Ecological factors associated with site occupancy of an endemic chipmunk,"Perkins-Taylor, Ian E.; Frey, Jennifer K.",82,1466,1477,de29b5faaa9c59e1d3e6eb453b085572
98,10.1002/jwmg.21967,JOURNAL OF WILDLIFE MANAGEMENT,2021,1,1,1,1,"Estimating Coyote Densities with Local, Discrete Bayesian Capture-Recapture Models","Woodruff, Susannah P.; Eacker, Daniel R.; Waits, Lisette P.",85,73,86,cecbcb70480c0096a0bfd03e096b0524
99,10.1002/jwmg.21788,JOURNAL OF WILDLIFE MANAGEMENT,2020,1,1,1,1,Occupancy Patterns in a Reintroduced Fisher Population during Reestablishment,"Happe, Patricia J.; Jenkins, Kurt J.; Mccaffery, Rebecca M.; Lewis, Jeffrey C.; Pilgrim, Kristine L.; Schwartz, Michael K.",84,344,358,6912bd06d8c186deb9c751df41e7dfa4
100,10.1002/jwmg.21592,JOURNAL OF WILDLIFE MANAGEMENT,2019,1,0,NA,0,Territory occupancy by breeding yellow-billed loons near oil development,"Johnson, Charles B.; Wildman, Ann M.; Prichard, Alexander K.; Rea, Caryn L.",83,410,425,d6c8fe8500ec198a7a97b8f9a429b58a
101,10.1002/jwmg.21466,JOURNAL OF WILDLIFE MANAGEMENT,2018,1,1,1,1,"A spatially explicit, multi-scale occupancy model for large-scale population monitoring","Crosby, Andrew D.; Porter, William F.",82,1300,1310,265829058571ff62f620cd494c9d99fb
102,10.1002/jwmg.22298,JOURNAL OF WILDLIFE MANAGEMENT,2022,1,1,1,1,"Density, harvest rates, and growth of a reintroduced American black bear population","Alston, Joshua D.; Clark, Joseph D.; Gibbs, Daniel B.; Hast, John",86,NA,NA,e2479fcbbe99f673da16f469a3b411d2
103,10.1002/jwmg.21803,JOURNAL OF WILDLIFE MANAGEMENT,2020,1,1,1,1,Estimating Deer Populations Using Camera Traps and Natural Marks,"Macaulay, Luke T.; Sollmann, Rahel; Barrett, Reginald H.",84,301,310,be8eea7d958542585b99d2bba546bbd7
104,10.1002/jwmg.22188,JOURNAL OF WILDLIFE MANAGEMENT,2022,1,1,1,1,Cattle grazing in CRP grasslands during the nesting season: effects on avian abundance and diversity,"Wilson, Benjamin S.; Jensen, William E.; Houseman, Gregory R.; Jameson, Mary Liz; Reichenborn, Molly M.; Watson, D. Fraser; Morphew, Alex R.; Kjaer, Esben L.",86,NA,NA,f7b2d22a38b7da75ace0dc1281edb2ea
105,10.1002/jwmg.22233,JOURNAL OF WILDLIFE MANAGEMENT,2022,1,1,1,1,"Comparative detection, density, and reproductive performance of Kirtland's warbler in jack and red pine","Van Dyke, Fred; Harju, Seth; Hindy, Michael; Cannata, Natalie; Schmidt, Emily; Hillman, Erin; Sargent, Alyssa; Keas, Brian",86,NA,NA,38abda7ea9bb274d7bd9181a629ed67b
106,10.1002/jwmg.22059,JOURNAL OF WILDLIFE MANAGEMENT,2021,1,1,1,1,Stopover Ecology of Red Knots in Southwestern James Bay During Southbound Migration,"Macdonald, Amelia J.; Smith, Paul A.; Friis, Christian A.; Lyons, James E.; Aubry, Yves; Nol, Erica",85,932,944,aa0d06a7bdd8dad8b431ad155e25a7c6
107,10.1002/jwmg.22168,JOURNAL OF WILDLIFE MANAGEMENT,2022,1,1,0,0,Population decline in California spotted owls near their southern range boundary,"Tempel, Douglas J.; Kramer, H. Anu; Jones, Gavin M.; Gutierrez, R. J.; Sawyer, Sarah C.; Koltunov, Alexander; Slaton, Michele; Tanner, Richard; Hobart, Brendan K.; Peery, M. Zachariah",86,NA,NA,9849bf8ae3f681e8ba2084d10a1d41f4
108,10.1002/jwmg.21423,JOURNAL OF WILDLIFE MANAGEMENT,2018,1,0,NA,0,Managing Emerging Threats to Spotted Owls,"Wan, Ho Yi; Ganey, Joseph L.; Vojta, Christina D.; Cushman, Samuel A.",82,682,697,1ebd659453fb89000f58f92b6a13d008
109,10.1002/jwmg.21587,JOURNAL OF WILDLIFE MANAGEMENT,2019,1,1,1,1,Effects of scale and land cover on loggerhead shrike occupancy,"Froehly, Jennifer L.; Tegeler, Amy K.; Jachowski, Catherine M. Bodinof; Jachowski, David S.",83,426,434,0135928841da77121dd7a78a30ee8e39
110,10.1002/jwmg.22169,JOURNAL OF WILDLIFE MANAGEMENT,2022,1,1,1,1,Breeding expansion of sandhill cranes in Quebec,"Amat, Clara Casabona, I; Adde, Antoine; Mazerolle, Marc J.; Lepage, Christine; Darveau, Marcel",86,NA,NA,5e26fff77dbc289e2459da642179e535
111,10.1002/jwmg.21432,JOURNAL OF WILDLIFE MANAGEMENT,2018,1,1,1,1,Density of American black bears in New Mexico,"Gould, Matthew J.; Cain, James W., III; Roemer, Gary W.; Gould, William R.; Liley, Stewart G.",82,775,788,e77ac4d42774a56e5f7936ab883afe4a
112,10.1002/jwmg.21684,JOURNAL OF WILDLIFE MANAGEMENT,2019,1,1,1,1,Evaluating detection and occupancy probabilities of eastern spotted skunks,"Eng, Robin Y. Y.; Jachowski, David S.",83,1244,1253,ebd496dea78c3c4cc69aa191da4ddb53
113,10.1002/jwmg.22257,JOURNAL OF WILDLIFE MANAGEMENT,2022,1,1,0,0,Survival rates of two nesting aggregations of diamondback terrapins at neighboring sites in New York City,"Roe, Maria T.; Anadon, Jose D.; Burke, Russell L.",86,NA,NA,af55f05a2a71f9ce51d796767eff5609
114,10.1002/jwmg.22102,JOURNAL OF WILDLIFE MANAGEMENT,2021,1,0,NA,0,Landscape Genetics of American Beaver in Coastal Oregon,"Epps, Clinton W.; Petro, Vanessa M.; Creech, Tyler G.; Crowhurst, Rachel S.; Weldy, Matthew J.; Taylor, Jimmy D.",85,1462,1475,193b03fbd32e8441205690f9d8e927e5
115,10.1002/jwmg.21663,JOURNAL OF WILDLIFE MANAGEMENT,2019,1,0,NA,0,Managing for multiple species: greater sage-grouse and sagebrush songbirds,"Timmer, Jennifer M.; Aldridge, Cameron L.; Fernandez-Gimenez, Maria E.",83,1043,1056,eca4af7ec0675b148a633c731fe03f4d
116,10.1002/jwmg.21589,JOURNAL OF WILDLIFE MANAGEMENT,2019,1,1,1,1,Coastal Texas black rail population states and survey effort,"Tolliver, James D. M.; Moore, Amanda A.; Green, M. Clay; Weckerly, Floyd W.",83,312,324,ed804c0937fbfd4174cb3ad7ff5a80f0
117,10.1002/jwmg.22018,JOURNAL OF WILDLIFE MANAGEMENT,2021,1,0,NA,0,Comments on Integrating Distance Sampling and Minimum Count Data (Schmidt et al. 2019),"Becker, Earl F.; Herreman, Jason K.",85,407,410,b21b4e99222ea897e37f0e4607579ad2
118,10.1002/jwmg.22105,JOURNAL OF WILDLIFE MANAGEMENT,2021,1,1,1,1,Scaling Occupancy Estimates up to Abundance for Wolves,"Stauffer, Glenn E.; Roberts, Nathan M.; Macfarland, David M.; Van Deelen, Timothy R.",85,1410,1422,46a0d8a300bd498da05a0609165a9409
119,10.1002/jwmg.22158,JOURNAL OF WILDLIFE MANAGEMENT,2022,1,1,1,1,Estimating allowable take for an increasing bald eagle population in the United States,"Zimmerman, Guthrie S.; Millsap, Brian A.; Abadi, Fitsum; Gedir, Jay, V; Kendall, William L.; Sauer, John R.",86,NA,NA,83f3ababf591d7ce051f3f060560dd2d
120,10.1002/jwmg.21646,JOURNAL OF WILDLIFE MANAGEMENT,2019,1,0,NA,0,Urbanization and tick parasitism in birds of coastal southeastern Virginia,"Heller, Erin L.; Gaff, Holly D.; Brinkerhoff, R. Jory; Walters, Eric L.",83,975,984,204de25f43a3ce5b87226e2bd42ef4d5
121,10.1002/jwmg.21801,JOURNAL OF WILDLIFE MANAGEMENT,2020,1,1,1,1,Wildlife Interactions within Highway Underpasses,"Caldwell, Molly R.; Klip, J. Mario K.",84,227,236,50dece89a825f103e51c38d707e19991
122,10.1002/jwmg.22332,JOURNAL OF WILDLIFE MANAGEMENT,2022,NA,NA,NA,NA,Density surface and excursion sets modeling as an approach to estimating population densities,"Camp, Richard J.; Asing, Chauncey K.; Banko, Paul C.; Berry, Lainie; Brinck, Kevin W.; Farmer, Chris; Genz, Ayesha S.",NA,NA,NA,6da13a525a10e1dadbe8325f022d8e4b
123,10.1002/jwmg.21856,JOURNAL OF WILDLIFE MANAGEMENT,2020,NA,NA,NA,NA,"Wolverine Occupancy, Spatial Distribution, and Monitoring Design","Lukacs, Paul M.; Mack, Diane Evans; Inman, Robert; Gude, Justin A.; Ivan, Jacob S.; Lanka, Robert P.; Lewis, Jeffrey C.; Long, Robert A.; Sallabanks, Rex; Walker, Zack; Courville, Stacy; Jackson, Scott; Kahn, Rick; Schwartz, Michael K.; Torbit, Stephen C.; Waller, John S.; Carroll, Kathleen",84,841,851,199fa0c5d863f06632c090848e4b3dba
124,10.1002/jwmg.21559,JOURNAL OF WILDLIFE MANAGEMENT,2018,NA,NA,NA,NA,Effects of Early-Successional Shrubland Management on Breeding Wood Thrush Populations,"Schlossberg, Scott; King, David I.; DeStefano, Stephen; Hartley, Mitch",82,1572,1581,14dead669c6bcfa4e03e2272ad62eb37
125,10.1002/jwmg.21341,JOURNAL OF WILDLIFE MANAGEMENT,2018,NA,NA,NA,NA,Chronic wasting disease influences activity and behavior in white-tailed deer,"Edmunds, David R.; Albeke, Shannon E.; Grogan, Ronald G.; Lindzey, Frederick G.; Legg, David E.; Cook, Walter E.; Schumaker, Brant A.; Kreeger, Terry J.; Cornish, Todd E.",82,138,154,b4052ce71ad100a6e9ddc556490a324b
126,10.1002/jwmg.21730,JOURNAL OF WILDLIFE MANAGEMENT,2019,NA,NA,NA,NA,Effects of grassland management on overwintering bird communities,"Johnson, Amy E. M.; Sillett, T. Scott; Luther, David; Herrmann, Valentine; Akre, Thomas A.; McShea, William J.",83,1515,1526,7ad6fa277d5a3c0e6ff9db90bd441b28
127,10.1002/jwmg.21339,JOURNAL OF WILDLIFE MANAGEMENT,2018,NA,NA,NA,NA,Barred owl habitat selection in west coast forests,"Irwin, Larry L.; Rock, Dennis F.; Rock, Suzanne C.",82,202,216,5c39f70d4250beb25b0f3ba4be6a1bb4
128,10.1002/jwmg.22288,JOURNAL OF WILDLIFE MANAGEMENT,2022,NA,NA,NA,NA,Importance of flood irrigation for foraging colonial waterbirds,"Moulton, Colleen E.; Carlisle, Jay D.; Knetter, Sonya J.; Brenner, Kathryn; Cavallaro, Robert A.",86,NA,NA,df8faff0acd0b65515f25832bb665d9b
129,10.1002/jwmg.21715,JOURNAL OF WILDLIFE MANAGEMENT,2019,NA,NA,NA,NA,Review of the effects of barred owls on spotted owls,"Long, Linda L.; Wolfe, Jared D.",83,1281,1296,0e1c47c28a3b89de8e05d2091322b52a
130,10.1002/jwmg.21565,JOURNAL OF WILDLIFE MANAGEMENT,2019,NA,NA,NA,NA,Population-level effects of wind farms on a desert lizard,"Keehn, Jade E.; Shoemaker, Kevin T.; Feldman, Chris R.",83,145,157,c467417af8128988f9511249acd93425
131,10.1002/jwmg.21575,JOURNAL OF WILDLIFE MANAGEMENT,2019,NA,NA,NA,NA,Pre-emptive action as a measure for conserving nomadic species,"Stojanovic, Dejan; Cook, Henry C. L.; Sato, Chloe; Alves, Fernanda; Harris, Grant; McKernan, Andrew; Rayner, Laura; Webb, Matthew H.; Sutherland, William J.; Heinsohn, Robert",83,64,71,cf1110971cd53a1140c1bf9a288fafc5
132,10.1002/jwmg.21691,JOURNAL OF WILDLIFE MANAGEMENT,2019,NA,NA,NA,NA,Integrating distance sampling with minimum counts to improve monitoring,"Schmidt, Joshua H.; Reynolds, Joel H.; Rattenbury, Kumi L.; Phillips, Laura M.; White, Kevin S.; Schertz, Dylan; Morton, John M.; Kim, H. Sharon",83,1454,1465,dd05875a4d85cba70ef9e397a4f4d227
133,10.1002/jwmg.22141,JOURNAL OF WILDLIFE MANAGEMENT,2022,NA,NA,NA,NA,Are northern bobwhites an umbrella species for open-land birds in Ohio?,"Rosenblatt, Connor J.; Matthews, Stephen N.; Gates, Robert J.; Peterman, William E.; Shumar, Matthew B.",86,NA,NA,cfb14ebc1a014edce8291706679343e7
134,10.1002/jwmg.21793,JOURNAL OF WILDLIFE MANAGEMENT,2020,NA,NA,NA,NA,Habitat and History Influence Abundance of Bog Turtles,"Stratmann, Theresa S. M.; Floyd, Thomas M.; Barrett, Kyle",84,331,343,751e4de058ac9a964258e5aee8c72c5d
135,10.1002/jwmg.21630,JOURNAL OF WILDLIFE MANAGEMENT,2019,NA,NA,NA,NA,Confronting uncertainty: Contributions of the wildlife profession to the broader scientific community,"Nichols, James D.",83,519,533,12ed621e585084fc0e2ddcea10eba666
136,10.1002/jwmg.21913,JOURNAL OF WILDLIFE MANAGEMENT,2020,NA,NA,NA,NA,Shorebird Abundance Estimates in Interior Alaska,"Martin, Ellen C.; Jochum, Kim A.; Bagley, Calvin F.; Doherty, Paul F.",84,1283,1295,a39eb793582d82a37221d02029def07a
137,10.1002/jwmg.22238,JOURNAL OF WILDLIFE MANAGEMENT,2022,NA,NA,NA,NA,The acute physiological response of polar bears to helicopter capture,"Whiteman, John P.; Harlow, Henry J.; Durner, George M.; Regehr, Eric, V; Amstrup, Steven C.; Pagano, Anthony M.; Ben-David, Merav",86,NA,NA,22fabfa614ed7205a2e6fd231261c217
138,10.1002/jwmg.22056,JOURNAL OF WILDLIFE MANAGEMENT,2021,NA,NA,NA,NA,Using Fecal DNA and Closed-Capture Models to Estimate Feral Horse Population Size,"Schoenecker, Kathryn A.; King, Sarah R. B.; Ekernas, L. Stefan; Oyler-McCance, Sara J.",85,1150,1161,1e2506a7f491bfa8882654d155e5133c
139,10.1002/jwmg.21536,JOURNAL OF WILDLIFE MANAGEMENT,2018,NA,NA,NA,NA,Habitat modification experiment failed to find evidence for crested auklet population enhancement: A response to Divoky,"Major, Heather L.; Buxton, Rachel T.; Schacter, Carley R.; Conners, Melinda G.; Jones, Ian L.",82,1096,1101,cd0d98dfc35de734f9629db5f41974bf
140,10.1002/jwmg.22236,JOURNAL OF WILDLIFE MANAGEMENT,2022,NA,NA,NA,NA,Multi-scale species density model for conserving an endangered songbird,"Mueller, James M.; Sesnie, Steven E.; Lehnen, Sarah E.; Davis, Helen T.; Giocomo, James J.; Macey, John N.; Long, Ashley M.",86,NA,NA,7b085eb51f9d9258e88c2602d7f6ed82
141,10.1002/jwmg.21598,JOURNAL OF WILDLIFE MANAGEMENT,2019,NA,NA,NA,NA,Long-term monitoring of ocelot densities in Belize,"Satter, Christopher B.; Augustine, Ben C.; Harmsen, Bart J.; Foster, Rebecca J.; Sanchez, Emma E.; Wultsch, Claudia; Davis, Miranda L.; Kelly, Marcella J.",83,283,294,112e432f796c55549f0168664b55f844
142,10.1002/jwmg.22162,JOURNAL OF WILDLIFE MANAGEMENT,2022,NA,NA,NA,NA,Finding fishers: determining fisher occupancy in the Northern Rocky Mountains,"Krohner, Jessica M.; Lukacs, Paul M.; Inman, Robert; Sauder, Joel D.; Gude, Justin A.; Mosby, Cory; Coltrane, Jessica A.; Mowry, Rebecca A.; Millspaugh, Joshua J.",86,NA,NA,04a427e3766037f5cd8022579b72c30a
143,10.1002/jwmg.22038,JOURNAL OF WILDLIFE MANAGEMENT,2021,NA,NA,NA,NA,Estimating Admixture at the Population Scale: Taking Imperfect Detectability and Uncertainty in Hybrid Classification Seriously,"Santostasi, Nina L.; Gimenez, Olivier; Caniglia, Romolo; Fabbri, Elena; Molinari, Luigi; Reggioni, Willy; Ciucci, Paolo",85,1031,1046,944e5b8bd73278d2a2ec6e739ebf1457
144,10.1002/jwmg.21476,JOURNAL OF WILDLIFE MANAGEMENT,2018,NA,NA,NA,NA,Mortality of mule deer fawns in a natural gas development area,"Peterson, Mark E.; Anderson, Charles R., Jr.; Northrup, Joseph M.; Doherty, Paul F., Jr.",82,1135,1148,713f87fed747a10eb37635122b984479
145,10.1002/jwmg.21563,JOURNAL OF WILDLIFE MANAGEMENT,2019,NA,NA,NA,NA,Estimating avian road mortality when only a single observer is available,"Durkin, Maureen M.; Cohen, Jonathan B.",83,100,108,64c27e4710d91985e2bdca9fa44d0cb0
146,10.1002/jwmg.21596,JOURNAL OF WILDLIFE MANAGEMENT,2019,NA,NA,NA,NA,Occupancy of freshwater turtles across a gradient of altered landscapes,"Buchanan, Scott W.; Buffum, Bill; Puggioni, Gavino; Karraker, Nancy E.",83,435,445,b7960cbcf8ec01134aa63f28c38f3fb3
