,DOI,Journal,Year,PlantsOrAnimals,HierarchModel,UsesR,UsePaper,Title,Authors,Volume,StartPage,EndPage,ID
1,10.1111/1365-2745.12996,JOURNAL OF ECOLOGY,2018,1,0,NA,0,Plant demographic and functional responses to management intensification: A long-term study in a Mediterranean rangeland,"Garnier, Eric; Fayolle, Adeline; Navas, Marie-Laure; Damgaard, Christian; Cruz, Pablo; Hubert, Daniel; Richarte, Jean; Autran, Paul; Leurent, Corentin; Violle, Cyrille",106,1363,1376,804ab945c4d3f2d4e6b7386d00c6b4f9
2,10.1111/1365-2745.13137,JOURNAL OF ECOLOGY,2019,1,0,NA,0,"Quantifying niche availability, niche overlap and competition for recruitment sites in plant populations without explicit knowledge of niche axes","Wandrag, Elizabeth M.; Catford, Jane A.; Duncan, Richard P.",107,1791,1803,105290373703fd0e9b3209b7b8ec9b7c
3,10.1111/1365-2745.13060,JOURNAL OF ECOLOGY,2019,1,0,NA,0,Biogeographical constraints in Glomeromycotinan distribution across forest habitats in China,"Veresoglou, Stavros D.; Liu, Lei; Xu, Tianle; Rillig, Matthias C.; Wang, Meie; Wang, Juntao; Chen, Yongliang; Hu, Yajun; Hao, Zhipeng; Chen, Baodong",107,684,695,2562be3a66f0ad8d6c791500f9d8ebd2
4,10.1111/1365-2745.13057,JOURNAL OF ECOLOGY,2019,1,0,NA,0,Herbarium specimens reveal increasing herbivory over the past century,"Meineke, Emily K.; Classen, Aimee T.; Sanders, Nathan J.; Davies, T. Jonathan",107,105,117,2d5506c4031d41aa0b06f39a6e142cf5
5,10.1111/1365-2745.13733,JOURNAL OF ECOLOGY,2021,1,0,NA,0,Scale-dependent shifts in functional and phylogenetic structure of Mediterranean island plant communities over two centuries,"Zhang, Chunhui; Cadotte, Marc W.; Chiarucci, Alessandro; Loreau, Michel; Willis, Charles G.; Si, Xingfeng; Li, Lanping; Cianciaruso, Marcus V.",109,3513,3523,0f3275ba662ff703522019d98d23b5d1
6,10.1111/1365-2745.13360,JOURNAL OF ECOLOGY,2020,1,0,NA,0,Neighbourhood-dependent root distributions and the consequences on root separation in arid ecosystems,"Chen, Bin J. W.; Xu, Chi; Liu, Mao-Song; Huang, Zheng Y. X.; Zhang, Ming-Juan; Tang, Jian; Anten, Niels P. R.",108,1635,1648,ceef85c7c9d276a2956f032d4343c46a
7,10.1111/1365-2745.13526,JOURNAL OF ECOLOGY,2021,1,1,1,1,Long-term effects of colonization-extinction dynamics of generalist versus specialist wood-decaying fungi,"Moor, Helen; Norden, Jenni; Penttila, Reijo; Siitonen, Juha; Snall, Tord",109,491,503,595fb51015874043eee7cf44e87ec50d
8,10.1111/1365-2745.13859,JOURNAL OF ECOLOGY,2022,1,0,NA,0,Environment regimes play an important role in structuring trait- and taxonomy-based temporal beta diversity of riverine diatoms,"Wu, Naicheng; Wang, Yaochun; Wang, Yixia; Sun, Xiuming; Faber, Claas; Fohrer, Nicola",110,1442,1454,27f11a25fef70136d06849577653d001
9,10.1111/1365-2745.13361,JOURNAL OF ECOLOGY,2020,1,1,1,1,Local extinction risk under climate change in a neotropical asymmetrically dispersed epiphyte,"Acevedo, Miguel A.; Beaudrot, Lydia; Melendez-Ackerman, Elvia J.; Tremblay, Raymond L.",108,1553,1564,f489d944d44187324c063e160acc53c2
10,10.1111/1365-2745.13080,JOURNAL OF ECOLOGY,2019,1,0,NA,0,When do we have the power to detect biological interactions in spatial point patterns?,"Rajala, Tuomas; Olhede, Sofia Charlotta; Murrell, David John",107,711,721,751ac032a289348cf88bdaaaf1b281f9
11,10.1111/1365-2745.13534,JOURNAL OF ECOLOGY,2021,1,0,NA,0,"Extant fruit-eating birds promote genetically diverse seed rain, but disperse to fewer sites in defaunated tropical forests","Carvalho, Carolina da Silva; Garcia, Cristina; Lucas, Marilia Souza; Jordano, Pedro; Cortes, Marina Correa",109,1055,1067,f0409cf26ee70e858787e1821f252eeb
12,10.1111/1365-2745.13186,JOURNAL OF ECOLOGY,2019,1,0,NA,0,Tree resprout dynamics following fire depend on herbivory by wild ungulate herbivores,"LaMalfa, Eric M.; Kimuyu, Duncan M.; Sensenig, Ryan L.; Young, Truman P.; Riginos, Corinna; Veblen, Kari E.",107,2493,2502,3c7a8a2632184661361acc163d41f6b3
13,10.1111/1365-2745.13206,JOURNAL OF ECOLOGY,2019,1,0,NA,0,"Assessing the roles of seed bank, seed dispersal and historical disturbances for metapopulation persistence of a pyrogenic herb","Quintana-Ascencio, Pedro F.; Koontz, Stephanie M.; Ochocki, Brad M.; Sclater, Vivienne L.; Lopez-Borghesi, Federico; Li, Haoyu; Menges, Eric S.",107,2760,2771,574338c82e7d00f166235fe483a9b18d
14,10.1111/1365-2745.12860,JOURNAL OF ECOLOGY,2018,1,0,NA,0,Contrasting habitat and landscape effects on the fitness of a long-lived grassland plant under forest encroachment: Do they provide evidence for extinction debt?,"Bagaria, Guillem; Roda, Ferran; Clotet, Maria; Miguez, Silvia; Pino, Joan",106,278,288,44fb388cd804d5a7095a019c4e51dd00
15,10.1111/1365-2745.13303,JOURNAL OF ECOLOGY,2020,1,0,NA,0,"Spatial transitions in tree cover are associated with soil hydrology, but not with grass biomass, fire frequency, or herbivore biomass in Serengeti savannahs","Holdo, Ricardo M.; Onderdonk, Daphne A.; Barr, Annabelle G.; Mwita, Meshak; Anderson, T. Michael",108,586,597,9d95811b5f53c27cd921d5b0aee4f602
16,10.1111/1365-2745.13898,JOURNAL OF ECOLOGY,2022,1,0,NA,0,Towards a better ecological understanding of metacommunity stability: A multiscale framework to disentangle population variability and synchrony effects,"Segrestin, Jules; Leps, Jan",110,1632,1645,67f04de452c873a41a07914133cd46ef
17,10.1111/1365-2745.13238,JOURNAL OF ECOLOGY,2020,1,0,NA,0,Tree survival and growth responses in the aftermath of a strong earthquake,"Allen, Robert B.; MacKenzie, Darryl I.; Bellingham, Peter J.; Wiser, Susan K.; Arnst, Elise A.; Coomes, David A.; Hurst, Jennifer M.",108,107,121,1d2bb26b83446e4d0577eddd5cd66c35
18,10.1111/1365-2745.12985,JOURNAL OF ECOLOGY,2018,1,0,NA,0,"Predicting landscape-level distribution and abundance: Integrating demography, fire, elevation and landscape habitat configuration","Quintana-Ascencio, Pedro F.; Koontz, Stephanie M.; Smith, Stacy A.; Sclater, Vivienne L.; David, Aaron S.; Menges, Eric S.",106,2395,2408,02f54c7ba1a54c93e6bbe1804b3dcb65
19,10.1111/1365-2745.12913,JOURNAL OF ECOLOGY,2018,1,0,NA,0,Endozoochory of aquatic ferns and angiosperms by mallards in Central Europe,"Lovas-Kiss, Adam; Vizi, Balazs; Vincze, Orsolya; Molnar, Attila, V; Green, Andy J.",106,1714,1723,3141317547e33a0bc7010e793a2c6726
20,10.1111/1365-2745.12827,JOURNAL OF ECOLOGY,2018,1,0,NA,0,Cascading effects of changes in land use on the invasion of the walnut Juglans regia in forest ecosystems,"Lenda, Magdalena; Knops, Johannes H.; Skorka, Piotr; Moron, Dawid; Woyciechowski, Michal",106,671,686,9e2b3081ecace79c6bae36c972576b20
21,10.1111/1365-2745.13981,JOURNAL OF ECOLOGY,2022,1,0,NA,0,Spatiotemporal dynamics of genetic variation at the quantitative and molecular levels within a natural Arabidopsis thaliana population,"Mendez-Vigo, Belen; Castilla, Antonio R.; Gomez, Rocio; Marcer, Arnald; Alonso-Blanco, Carlos; Xavier Pico, F.",110,2701,2716,6acfaf136721f371cad13902f8318881
22,10.1111/1365-2745.12826,JOURNAL OF ECOLOGY,2018,1,0,NA,0,Ecological history of a long-lived conifer in a disjunct population,"Herring, Erin M.; Gavin, Daniel G.; Dobrowski, Solomon Z.; Fernandez, Matias; Hu, Feng Sheng",106,319,332,e65eb8344f05b6d88e24f9c67a742941
23,10.1111/1365-2745.13484,JOURNAL OF ECOLOGY,2020,1,0,NA,0,Shifts in ectomycorrhizal exploration types parallel leaf and fine root area with forest age,"Wasyliw, Joshua; Karst, Justine",108,2270,2282,372b548b35bd458c4144d9ebafd6cb61
24,10.1111/1365-2745.12848,JOURNAL OF ECOLOGY,2018,1,0,NA,0,Persisting in defaunated landscapes: Reduced plant population connectivity after seed dispersal collapse,"Perez-Mendez, Nestor; Jordano, Pedro; Valido, Alfredo",106,936,947,d68fc108f91b2b0500e902fb7f059c25
25,10.1111/1365-2745.12802,JOURNAL OF ECOLOGY,2018,1,0,NA,0,Habitat filtering determines the functional niche occupancy of plant communities worldwide,"Li, Yuanzhi; Shipley, Bill; Price, Jodi N.; Dantas, Vinicius de L.; Tamme, Riin; Westoby, Mark; Siefert, Andrew; Schamp, Brandon S.; Spasojevic, Marko J.; Jung, Vincent; Laughlin, Daniel C.; Richardson, Sarah J.; Le Bagousse-Pinguet, Yoann; Schob, Christian; Gazol, Antonio; Prentice, Honor C.; Gross, Nicolas; Overton, Jake; Cianciaruso, Marcus V.; Louault, Frederique; Kamiyama, Chiho; Nakashizuka, Tohru; Hikosaka, Kouki; Sasaki, Takehiro; Katabuchi, Masatoshi; Dussault, Cedric Frenette; Gaucherand, Stephanie; Chen, Ning; Vandewalle, Marie; Batalha, Marco Antonio",106,1001,1009,d57b2b71ca77419880759c7daee7f0f1
26,10.1111/1365-2745.12942,JOURNAL OF ECOLOGY,2018,1,0,NA,0,Spatial patterns of pathogenic and mutualistic fungi across the elevational range of a host plant,"Merges, Dominik; Balint, Miklos; Schmitt, Imke; Boehning-Gaese, Katrin; Neuschulz, Eike Lena",106,1545,1557,a788e88fe72a195fdf775635b4a754fc
27,10.1111/1365-2745.12967,JOURNAL OF ECOLOGY,2018,1,0,NA,0,A heritable symbiont and host-associated factors shape fungal endophyte communities across spatial scales,"Harrison, Joshua G.; Parchman, Thomas L.; Cook, Daniel; Gardner, Dale R.; Forister, Matthew L.",106,2274,2286,fea449b03b0b30195361cdc404a19d20
