,DOI,Journal,Year,PlantsOrAnimals,HierarchModel,UsesR,UsePaper,Title,Authors,Volume,StartPage,EndPage,ID
1,10.1111/2041-210X.13260,METHODS IN ECOLOGY AND EVOLUTION,2019,1,0,NA,0,"Distinguishing distribution dynamics from temporary emigration using dynamic occupancy models (vol 8, pg 1707, 2017)","Valente, Jonathon J.; Hutchinson, Rebecca A.; Betts, Matthew G.",10,1826,1826,8ac01aee40efaeedbc00c7919dc1dcf5
2,10.1111/2041-210X.13777,METHODS IN ECOLOGY AND EVOLUTION,2022,1,1,1,0,ubms: An R package for fitting hierarchical occupancy and N-mixture abundance models in a Bayesian framework,"Kellner, Kenneth F.; Fowler, Nicholas L.; Petroelje, Tyler R.; Kautz, Todd M.; Beyer, Dean E., Jr.; Belant, Jerrold L.",13,577,584,e5ab3e7a3bd3f29e04c186bf12f635d1
3,10.1111/2041-210X.13002,METHODS IN ECOLOGY AND EVOLUTION,2018,1,1,1,1,Integrating auxiliary data in optimal spatial design for species distribution modelling,"Reich, Brian J.; Pacifici, Krishna; Stallings, Jonathan W.",9,1626,1637,9b6247681eff54ff7ffe6420a1386bde
4,10.1111/2041-210X.13999,METHODS IN ECOLOGY AND EVOLUTION,2022,1,0,NA,0,A guide to sampling design for GPS-based studies of animal societies,"He, Peng; Klarevas-Irby, James A.; Papageorgiou, Danai; Christensen, Charlotte; Strauss, Eli D.; Farine, Damien R.",NA,NA,NA,a1d7b3d8a5c5a156906636d8d24290b6
5,10.1111/2041-210X.13895,METHODS IN ECOLOGY AND EVOLUTION,2022,1,1,1,1,Estimating occupancy from autonomous recording unit data in the presence of misclassifications and detection heterogeneity,"Clement, Matthew J.; Royle, J. Andrew; Mixan, Ronald J.",13,1719,1729,4f7c87845fd6e246a602a4e0940f1a4d
6,10.1111/2041-210X.13068,METHODS IN ECOLOGY AND EVOLUTION,2018,1,1,1,1,Estimating recruitment from capture-recapture data by modelling spatio-temporal variation in birth and age-specific survival rates,"Chandler, Richard B.; Engebretsen, Kristin; Cherry, Michael J.; Garrison, Elina P.; Miller, Karl V.",9,2115,2130,fa44c3637bff8a5e22a627ca669d41fc
7,10.1111/2041-210X.13315,METHODS IN ECOLOGY AND EVOLUTION,2020,1,1,1,1,Modelling misclassification in multi-species acoustic data when estimating occupancy and relative activity,"Wright, Wilson J.; Irvine, Kathryn M.; Almberg, Emily S.; Litt, Andrea R.",11,71,81,358ea0c474e3aa126a2077f7c36c3915
8,10.1111/2041-210X.12950,METHODS IN ECOLOGY AND EVOLUTION,2018,1,1,1,1,Functional ecology and imperfect detection of species,"Roth, Tobias; Allan, Eric; Pearman, Peter B.; Amrhein, Valentin",9,917,928,08821b1c7240d7188d31e30d3fb2b462
9,10.1111/2041-210X.13378,METHODS IN ECOLOGY AND EVOLUTION,2020,1,1,1,1,Multi-species occupancy models as robust estimators of community richness,"Tingley, Morgan W.; Nadeau, Christopher P.; Sandor, Manette E.",11,633,642,4ee5c4197842cf4c7ebed1a17bd72dbe
10,10.1111/2041-210X.13435,METHODS IN ECOLOGY AND EVOLUTION,2020,1,0,NA,0,The welfare and ethics of research involving wild animals: A primer,"Soulsbury, Carl; Gray, Helen; Smith, Lauren; Braithwaite, Victoria; Cotter, Sheena; Elwood, Robert W.; Wilkinson, Anna; Collins, Lisa M.",11,1164,1181,d85e9cad9a364b91e3314660b9338c1f
11,10.1111/2041-210X.13936,METHODS IN ECOLOGY AND EVOLUTION,2022,1,1,1,1,Spatial dynamic N-mixture models with interspecific interactions,"Zhao, Qing; Fuller, Angela K.; Royle, Jeffrey Andrew",13,2209,2221,836f9442968621d68cbcbcdad14a23f0
12,10.1111/2041-210X.13589,METHODS IN ECOLOGY AND EVOLUTION,2021,1,1,1,1,"Efficient effort allocation in line-transect distance sampling of high-density species: When to walk further, measure less-often and gain precision","Knights, Kathryn; McCarthy, Michael A.; Camac, James; Guillera-Arroita, Gurutzeta",12,962,970,d42bff0d09282d8968b17ce9bd7d61d4
13,10.1111/2041-210X.13897,METHODS IN ECOLOGY AND EVOLUTION,2022,1,1,1,1,"spOccupancy: An R package for single-species, multi-species, and integrated spatial occupancy models","Doser, Jeffrey W.; Finley, Andrew O.; Kery, Marc; Zipkin, Elise F.",13,1670,1678,02288835d986070fb4b340aba1b866ff
14,10.1111/2041-210X.13192,METHODS IN ECOLOGY AND EVOLUTION,2019,1,1,1,1,A binomial N-mixture model for estimating arrival and departure timing,"Mizel, Jeremy D.; Schmidt, Joshua H.; Phillips, Laura M.; Mcintyre, Carol L.",10,1062,1071,24ed2b909f1e386f9dbccf69e776510c
15,10.1111/2041-210X.13806,METHODS IN ECOLOGY AND EVOLUTION,2022,1,0,NA,0,A framework for computer-aided design and manufacturing of habitat structures for cavity-dependent animals,"Parker, Dan; Roudavski, Stanislav; Jones, Theresa M.; Bradsworth, Nick; Isaac, Bronwyn; Lockett, Martin T.; Soanes, Kylie",13,826,841,3719f06372a321ca0f50e4ecbdd26c57
16,10.1111/2041-210X.14055,METHODS IN ECOLOGY AND EVOLUTION,2022,1,0,NA,0,An integrated animal tracking technology combining a GPS tracking system with a UAV,"Jin, Tinghao; Si, Xingfeng; Liu, Juan; Ding, Ping",NA,NA,NA,af1ed3124770891c0b41ea202f02e5b5
17,10.1111/2041-210X.13588,METHODS IN ECOLOGY AND EVOLUTION,2021,1,0,NA,0,Fuzzy quantification of common and rare species in ecological communities (FuzzyQ),"Balbuena, Juan A.; Monlleo-Borrull, Clara; Llopis-Belenguer, Cristina; Blasco-Costa, Isabel; Sarabeev, Volodimir L.; Morand, Serge",12,1070,1079,022872ced1f964291e78baa4beda923c
18,10.1111/2041-210X.13322,METHODS IN ECOLOGY AND EVOLUTION,2020,1,0,NA,0,A practical method to account for variation in detection range in acoustic telemetry arrays to accurately quantify the spatial ecology of aquatic animals,"Brownscombe, Jacob W.; Griffin, Lucas P.; Chapman, Jacqueline M.; Morley, Danielle; Acosta, Alejandro; Crossin, Glenn T.; Iverson, Sara J.; Adams, Aaron J.; Cooke, Steven J.; Danylchuk, Andy J.",11,82,94,c8d009b32d70a13cc81b3bce55f5fc55
19,10.1111/2041-210X.13176,METHODS IN ECOLOGY AND EVOLUTION,2019,1,1,1,1,Colonization and extinction rates estimated from temporal dynamics of ecological communities: The island r package,"Ontiveros, Vicente J.; Capitan, Jose A.; Arthur, Rohan; Casamayor, Emilio O.; Alonso, David",10,1108,1117,dc4b2ff1b78ec71767422610a03693f6
20,10.1111/2041-210X.13950,METHODS IN ECOLOGY AND EVOLUTION,2022,1,0,NA,0,plantTracker: An R package to translate maps of plant occurrence into demographic data,"Stears, Alice E.; Adler, Peter B.; Albeke, Shannon E.; Atkins, David H.; Studyvin, Jared; Laughlin, Daniel C.",13,2129,2137,97d93bdced1839b78687c399592369bf
21,10.1111/2041-210X.13147,METHODS IN ECOLOGY AND EVOLUTION,2019,1,1,1,1,A novel method for using ecoacoustics to monitor post-translocation behaviour in an endangered passerine,"Metcalf, Oliver C.; Ewen, John G.; McCready, Mhairi; Williams, Emma M.; Rowcliffe, J. Marcus",10,626,636,4723fd8090b26ca67e6e028676cfcce9
22,10.1111/2041-210X.12983,METHODS IN ECOLOGY AND EVOLUTION,2018,1,1,1,1,Effects of spatial autocorrelation and imperfect detection on species distribution models,"Guelat, Jerome; Kery, Marc",9,1614,1625,994e26e2b199d071a608f1bba6c7c016
23,10.1111/2041-210X.13947,METHODS IN ECOLOGY AND EVOLUTION,2022,1,1,1,1,A review of movement models in open population capture-recapture,"Efford, Murray G.; Schofield, Matthew R.",13,2106,2118,ed4b5bd1221eace230be54171eb31bde
24,10.1111/2041-210X.12910,METHODS IN ECOLOGY AND EVOLUTION,2018,1,1,1,1,A new framework for analysing automated acoustic species detection data: Occupancy estimation and optimization of recordings post-processing,"Chambert, Thierry; Waddle, J. Hardin; Miller, David A. W.; Walls, Susan C.; Nichols, James D.",9,560,570,659f3953b67732eedbb7f7e41568d4ce
25,10.1111/2041-210X.13825,METHODS IN ECOLOGY AND EVOLUTION,2022,1,1,1,1,Misidentification errors in reencounters result in biased estimates of survival probability from CJS models: Evidence and a solution using the robust design,"Rakhimberdiev, Eldar; Karagicheva, Julia; Saveliev, Anatoly; Loonstra, A. H. Jelle; Verhoeven, Mo A.; Hooijmeijer, Jos C. E. W.; Schaub, Michael; Piersma, Theunis",13,1106,1118,634526e76a852381d27040c7c6f9b23e
26,10.1111/2041-210X.13059,METHODS IN ECOLOGY AND EVOLUTION,2018,1,0,NA,0,The utility of mortality hazard rates in population analyses,"Ergon, Torbjorn; Borgan, Ornulf; Nater, Chloe Rebecca; Vindenes, Yngvild",9,2046,2056,f5a5bfeef28991e1c5be2475ed1633b8
27,10.1111/2041-210X.13522,METHODS IN ECOLOGY AND EVOLUTION,2021,1,1,1,1,A spatial capture-recapture model to estimate call rate and population density from passive acoustic surveys,"Stevenson, Ben C.; van Dam-Bates, Paul; Young, Callum K. Y.; Measey, John",12,432,442,0ccfcda33540d28546df3dbe96bfbd09
28,10.1111/2041-210X.13370,METHODS IN ECOLOGY AND EVOLUTION,2020,1,1,1,1,"An empirical evaluation of camera trap study design: How many, how long and when?","Kays, Roland; Arbogast, Brian S.; Baker-Whatton, Megan; Beirne, Christopher; Boone, Hailey M.; Bowler, Mark; Burneo, Santiago F.; Cove, Michael, V; Ding, Ping; Espinosa, Santiago; Sousa Goncalves, Andre Luis; Hansen, Christopher P.; Jansen, Patrick A.; Kolowski, Joseph M.; Knowles, Travis W.; Moreira Lima, Marcela Guimaraes; Millspaugh, Joshua; McShea, William; Pacifici, Krishna; Parsons, Arielle W.; Pease, Brent; Rovero, Francesco; Santos, Fernanda; Schuttler, Stephanie G.; Sheil, Douglas; Si, Xingfeng; Snider, Matt; Spironello, Wilson R.",11,700,713,493d01114a8a72fab4c484d3e1e2d8dc
29,10.1111/2041-210X.13262,METHODS IN ECOLOGY AND EVOLUTION,2019,1,0,NA,0,Cohesive framework for modelling plant cover class data,"Irvine, Kathryn M.; Wright, Wilson J.; Shanahan, Erin K.; Rodhouse, Thomas J.",10,1749,1760,15a067635120e2f5e1a0f4de09fe33ea
30,10.1111/2041-210X.13193,METHODS IN ECOLOGY AND EVOLUTION,2019,1,0,NA,0,Double quantile regression accurately assesses distance to boundary trade-offs,"Cardoso, Goncalo C.",10,1322,1331,2f8b9300a44bbf508da2a2d8d0fd2566
31,10.1111/2041-210X.13573,METHODS IN ECOLOGY AND EVOLUTION,2021,1,0,NA,0,Quick detection of a rare species: Forensic swabs of survey tubes for hazel dormouse Muscardinus avellanarius urine,"Priestley, Victoria; Allen, Robert; Binstead, Matthew; Arnold, Richard; Savolainen, Vincent",12,818,827,309d9c115df497885e1032c6d0c42422
32,10.1111/2041-210X.14030,METHODS IN ECOLOGY AND EVOLUTION,2022,1,0,NA,0,A practical guide to understanding and validating complex models using data simulations,"DiRenzo, Graziella V.; Hanks, Ephraim; Miller, David A. W.",NA,NA,NA,c62e3d3fa09e31b7e4e86dde71eed394
33,10.1111/2041-210X.13469,METHODS IN ECOLOGY AND EVOLUTION,2020,1,0,NA,0,dsmextra: Extrapolation assessment tools for density surface models,"Bouchet, Phil J.; Miller, David L.; Roberts, Jason J.; Mannocci, Laura; Harris, Catriona M.; Thomas, Len",11,1464,1469,58d9aee9d4828cce1c47cbda96678265
34,10.1111/2041-210X.13570,METHODS IN ECOLOGY AND EVOLUTION,2021,1,1,1,0,Estimating abundance based on time-to-detection data,"Strebel, Nicolas; Fiss, Cameron J.; Kellner, Kenneth F.; Larkin, Jeffery L.; Kery, Marc; Cohen, Jonathan",12,909,920,f0de9f5c1a7a2cc96834388ceadaefb6
35,10.1111/2041-210X.13502,METHODS IN ECOLOGY AND EVOLUTION,2021,1,0,NA,0,CMRnet: An r package to derive networks of social interactions and movement from mark-recapture data,"Silk, Matthew J.; McDonald, Robbie A.; Delahay, Richard J.; Padfield, Daniel; Hodgson, David J.",12,70,75,3e53d91ce7037956ba53443dfd4d04cb
36,10.1111/2041-210X.13237,METHODS IN ECOLOGY AND EVOLUTION,2019,1,0,NA,0,A novel procedure for measuring functional traits of herbaceous species through field spectroscopy,"Van Cleemput, Elisa; Roberts, Dar A.; Honnay, Olivier; Somers, Ben",10,1332,1338,4dab4028fd83302c331c6151443a1638
37,10.1111/2041-210X.13127,METHODS IN ECOLOGY AND EVOLUTION,2019,1,0,NA,0,Advances in modelling demographic processes: The Euring 2017 Analytical Meeting,"Robinson, Robert A.; Gardner, Beth",10,4,7,213ad89d271d088ce95d7c4b7679f0a8
38,10.1111/2041-210X.13108,METHODS IN ECOLOGY AND EVOLUTION,2019,1,0,NA,0,A 2.6-g sound and movement tag for studying the acoustic scene and kinematics of echolocating bats,"Stidsholt, Laura; Johnson, Mark; Beedholm, Kristian; Jakobsen, Lasse; Kugler, Kathrin; Brinklov, Signe; Salles, Angeles; Moss, Cynthia F.; Madsen, Peter Teglberg",10,48,58,8b904591b6481521981c2dc2d25a317c
39,10.1111/2041-210X.13195,METHODS IN ECOLOGY AND EVOLUTION,2019,1,1,1,1,Integrated population models: Model assumptions and inference,"Riecke, Thomas V.; Williams, Perry J.; Behnke, Tessa L.; Gibson, Daniel; Leach, Alan G.; Sedinger, Benjamin S.; Street, Phillip A.; Sedinger, James S.",10,1072,1082,1376a12680f85cac2e7ea9efd6d72342
40,10.1111/2041-210X.13998,METHODS IN ECOLOGY AND EVOLUTION,2022,1,0,NA,0,Bayesian models for spatially explicit interactions between neighbouring plants,"Barber, Cristina; Zaiats, Andrii; Applestein, Cara; Rosenthal, Lisa; Caughlin, T. Trevor",NA,NA,NA,0664c548bdcbf11766c30a1435679bbc
41,10.1111/2041-210X.13442,METHODS IN ECOLOGY AND EVOLUTION,2020,1,1,1,1,msocc: Fit and analyse computationally efficient multi-scale occupancy models inr,"Stratton, Christian; Sepulveda, Adam J.; Hoegh, Andrew",11,1113,1120,4a40a1d254da0368ac9c842b3fe884c1
42,10.1111/2041-210X.12961,METHODS IN ECOLOGY AND EVOLUTION,2018,1,1,NA,0,Markov-modulated Poisson processes as a new framework for analysing capture-recapture data,"Choquet, Remi",9,929,935,484260f17fcb65271be521b7c0e2221e
43,10.1111/2041-210X.13858,METHODS IN ECOLOGY AND EVOLUTION,2022,1,1,1,1,"Estimating species misclassification with occupancy dynamics and encounter rates: A semi-supervised, individual-level approach","Spiers, Anna, I; Royle, J. Andrew; Torrens, Christa L.; Joseph, Maxwell B.",13,1528,1539,8ef6614a7bca5f156d430722c529369f
44,10.1111/2041-210X.13732,METHODS IN ECOLOGY AND EVOLUTION,2022,1,1,1,1,Multispecies site occupancy modelling and study design for spatially replicated environmental DNA metabarcoding,"Fukaya, Keiichi; Kondo, Natsuko Ito; Matsuzaki, Shin-ichiro S.; Kadoya, Taku",13,183,193,44cfad38fc9726c7fa316d1686aa4ed9
45,10.1111/2041-210X.13308,METHODS IN ECOLOGY AND EVOLUTION,2019,1,0,NA,0,Using lorelograms to measure and model correlation in binary data: Applications to ecological studies,"Iannarilli, Fabiola; Arnold, Todd W.; Erb, John; Fieberg, John R.",10,2153,2162,47322f26385f3cb18860be59c7d8992e
46,10.1111/2041-210X.14032,METHODS IN ECOLOGY AND EVOLUTION,2022,1,1,1,1,Estimating reproductive and juvenile survival rates when offspring ages are uncertain: A novel multievent mark-resight model with beluga whale case study,"Boor, Gina K. Himes K.; McGuire, Tamara L.; Warlick, Amanda J.; Taylor, Rebecca L.; Converse, Sarah J.; McClung, John R.; Stephens, Amber D.",NA,NA,NA,e46bdc22fc5e04b8fcbdeb98eabff82e
47,10.1111/2041-210X.13902,METHODS IN ECOLOGY AND EVOLUTION,2022,1,0,NA,0,Spatially explicit management of genetic diversity using ancestry probability surfaces,"Massatti, Rob; Winkler, Daniel E.",NA,NA,NA,8a4e3d2f9c96bcbb55f940ba3b1e57a1
48,10.1111/2041-210X.13297,METHODS IN ECOLOGY AND EVOLUTION,2019,1,0,NA,0,Combining multiple data sources in species distribution models while accounting for spatial dependence and overfitting with combined penalized likelihood maximization,"Renner, Ian W.; Louvrier, Julie; Gimenez, Olivier",10,2118,2128,e87678fbe34b2b212fbe1b69c0851336
49,10.1111/2041-210X.13030,METHODS IN ECOLOGY AND EVOLUTION,2018,1,1,1,1,Using partial aggregation in spatial capture recapture,"Milleret, Cyril; Dupont, Pierre; Broseth, Henrik; Kindberg, Jonas; Royle, J. Andrew; Bischof, Richard",9,1896,1907,22e953ecef66c8102c081f67914f9074
50,10.1111/2041-210X.13880,METHODS IN ECOLOGY AND EVOLUTION,2022,1,0,NA,0,Estimating animal size or distance in camera trap images: Photogrammetry using the pinhole camera model,"Leorna, Scott; Brinkman, Todd; Fullman, Timothy",13,1707,1718,d0a2ee1de44abb4ba841218f708a4f50
51,10.1111/2041-210X.13577,METHODS IN ECOLOGY AND EVOLUTION,2021,1,0,NA,0,Revisiting animal photo-identification using deep metric learning and network analysis,"Miele, Vincent; Dussert, Gaspard; Spataro, Bruno; Chamaille-Jammes, Simon; Allaine, Dominique; Bonenfant, Christophe",12,863,873,ba87f811f7bb0fe98238b8cf51350310
52,10.1111/2041-210X.13913,METHODS IN ECOLOGY AND EVOLUTION,2022,1,0,NA,0,Validating ATLAS: A regional-scale high-throughput tracking system,"Beardsworth, Christine E.; Gobbens, Evy; van Maarseveen, Frank; Denissen, Bas; Dekinga, Anne; Nathan, Ran; Toledo, Sivan; Bijleveld, Allert I.",13,1990,2004,d6ad0837224144b90022bc63774f28d6
53,10.1111/2041-210X.13780,METHODS IN ECOLOGY AND EVOLUTION,2022,1,0,NA,0,An assessment of minimum sequence copy thresholds for identifying and reducing the prevalence of artefacts in dietary metabarcoding data,"Drake, Lorna E.; Cuff, Jordan P.; Young, Rebecca E.; Marchbank, Angela; Chadwick, Elizabeth A.; Symondson, William O. C.",13,694,710,d53399255924ee32230e5ad72e304230
54,10.1111/2041-210X.12996,METHODS IN ECOLOGY AND EVOLUTION,2018,1,0,NA,0,Evaluation of acoustic telemetry grids for determining aquatic animal movement and survival,"Kraus, Richard T.; Holbrook, Christopher M.; Vandergoot, Christopher S.; Stewart, Taylor R.; Faust, Matthew D.; Watkinson, Douglas A.; Charles, Colin; Pegg, Mark; Enders, Eva C.; Krueger, Charles C.",9,1489,1502,cf59777999ca6e8ced86652c59e3605d
55,10.1111/2041-210X.13090,METHODS IN ECOLOGY AND EVOLUTION,2019,1,0,NA,0,Occupancy models for citizen-science data,"Altwegg, Res; Nichols, James D.",10,8,21,38925f3756b3bf46305fa3e467edfe9a
56,10.1111/2041-210X.12925,METHODS IN ECOLOGY AND EVOLUTION,2018,1,0,NA,0,Modelling the area of occupancy of habitat types with remote sensing,"Manuel Alvarez-Martinez, Jose; Jimenez-Alfaro, Borja; Barquin, Jose; Ondiviela, Barbara; Recio, Maria; Silio-Calzada, Ana; Antonio Juanes, Jose",9,580,593,24effe21425bc876d47a97a560d9bb0a
57,10.1111/2041-210X.13561,METHODS IN ECOLOGY AND EVOLUTION,2021,1,0,NA,0,A workflow for accurate metabarcoding using nanopore MinION sequencing,"Baloglu, Bilgenur; Chen, Zhewei; Elbrecht, Vasco; Braukmann, Thomas; MacDonald, Shanna; Steinke, Dirk",12,794,804,f49983a3d966931864c3d877c3cc7e4b
58,10.1111/2041-210X.13869,METHODS IN ECOLOGY AND EVOLUTION,2022,1,0,NA,0,Selection of sampling sites for biodiversity inventory: Effects of environmental and geographical considerations,"Nunez-Penichet, Claudia; Cobos, Marlon E.; Soberon, Jorge; Gueta, Tomer; Barve, Narayani; Barve, Vijay; Navarro-Siguenza, Adolfo G.; Peterson, A. Townsend",13,1595,1607,b85afaaf1608b4107601ef87c38cc26c
59,10.1111/2041-210X.13863,METHODS IN ECOLOGY AND EVOLUTION,2022,1,0,NA,0,Precision glycerine jelly swab for removing pollen from small and fragile insect specimens,"Donald, Marion L.; Bolstridge, Nic; Ridden, Johnathon D.",NA,NA,NA,ce5e2814a67e8c37d4e2fa16f5c80397
60,10.1111/2041-210X.13905,METHODS IN ECOLOGY AND EVOLUTION,2022,1,1,1,1,A continuous-score occupancy model that incorporates uncertain machine learning output from autonomous biodiversity surveys,"Rhinehart, Tessa A.; Turek, Daniel; Kitzes, Justin",13,1778,1789,282bf074dc377e07542a578c620e2cb6
61,10.1111/2041-210X.13731,METHODS IN ECOLOGY AND EVOLUTION,2022,1,0,NA,0,Optimising sampling designs for habitat fragmentation studies,"Bowler, Ellen; Lefebvre, Veronique; Pfeifer, Marion; Ewers, Robert M.",13,217,229,f389dfe8433d6311c679bc952228c043
62,10.1111/2041-210X.13517,METHODS IN ECOLOGY AND EVOLUTION,2021,1,1,1,1,"Fast, flexible alternatives to regular grid designs for spatial capture-recapture","Durbach, Ian; Borchers, David; Sutherland, Chris; Sharma, Koustubh",12,298,310,43af3a6152ace41f7e5c233b94603561
63,10.1111/2041-210X.13279,METHODS IN ECOLOGY AND EVOLUTION,2019,1,0,NA,0,Sampling and analysis frameworks for inference in ecology,"Williams, Byron K.; Brown, Eleanor D.",10,1832,1842,e8880e6f95732023e1e0bed2d523f3f8
64,10.1111/2041-210X.13117,METHODS IN ECOLOGY AND EVOLUTION,2019,1,1,1,1,A multistate dynamic occupancy model to estimate local colonization-extinction rates and patterns of co-occurrence between two or more interacting species,"Fidino, Mason; Simonis, Juniper L.; Magle, Seth B.",10,233,244,9daa18d6330b5be4bb80a1379a122a96
65,10.1111/2041-210X.13065,METHODS IN ECOLOGY AND EVOLUTION,2018,1,1,1,1,Parameterizing the robust design in the BUGS language: Lifetime carry-over effects of environmental conditions during growth on a long-lived bird,"Riecke, Thomas V.; Leach, Alan G.; Gibson, Dan; Sedinger, James S.",9,2294,2305,645a9cfdc9ae915d1b2bd23efde23848
66,10.1111/2041-210X.13362,METHODS IN ECOLOGY AND EVOLUTION,2020,1,1,1,1,Listening and watching: Do camera traps or acoustic sensors more efficiently detect wild chimpanzees in an open habitat?,"Crunchant, Anne-Sophie; Borchers, David; Kuehl, Hjalmar; Piel, Alex",11,542,552,6bffa47cb1b78c70d6afa110df4f5270
67,10.1111/2041-210X.13397,METHODS IN ECOLOGY AND EVOLUTION,2020,1,0,NA,0,AMMonitor: Remote monitoring of biodiversity in an adaptive framework with r,"Balantic, Cathleen; Donovan, Therese",11,869,877,33ecdba700ccad4b8a18cb4a2d11cff0
68,10.1111/2041-210X.13881,METHODS IN ECOLOGY AND EVOLUTION,2022,1,1,1,1,Ignoring species availability biases occupancy estimates in single-scale occupancy models,"DiRenzo, Graziella, V; Miller, David A. W.; Grant, Evan H. C.",13,1790,1804,4a4779312fc2e50128ffee229a36db64
69,10.1111/2041-210X.12838,METHODS IN ECOLOGY AND EVOLUTION,2018,1,1,1,1,Estimates of observer expertise improve species distributions from citizen science data,"Johnston, Alison; Fink, Daniel; Hochachka, Wesley M.; Kelling, Steve",9,88,97,80ada26cd6b1960294e198610d2e9251
70,10.1111/2041-210X.13142,METHODS IN ECOLOGY AND EVOLUTION,2019,1,0,NA,0,Environmental filtering improves ecological niche models across multiple scales,"Castellanos, Adrian A.; Huntley, Jerry W.; Voelker, Gary; Lawing, A. Michelle",10,481,492,230862faccc5df9bbbe22b9d3f3a3184
71,10.1111/2041-210X.13379,METHODS IN ECOLOGY AND EVOLUTION,2020,1,1,1,1,Can time-to-detection models with fewer survey replicates provide a robust alternative to traditional site-occupancy models?,"Henry, Dominic A. W.; Lee, Alan T. K.; Altwegg, Res",11,643,655,1885ec0c4f1ded5fc60a82108537e911
72,10.1111/2041-210X.13185,METHODS IN ECOLOGY AND EVOLUTION,2019,1,0,NA,0,"What does a zero mean? Understanding false, random and structural zeros in ecology","Blasco-Moreno, Anabel; Perez-Casany, Marta; Puig, Pedro; Morante, Maria; Castells, Eva",10,949,959,97d8fd6ae74be3595a1548cd664aedc3
73,10.1111/2041-210X.12941,METHODS IN ECOLOGY AND EVOLUTION,2018,1,0,NA,0,Measuring beta-diversity by remote sensing: A challenge for biodiversity monitoring,"Rocchini, Duccio; Luque, Sandra; Pettorelli, Nathalie; Bastin, Lucy; Doktor, Daniel; Faedi, Nicolo; Feilhauer, Hannes; Feret, Jean-Baptiste; Foody, Giles M.; Gavish, Yoni; Godinho, Sergio; Kunin, William E.; Lausch, Angela; Leitao, Pedro J.; Marcantonio, Matteo; Neteler, Markus; Ricotta, Carlo; Schmidtlein, Sebastian; Vihervaara, Petteri; Wegmann, Martin; Nagendra, Harini",9,1787,1798,8c64754fd4f9fc8e9e662d04d5d27c73
74,10.1111/2041-210X.13110,METHODS IN ECOLOGY AND EVOLUTION,2019,1,0,NA,0,The recent past and promising future for data integration methods to estimate species' distributions,"Miller, David A. W.; Pacifici, Krishna; Sanderlin, Jamie S.; Reich, Brian J.",10,22,37,f7281a5409fce17c7913d62eb8c8b15a
75,10.1111/2041-210X.13834,METHODS IN ECOLOGY AND EVOLUTION,2022,1,0,NA,0,Outstanding challenges and future directions for biodiversity monitoring using citizen science data,"Johnston, Alison; Matechou, Eleni; Dennis, Emily B.",NA,NA,NA,129e597756797848d639362b69961f99
76,10.1111/2041-210X.13529,METHODS IN ECOLOGY AND EVOLUTION,2021,1,0,NA,0,Locating large insects using automated VHF radio telemetry with a multi-antennae array,"Fisher, Kelsey Elizabeth; Dixon, Phil M.; Han, Gang; Adelman, James Stephen; Bradbury, Steven P.",12,494,506,69275293071bef7f7f64a5b08b814d8f
77,10.1111/2041-210X.13141,METHODS IN ECOLOGY AND EVOLUTION,2019,1,0,NA,0,Testing the Mantel statistic with a spatially-constrained permutation procedure,"Crabot, Julie; Clappe, Sylvie; Dray, Stephane; Datry, Thibault",10,532,540,856c255b74c22261281e86619da76fcf
78,10.1111/2041-210X.12951,METHODS IN ECOLOGY AND EVOLUTION,2018,1,1,1,1,Optimal survey designs for environmental DNA sampling,"Lugg, William H.; Griffiths, Josh; van Rooyen, Anthony R.; Weeks, Andrew R.; Tingley, Reid",9,1049,1059,729d0e84c373f9cce5d971e38d839fbd
79,10.1111/2041-210X.13896,METHODS IN ECOLOGY AND EVOLUTION,2022,1,1,1,1,Occupancy-detection models with museum specimen data: Promise and pitfalls,"Shirey, Vaughn; Khelifa, Rassim; M'Gonigle, Leithen K.; Guzman, Laura Melissa",NA,NA,NA,408435211fb3d46cf9342717a70e3d7e
80,10.1111/2041-210X.14005,METHODS IN ECOLOGY AND EVOLUTION,2022,1,0,NA,0,Voice activity detection in eco-acoustic data enables privacy protection and is a proxy for human disturbance,"Cretois, Benjamin; Rosten, Carolyn M.; Sethi, Sarab S.",NA,NA,NA,1211a60671306bc18ef481b64562643f
81,10.1111/2041-210X.12985,METHODS IN ECOLOGY AND EVOLUTION,2018,1,1,1,1,Two-species occupancy modelling accounting for species misidentification and non-detection,"Chambert, Thierry; Grant, Evan H. Campbell; Miller, David A. W.; Nichols, James D.; Mulder, Kevin P.; Brand, Adrianne B.",9,1468,1477,11d82ec634f437109664660e99c4d74e
82,10.1111/2041-210X.12849,METHODS IN ECOLOGY AND EVOLUTION,2018,1,0,NA,0,Scrutinizing key steps for reliable metabarcoding of environmental samples,"Alberdi, Antton; Aizpurua, Ostaizka; Gilbert, M. Thomas P.; Bohmann, Kristine",9,134,147,44b38a2aaee199643edc9e163748b74e
83,10.1111/2041-210X.13333,METHODS IN ECOLOGY AND EVOLUTION,2020,1,0,NA,0,The Chord-Normalized Expected Species Shared (CNESS)-distance represents a superior measure of species turnover patterns,"Zou, Yi; Axmacher, Jan Christoph",11,273,280,d974ceabfdc1d1192d42ebfe1c9a5f4b
84,10.1111/2041-210X.12868,METHODS IN ECOLOGY AND EVOLUTION,2018,1,1,1,1,Imperfect pathogen detection from non-invasive skin swabs biases disease inference,"DiRenzo, Graziella V.; Grant, Evan H. Campbell; Longo, Ana V.; Che-Castaldo, Christian; Zamudio, Kelly R.; Lips, Karen R.",9,380,389,b632cba4b2041d7fc62ce29619cd2c13
85,10.1111/2041-210X.14006,METHODS IN ECOLOGY AND EVOLUTION,2022,1,0,NA,0,ngsLCA-A toolkit for fast and flexible lowest common ancestor inference and taxonomic profiling of metagenomic data,"Wang, Yucheng; Korneliussen, Thorfinn Sand; Holman, Luke E.; Manica, Andrea; Pedersen, Mikkel Winther",NA,NA,NA,ef96480ae6710b553c3959f32f0f76cd
86,10.1111/2041-210X.13078,METHODS IN ECOLOGY AND EVOLUTION,2018,1,0,NA,0,How to predict fine resolution occupancy from coarse occupancy data,"Groom, Quentin J.; Marsh, Charles J.; Gavish, Yoni; Kunin, William E.",9,2273,2282,92f37dad0b69acfb662187fe7c460f68
87,10.1111/2041-210X.13031,METHODS IN ECOLOGY AND EVOLUTION,2018,1,0,NA,0,Estimating bird detection distances in sound recordings for standardizing detection ranges and distance sampling,"Darras, Kevin; Furnas, Brett; Fitriawan, Irfan; Mulyani, Yeni; Tscharntke, Teja",9,1928,1938,3c23994a6a728af1b13074929fce02a9
88,10.1111/2041-210X.13815,METHODS IN ECOLOGY AND EVOLUTION,2022,1,0,NA,0,Population-level inference for home-range areas,"Fleming, Christen H.; Deznabi, Iman; Alavi, Shauhin; Crofoot, Margaret C.; Hirsch, Ben T.; Medici, E. Patricia; Noonan, Michael J.; Kays, Roland; Fagan, William F.; Sheldon, Daniel; Calabrese, Justin M.",13,1027,1041,3a0905c962b1df625bafe819d4fab448
89,10.1111/2041-210X.13168,METHODS IN ECOLOGY AND EVOLUTION,2019,1,0,NA,0,inlabru: an R package for Bayesian spatial modelling from ecological survey data,"Bachl, Fabian E.; Lindgren, Finn; Borchers, David L.; Illian, Janine B.",10,760,766,daff90f6f109fadd722b43ace3db4ed8
90,10.1111/2041-210X.13007,METHODS IN ECOLOGY AND EVOLUTION,2018,1,0,NA,0,Accounting for differences in species frequency distributions when calculating beta diversity in the fossil record,"Brocklehurst, Neil; Day, Michael O.; Froebisch, Joerg",9,1409,1420,d879472274133378b261713603511d22
91,10.1111/2041-210X.13014,METHODS IN ECOLOGY AND EVOLUTION,2018,1,1,1,1,R2ucare: An r package to perform goodness-of-fit tests for capture-recapture models,"Gimenez, Olivier; Lebreton, Jean-Dominique; Choquet, Remi; Pradel, Roger",9,1749,1754,96395eba97e3cb80eb511d5a2861b42d
92,10.1111/2041-210X.13590,METHODS IN ECOLOGY AND EVOLUTION,2021,1,0,NA,0,Effectively inferring overall spatial distribution pattern of species in a map when exact coordinate information is missing,"Chen, Youhua; Wu, Yongbin; Zhou, Jin; Zhang, Wenyan; Lin, Hong-Da; Liu, Xinke; Pan, Kaiwen; Shen, Tsung-Jen; Pan, Zhifen",12,971,984,9da71818f70aabad1b84a91235952182
93,10.1111/2041-210X.13210,METHODS IN ECOLOGY AND EVOLUTION,2019,1,0,NA,0,Marking mosquitoes in their natural larval sites using H-2-enriched water: A promising approach for tracking over extended temporal and spatial scales,"Faiman, Roy; Dao, Adama; Yaro, Alpha Seydou; Diallo, Moussa; Djibril, Samake; Sanogo, Zana Lamissa; Ousmane, Yossi; Sullivan, Margery; Veru, Laura; Krajacich, Benjamin J.; Krishna, Asha; Matthews, Joy; France, Christine A. M.; Hamer, Gabriel; Hobson, Keith A.; Lehmann, Tovi",10,1274,1285,1a5e15dd5754c2b01a0a31779ed6c808
94,10.1111/2041-210X.12891,METHODS IN ECOLOGY AND EVOLUTION,2018,1,1,0,0,Performance of multistate mark-recapture models for temporary emigration in the presence of survival costs,"Henle, Klaus; Gruber, Bernd",9,657,667,e1ff1369526ef7d02a840c094a5b197f
95,10.1111/2041-210X.12916,METHODS IN ECOLOGY AND EVOLUTION,2018,1,0,NA,0,Quantifying the strength of migratory connectivity,"Cohen, Emily B.; Hostetler, Jeffrey A.; Hallworth, Michael T.; Rushing, Clark S.; Sillett, T. Scott; Marra, Peter P.",9,513,524,c4d070fe3ab63c1cedc405e5c0b06116
96,10.1111/2041-210X.13040,METHODS IN ECOLOGY AND EVOLUTION,2018,1,0,NA,0,Modelling sound attenuation in heterogeneous environments for improved bioacoustic sampling of wildlife populations,"Royle, J. Andrew",9,1939,1947,0e214bf8bd1e7cf9a96440770f719665
97,10.1111/2041-210X.13134,METHODS IN ECOLOGY AND EVOLUTION,2019,1,0,NA,0,Dating past colonization events to project future species distributions,"Singer, Alexander; Bradter, Ute; Fabritius, Henna; Snall, Tord",10,471,480,24c010c0b80c8adc79d01bd2bfd34785
98,10.1111/2041-210X.13728,METHODS IN ECOLOGY AND EVOLUTION,2022,1,0,NA,0,Quantifying fixed individual heterogeneity in demographic parameters: Performance of correlated random effects for Bernoulli variables,"Fay, Remi; Authier, Matthieu; Hamel, Sandra; Jenouvrier, Stephanie; van de Pol, Martijn; Cam, Emmanuelle; Gaillard, Jean-Michel; Yoccoz, Nigel G.; Acker, Paul; Allen, Andrew; Aubry, Lise M.; Bonenfant, Christophe; Caswell, Hal; Coste, Christophe F. D.; Larue, Benjamin; Le Coeur, Christie; Gamelon, Marlene; Macdonald, Kaitlin R.; Moiron, Maria; Nicol-Harper, Alex; Pelletier, Fanie; Rotella, Jay J.; Teplitsky, Celine; Touzot, Laura; Wells, Caitlin P.; Saether, Bernt-Erik",13,91,104,dacdc41cc8430b6e00048c3614400c45
99,10.1111/2041-210X.13811,METHODS IN ECOLOGY AND EVOLUTION,2022,1,1,1,1,Integrated community occupancy models: A framework to assess occurrence and biodiversity dynamics using multiple data sources,"Doser, Jeffrey W.; Leuenberger, Wendy; Sillett, T. Scott; Hallworth, Michael T.; Zipkin, Elise F.",13,919,932,24a9fec231a01d9cf7134dfff910cebc
100,10.1111/2041-210X.13857,METHODS IN ECOLOGY AND EVOLUTION,2022,1,0,NA,0,ROBITT: A tool for assessing the risk-of-bias in studies of temporal trends in ecology,"Boyd, Robin J.; Powney, Gary D.; Burns, Fiona; Danet, Alain; Duchenne, Francois; Grainger, Matthew J.; Jarvis, Susan G.; Martin, Gabrielle; Nilsen, Erlend B.; Porcher, Emmanuelle; Stewart, Gavin B.; Wilson, Oliver J.; Pescott, Oliver L.",13,1497,1507,32a75d0d3c0025bb0e4c2dceb061bac1
101,10.1111/2041-210X.14015,METHODS IN ECOLOGY AND EVOLUTION,2022,1,0,NA,0,Spatially balanced sampling methods are always more precise than random ones for estimating the size of aggregated populations,"Perret, Jan; Charpentier, Anne; Pradel, Roger; Papuga, Guillaume; Besnard, Aurelien",NA,NA,NA,a8d4778fa34de91cb381c8e6780fd427
102,10.1111/2041-210X.13158,METHODS IN ECOLOGY AND EVOLUTION,2019,1,1,1,1,Population closure and the bias-precision trade-off in spatial capture-recapture,"Dupont, Pierre; Milleret, Cyril; Gimenez, Olivier; Bischof, Richard",10,661,672,32b0847212480b83cc2709db42ec61a8
103,10.1111/2041-210X.12902,METHODS IN ECOLOGY AND EVOLUTION,2018,1,0,NA,0,A call for viewshed ecology: Advancing our understanding of the ecology of information through viewshed analysis,"Aben, Job; Pellikka, Petri; Travis, Justin M. J.",9,624,633,1b8135d9dc43c06a37daedb8b24ebdd8
104,10.1111/2041-210X.13831,METHODS IN ECOLOGY AND EVOLUTION,2022,1,1,1,1,Coupling validation effort with in situ bioacoustic data improves estimating relative activity and occupancy for multiple species with cross-species misclassifications,"Stratton, Christian; Irvine, Kathryn M.; Banner, Katharine M.; Wright, Wilson J.; Lausen, Cori; Rae, Jason",13,1288,1303,a4821f1979777be50456e2d99b16250b
105,10.1111/2041-210X.13423,METHODS IN ECOLOGY AND EVOLUTION,2020,1,0,NA,0,MInOSSE: A new method to reconstruct geographic ranges of fossil species,"Carotenuto, Francesco; Di Febbraro, Mirko; Mondanaro, Alessandro; Castiglione, Silvia; Serio, Carmela; Melchionna, Marina; Rook, Lorenzo; Raia, Pasquale",11,1121,1132,f9e791f8945f83f7176f0d614a6b76aa
106,10.1111/2041-210X.13875,METHODS IN ECOLOGY AND EVOLUTION,2022,1,1,1,1,Improving inferences and predictions of species environmental responses with occupancy data,"Moran-Lopez, Teresa; Ruiz-Suarez, Sofia; Aldabe, Joaquin; Manuel Morales, Juan",13,1540,1551,f567aea319f7a67cf51b1597edcfde6b
107,10.1111/2041-210X.13346,METHODS IN ECOLOGY AND EVOLUTION,2020,1,0,NA,0,Dermal denticle assemblages in coral reef sediments correlate with conventional shark surveys,"Dillon, Erin M.; Lafferty, Kevin D.; McCauley, Douglas J.; Bradley, Darcy; Norris, Richard D.; Caselle, Jennifer E.; DiRenzo, Graziella V.; Gardner, Jonathan P. A.; O'Dea, Aaron",11,362,375,b35d773a4e9884064801beb84f50ed0c
108,10.1111/2041-210X.12955,METHODS IN ECOLOGY AND EVOLUTION,2018,1,0,NA,0,AudioMoth: Evaluation of a smart open acoustic device for monitoring biodiversity and the environment,"Hill, Andrew P.; Prince, Peter; Covarrubias, Evelyn Pina; Doncaster, C. Patrick; Snaddon, Jake L.; Rogers, Alex",9,1199,1211,1fbf8fa9d5e6e274d4cbfee1a9f06092
109,10.1111/2041-210X.13012,METHODS IN ECOLOGY AND EVOLUTION,2018,1,1,1,1,Can opportunistically collected Citizen Science data fill a data gap for habitat suitability models of less common species?,"Bradter, Ute; Mair, Louise; Jonsson, Mari; Knape, Jonas; Singer, Alexander; Snall, Tord",9,1667,1678,627080c3da1f4972b2be793c28ed8b1a
110,10.1111/2041-210X.12993,METHODS IN ECOLOGY AND EVOLUTION,2018,1,0,NA,0,Field testing a novel high residence positioning system for monitoring the fine-scale movements of aquatic organisms,"Guzzo, Matthew M.; Van Leeuwen, Travis E.; Hollins, Jack; Koeck, Barbara; Newton, Matthew; Webber, Dale M.; Smith, Frank I.; Bailey, David M.; Killen, Shaun S.",9,1478,1488,7f9c0c9d42fbdfb803b0302c69629783
111,10.1111/2041-210X.13578,METHODS IN ECOLOGY AND EVOLUTION,2021,1,1,1,1,Integrating automated acoustic vocalization data and point count surveys for estimation of bird abundance,"Doser, Jeffrey W.; Finley, Andrew O.; Weed, Aaron S.; Zipkin, Elise F.",12,1040,1049,1520025f92ee60d753a99935fbe62423
112,10.1111/2041-210X.13082,METHODS IN ECOLOGY AND EVOLUTION,2019,1,1,1,1,Model selection with overdispersed distance sampling data,"Howe, Eric J.; Buckland, Stephen T.; Despres-Einspenner, Marie-Lyne; Kuehl, Hjalmar S.",10,38,47,1db4851b552c2a3e80c33af1414001f8
113,10.1111/2041-210X.13026,METHODS IN ECOLOGY AND EVOLUTION,2018,1,0,NA,0,"Detection errors in wildlife abundance estimates from Unmanned Aerial Systems (UAS) surveys: Synthesis, solutions, and challenges","Brack, Ismael V.; Kindel, Andreas; Oliveira, Luiz Flamarion B.",9,1864,1873,118972448abd42f4247cbd39dbe8406c
114,10.1111/2041-210X.13762,METHODS IN ECOLOGY AND EVOLUTION,2022,1,0,NA,0,MetaComNet: A random forest-based framework for making spatial predictions of plant-pollinator interactions,"Sydenham, Markus A. K.; Venter, Zander S.; Reitan, Trond; Rasmussen, Claus; Skrindo, Astrid B.; Skoog, Daniel I. J.; Hanevik, Kaj-Andreas; Hegland, Stein Joar; Dupont, Yoko L.; Nielsen, Anders; Chipperfield, Joseph; Rusch, Graciela M.",13,500,513,99958b581a4ef9475c9c2c4b6f8a0fc4
115,10.1111/2041-210X.13993,METHODS IN ECOLOGY AND EVOLUTION,2022,1,1,1,1,Know what you don't know: Embracing state uncertainty in disease-structured multistate models,"Hollanders, Matthijs; Royle, J. Andrew",NA,NA,NA,7c6e1e13f76ea8e74c2bffa5fb3ce09c
116,10.1111/2041-210X.13277,METHODS IN ECOLOGY AND EVOLUTION,2019,1,0,NA,0,Improving the precision and accuracy of animal population estimates with aerial image object detection,"Eikelboom, Jasper A. J.; Wind, Johan; van de Ven, Eline; Kenana, Lekishon M.; Schroder, Bradley; de Knegt, Henrik J.; van Langevelde, Frank; Prins, Herbert H. T.",10,1875,1887,772905627ed540e6125162a178da1e6b
117,10.1111/2041-210X.13821,METHODS IN ECOLOGY AND EVOLUTION,2022,1,0,NA,0,Circular-linear copulae for animal movement data,"Hodel, Florian H.; Fieberg, John R.",13,1001,1013,3a2d12eae11f5778f4b9f0b5397afa4b
118,10.1111/2041-210X.12888,METHODS IN ECOLOGY AND EVOLUTION,2018,1,0,NA,0,A non-invasive method for sampling the body odour of mammals,"Weiss, Brigitte M.; Marcillo, Andrea; Manser, Marta; Holland, Ruben; Birkemeyer, Claudia; Widdig, Anja",9,420,429,580f33f8e7c37fa742e099a55700a4f4
119,10.1111/2041-210X.12895,METHODS IN ECOLOGY AND EVOLUTION,2018,1,1,1,1,Accounting for uncertainty in duplicate identification and group size judgements in mark-recapture distance sampling,"Hamilton, Olivia N. P.; Kincaid, Sophie E.; Constantine, Rochelle; Kozmian-Ledward, Lily; Walker, Cameron G.; Fewster, Rachel M.",9,354,362,ce61f010591f513704743f92606e4f64
120,10.1111/2041-210X.12900,METHODS IN ECOLOGY AND EVOLUTION,2018,1,1,0,0,A simplified mark-release-recapture protocol to improve the cost effectiveness of repeated population size quantification,"Turlure, Camille; Pe'er, Guy; Baguette, Michel; Schtickzelle, Nicolas",9,645,656,8cdbb0a7130e7bcae22e0b1c07baf83a
121,10.1111/2041-210X.12932,METHODS IN ECOLOGY AND EVOLUTION,2018,1,1,1,1,An open-population distance sampling framework for assessing population dynamics in group-dwelling species,"Schmidt, Joshua H.; Rattenbury, Kumi L.",9,936,945,aa57c95fea557c821938c0c044e2f21a
122,10.1111/2041-210X.13239,METHODS IN ECOLOGY AND EVOLUTION,2019,1,0,NA,0,Fast evaluation of study designs for spatially explicit capture-recapture,"Efford, Murray G.; Boulanger, John",10,1529,1535,970e1074ccc0f04e3837ab2bfa938c2d
123,10.1111/2041-210X.12847,METHODS IN ECOLOGY AND EVOLUTION,2018,1,0,NA,0,Quantifying apart what belongs together: A multi-state species distribution modelling framework for species using distinct habitats,"Frans, Veronica F.; Auge, Amelie A.; Edelhoff, Hendrik; Erasmi, Stefan; Balkenhol, Niko; Engler, Jan O.",9,98,108,3f88c6fda95b60d56f0366e1a75b017e
124,10.1111/2041-210X.13851,METHODS IN ECOLOGY AND EVOLUTION,2022,1,0,NA,0,Nearest neighbour distance matching Leave-One-Out Cross-Validation for map validation,"Mila, Carles; Mateu, Jorge; Pebesma, Edzer; Meyer, Hanna",13,1304,1316,f907c9dc0933bfd36897b3a403d03368
125,10.1111/2041-210X.13576,METHODS IN ECOLOGY AND EVOLUTION,2021,1,1,1,1,Robust ecological analysis of camera trap data labelled by a machine learning model,"Whytock, Robin C.; Swiezewski, Jedrzej; Zwerts, Joeri A.; Pambo, Aurelie Flore Koumba; Rogala, Marek; Bahaa-el-din, Laila; Boekee, Kelly; Brittain, Stephanie; Cardoso, Anabelle W.; Henschel, Philipp; Lehmann, David; Momboua, Brice; Opepa, Cisquet Kiebou; Orbell, Christopher; Pitman, Ross T.; Robinson, Hugh S.; Abernethy, Katharine A.",12,1080,1092,9a89b9d5f8b9e6cef9e7d7c2f22ed991
126,10.1111/2041-210X.13457,METHODS IN ECOLOGY AND EVOLUTION,2020,1,1,1,1,On the sampling design of spatially explicit integrated population models,"Zhao, Qing",11,1207,1220,5506da07fe773453cb4c690468708315
